
; 64tass Turbo Assembler Macro V1.60.3243 listing file
; 64tass.exe --nostart -L eth.lst -o eth.bin mega-ip/eth.asm
; Mon Aug 24 05:36:16 2026

;Offset	;Hex		;Monitor	;Source

;******  Processing input file: mega-ip/eth.asm


;******  Processing file: mega-ip/macros.asm


;******  Return to file: mega-ip/eth.asm


;******  Processing file: mega-ip/mega65.asm

=$d02f					MEGA65_IO_MODE          = $D02f
=$ffde800				MEGA65_TXRX_BUF         = $FFDE800
=$d6e0					MEGA65_ETH_CTRL1        = $D6E0
=$d6e1					MEGA65_ETH_CTRL2        = $D6E1
=$d6e2					MEGA65_ETH_TXSIZE_LSB   = $D6E2
=$d6e3					MEGA65_ETH_TXSIZE_MSB   = $D6E3
=$d6e4					MEGA65_ETH_COMMAND      = $D6E4
=$d6e5					MEGA65_ETH_CTRL3        = $D6E5
=$d6e9					MEGA65_ETH_MAC          = $D6E9
=$d6ef					MEGA65_ETH_DEBUG        = $D6EF
=$d7ef					MEGA65_HWRNG_RANDOM     = $D7EF
=$d7fa					MEGA65_FRAMECOUNT       = $D7FA
=$d7fe					MEGA65_HWRNG_STATUS     = $D7FE
=$80					MEGA65_HWRNG_NOT_READY  = $80
=$d011					MEGA65_VICII_CTRL1      = $D011
=$d012					MEGA65_VICII_RSTR_CMP   = $D012

;******  Return to file: mega-ip/eth.asm

=$02					TCP_FLAG_SYN                = $02
=$10					TCP_FLAG_ACK                = $10
=$08					TCP_FLAG_PSH                = $08
=$01					TCP_FLAG_FIN                = $01
=$04					TCP_FLAG_RST                = $04
=$00					ETH_STATE_DOWN              = $00
=$01					ETH_STATE_ARP_WAITING       = $01
=$00					TCP_STATE_CLOSED            = $00
=$02					TCP_STATE_SYN_SENT          = $02
=$03					TCP_STATE_SYN_RECEIVED      = $03
=$04					TCP_STATE_ESTABLISHED       = $04
=$05					TCP_STATE_FIN_WAIT_1        = $05
=$06					TCP_STATE_FIN_WAIT_2        = $06
=$07					TCP_STATE_CLOSE_WAIT        = $07
=$09					TCP_STATE_LAST_ACK          = $09
=$0a					TCP_STATE_TIME_WAIT         = $0a
=$01					CONN_CONNECTED              = %00000001     ; ESTABLISHED
=$02					CONN_FAILED                 = %00000010     ; handshake failed / RST / closed
=$04					CONN_IN_PROGRESS            = %00000100     ; we're working on it
=$08					CONN_ARP_WAIT               = %00001000     ; ARP request outstanding
=$10					CONN_SYN_SENT               = %00010000     ; SYN has been sent
=$01					EV_RST                      = %00000001     ; hard reset seen (peer RST)          [existing]
=$02					EV_PEER_FIN                 = %00000010     ; peer initiated close (we saw FIN)
=$04					EV_LOCAL_CLOSE              = %00000100     ; our FIN exchange completed
=$08					EV_TIMEWAIT_DONE            = %00001000     ; TIME_WAIT expired - CLOSED
=$10					EV_CONNECT_FAIL             = %00010000     ; SYN handshake failed / timeout
=$20					EV_TX_TIMEOUT               = %00100000     ; data retransmit retries exhausted
=$40					EV_BAD_SYNACK                = %01000000     ; SYN-SENT: got a SYN+ACK but its ACK didn't match CONNECT_EXPECT_ACK - dropped, not a true no-reply
=235					TCP_PAYLOAD_MAX             = 235
=236					TCP_PAYLOAD_PADDED_SIZE     = TCP_PAYLOAD_MAX + 1
=$00					TCP_RECV_WINDOW_CAP_LO      = $00          ; advertise at most 1024 bytes
=$04					TCP_RECV_WINDOW_CAP_HI      = $04          ; to avoid overrunning 45E100 RX FIFO
=128					DNS_HOST_BUFFER_SIZE        = 128
=127					DNS_HOST_MAX                = DNS_HOST_BUFFER_SIZE - 1
=$20					BANK1_WORKSPACE_LOW_HI      = $20          ; bank-1 offset $2000 -> physical $12000
=$f8					BANK1_COLOR_SHADOW_HI       = $f8          ; bank-1 offset $f800 -> physical $1f800
=60					CONNECT_SYN_RETRY_TICKS     = 60
=10					CONNECT_SYN_MAX_RETRIES     = 10
=10					TCP_TX_RETRY_TICKS          = 10
=5					TCP_TX_BUSY_RETRY_TICKS     = 5
=6					TCP_TX_MAX_RETRIES          = 6
=6					TIME_WAIT_TICK_FRAMES       = 6
=$01					IP_PROTO_ICMP               = $01
=$06					IP_PROTO_TCP                = $06
=$11					IP_PROTO_UDP                = $11
=$00					ICMP_TYPE_ECHO_REPLY        = $00
=$08					ICMP_TYPE_ECHO_REQUEST      = $08
=8					ETH_RCV_BURST_MAX           = 8
=$00					EXEC_BANK = $00  ; code is running from $42000
=$05					RING_BUFFER_BANK = $05
=$00					RING_BUFFER_BANK_HI = $00
=$0000					RING_BUFFER_BASE = $0000
=$0f					RING_BUFFER_PAGE_MASK = $0f          ; 16 pages x 256 bytes = 4 KB
=$1000					TCP_OOO_BUFFER_BASE = $1000          ; one saved out-of-order TCP segment in bank 5
=$fb					RBUF_PTR_LO = $fb
=$fc					RBUF_PTR_HI = $fc
=$fd					RBUF_PTR_BANK = $fd
=$fe					RBUF_PTR_TOP = $fe
=$2100					STATE_BLOCK_BASE = $2100
=$7600					ML_EXTENSION_TABLE_BASE = $7600
=$77c0					ML_CALL_STAGING_BASE = $77c0

;******  Processing file: mega-ip/api.asm

.2000	4c 1a 32	jmp $321a	    jmp ETH_INIT
.2003	4c ad 32	jmp $32ad	    jmp ETH_SET_GATEWAY_IP
.2006	4c 91 32	jmp $3291	    jmp ETH_SET_LOCAL_IP
.2009	4c b0 6d	jmp $6db0	    jmp ETH_SET_LOCAL_PORT
.200c	4c 9f 32	jmp $329f	    jmp ETH_SET_REMOTE_IP
.200f	4c c9 32	jmp $32c9	    jmp ETH_SET_REMOTE_PORT
.2012	4c bb 32	jmp $32bb	    jmp ETH_SET_SUBNET_MASK
.2015	4c de 32	jmp $32de	    jmp ETH_SET_CHAR_XLATE
.2018	4c 9d 35	jmp $359d	    jmp ETH_TCP_SEND
.201b	4c b6 35	jmp $35b6	    jmp ETH_TCP_SEND_STRING
.201e	4c fb 40	jmp $40fb	    jmp RBUF_GET
.2021	4c 61 35	jmp $3561	    jmp ETH_TCP_DISCONNECT
.2024	4c 75 4a	jmp $4a75	    jmp ETH_STATUS_POLL
.2027	4c e2 32	jmp $32e2	    jmp ETH_TCP_CONNECT_START
.202a	4c 3a 34	jmp $343a	    jmp ETH_CONNECT_POLL
.202d	4c f1 34	jmp $34f1	    jmp ETH_CONNECT_CANCEL
.2030	4c 7d 62	jmp $627d	    jmp ETH_DNS_LOOKUP
.2033	4c 8d 63	jmp $638d	    jmp ETH_GET_DNS_RESULT_IP
.2036	4c c6 62	jmp $62c6	    jmp ETH_GET_DNS_STATE
.2039	4c 27 35	jmp $3527	    jmp ETH_TCP_LISTEN_START
.203c	4c 5b 35	jmp $355b	    jmp ETH_TCP_LISTEN_STOP
.203f	4c 57 35	jmp $3557	    jmp ETH_ACCEPT_POLL
.2042	4c 5e 5a	jmp $5a5e	    jmp ETH_DHCP_START
.2045	4c e7 5a	jmp $5ae7	    jmp ETH_DHCP_POLL
.2048	4c 01 5b	jmp $5b01	    jmp ETH_GET_DHCP_STATE
.204b	4c d0 32	jmp $32d0	    jmp ETH_SET_PRIMARY_DNS
.204e	4c b7 6d	jmp $6db7	    jmp ETH_GET_LOCAL_IP
.2051	4c c4 6d	jmp $6dc4	    jmp ETH_GET_GATEWAY_IP
.2054	4c d1 6d	jmp $6dd1	    jmp ETH_GET_SUBNET_MASK
.2057	4c de 6d	jmp $6dde	    jmp ETH_GET_PRIMARY_DNS
.205a	4c eb 6d	jmp $6deb	    jmp ETH_GET_REMOTE_IP
.205d	4c f8 6d	jmp $6df8	    jmp ETH_TCP_FORCE_CLOSE
.2060	4c 34 6e	jmp $6e34	    jmp ETH_GET_ABI_INFO
.2063	4c 3d 6e	jmp $6e3d	    jmp ETH_DNS_START_ASTR
.2066	4c 54 6e	jmp $6e54	    jmp ETH_TCP_TX_IDLE

;******  Return to file: mega-ip/eth.asm

>2100	c0 a8 01 4b			LOCAL_IP:               .byte 192, 168, 1, 75
>2104	c0 00				LOCAL_PORT:             .byte $c0, $00              ; ephemeral port 49152
>2106	c0 a8 01 01			REMOTE_IP:              .byte 192, 168, 1, 1
>210a	00 17				REMOTE_PORT:            .byte $00, $17
>210c	c0 a8 01 01			GATEWAY_IP:             .byte 192, 168, 1, 1
>2110	ff ff ff 00			SUBNET_MASK:            .byte $ff, $ff, $ff, $00
>2114	08 08 08 08			PRIMARY_DNS:            .byte 8, 8, 8, 8
>2118	00				ETH_STATE:              .byte $00                   ; current state of ethernet
>2119	00				TCP_STATE:              .byte $00
>211a	00 00 00 00			REMOTE_ISN:             .byte $00, $00, $00, $00
>211e	00 00 00 00			LOCAL_ISN:              .byte $00, $00, $00, $00
>2122	00				LOCAL_ISN_TMP:          .byte $00                   ; temp values for seq number and ack number calcs
>2123	00 00				REMOTE_ISN_TMP:         .byte $00, $00
>2125	00				CONNECT_ACTIVE:         .byte $00                   ; 1 while a connect attempt is active
>2126	00				CONNECT_SYN_SENT:       .byte $00                   ; 1 after we transmit SYN
>2127	00				CONNECT_FAIL_LATCH:     .byte $00                   ; set by IRQ on RST/abort, polled/cleared in CONNECT_POLL
>2128	00				CONNECT_RETRY_TICKS:    .byte $00
>2129	00				CONNECT_RETRY_LEFT:     .byte $00
>212a	00				CONNECT_LAST_RASTER_LO: .byte $00
>212b	00				CONNECT_LAST_RASTER_HI: .byte $00
>212c	00 00 00 00			CONNECT_EXPECT_ACK:     .byte $00, $00, $00, $00
>2130	00 00 00 00			CONNECT_SYN_ISS:        .byte $00, $00, $00, $00
>2134	00 00				TCP_LISTEN_PORT:        .byte $00, $00              ; ---- Passive-accept (single slot) ----
>2136	00				TCP_LISTEN_STATE:       .byte $00                   ; 0=idle, 1=LISTEN, 2=SYN_RCVD
>2137	00				TCP_ACCEPT_FLAGS:       .byte $00                   ; bit0=accepted, bit1=fail
>2138	00				TCP_LISTEN_ENABLED:     .byte $00                   ; 0=off, 1=on
>2139	00 00 00 00			TCP_SYNACK_ISS:         .byte $00, $00, $00, $00
>213d	00				RX_COPY_REM_LO:         .byte 0
>213e	00				RX_COPY_REM_HI:         .byte 0
>213f	00				RX_CONSUMED_LO:         .byte 0
>2140	00				RX_CONSUMED_HI:         .byte 0
>2141	00				SKIP_LO:                .byte 0
>2142	00				SKIP_HI:                .byte 0
>2143	00				OFF_LO:                 .byte 0
>2144	00				OFF_HI:                 .byte 0
>2145	00				ETH_RX_TCP_FLAGS:       .byte $00                   ; recieved tcp pack flags
>2146	00				ETH_TX_LEN_LSB:         .byte $00
>2147	00				ETH_TX_LEN_MSB:         .byte $00
>2148	00				ETH_RX_FRAME_LEN_L:     .byte $00                   ; copied Ethernet frame length, excluding FCS
>2149	00				ETH_RX_FRAME_LEN_H:     .byte $00
>214a	00				ETH_RX_PAYLOAD_LEN_L:   .byte $00                   ; copied Ethernet payload length, excluding header/FCS
>214b	00				ETH_RX_PAYLOAD_LEN_H:   .byte $00
>214c	58				TIME_WAIT_COUNTER_LO:   .byte $58                   ; 2*MSL = 60 s -> 600 ticks of 100 ms -> 0x0258
>214d	02				TIME_WAIT_COUNTER_HI:   .byte $02
>214e	06				TIME_WAIT_FRAME_TICKS:  .byte TIME_WAIT_TICK_FRAMES
>214f	00				TIME_WAIT_LAST_RASTER_LO: .byte $00
>2150	00				TIME_WAIT_LAST_RASTER_HI: .byte $00
>2151	00				CHARACTER_MODE:         .byte $00                   ; $00 = C= gfx (no translation), $01 = ASCII->PETSCII
>2152	00				ACK_REPLY_PENDING:      .byte 0
>2153	00				ACK_REPLY_LEN_L:        .byte 0
>2154	00				ACK_REPLY_LEN_H:        .byte 0
>2155	00 00 00 00 00 00 00 00		ACK_REPLY_PACKET:       .fill 60, $00               ; 60 bytes is enough (14+20+20), 60 gives slack
>215d	00 00 00 00 00 00 00 00 00 00 00 00 00 00 00 00
;	...repeated 2 times (32 bytes)...
>218d	00 00 00 00
>2191	00				RBUF_HEAD_LO:           .byte 0
>2192	00				RBUF_HEAD_HI:           .byte 0                     ; 0..15
>2193	00				RBUF_TAIL_LO:           .byte 0
>2194	00				RBUF_TAIL_HI:           .byte 0                     ; 0..15
>2195	00				TMP_TAIL_LO:            .byte 0
>2196	00				TMP_TAIL_HI:            .byte 0
>2197	00				TMP_HEAD_LO:            .byte 0
>2198	00				TMP_HEAD_HI:            .byte 0
>2199	00				NEXT_LO:                .byte 0
>219a	00				NEXT_HI:                .byte 0
>219b	00				HLO:                    .byte 0
>219c	00				HHI:                    .byte 0
>219d	00				FREE_LO:                .byte 0
>219e	00				FREE_HI:                .byte 0
>219f	00				ADV_WINDOW_LAST_LO:     .byte 0
>21a0	00				ADV_WINDOW_LAST_HI:     .byte 0
>21a1	00 00 00 00			SEG_SEQ:                .byte 0,0,0,0
>21a5	00 00 00 00			SEG_ACK:                .byte 0,0,0,0
>21a9	00				TCP_OOO_VALID:          .byte 0
>21aa	00				TCP_OOO_FLAGS:          .byte 0
>21ab	00 00 00 00			TCP_OOO_SEQ:            .byte 0,0,0,0
>21af	00 00				TCP_OOO_LEN:            .byte 0,0
>21b1	00				RX_META0:               .byte $00
>21b2	00				RX_META1:               .byte $00
>21b3	00				ETH_RCV_BURST_LEFT:     .byte $00
>21b4	00				tmp_raster:             .byte 0
>21b5	00 00 00 00 00 00 00 00		host_str:               .fill DNS_HOST_BUFFER_SIZE, $00
>21bd	00 00 00 00 00 00 00 00 00 00 00 00 00 00 00 00
;	...repeated 6 times (96 bytes)...
>222d	00 00 00 00 00 00 00 00
.2235					ETH_TX_FRAME_HEADER:
.2235					ETH_TX_FRAME_DEST_MAC:
>2235	ff ff ff ff ff ff		    .byte $ff, $ff, $ff, $ff, $ff, $ff
.223b					ETH_TX_FRAME_SRC_MAC:
>223b	00 00 00 00 00 00		    .byte $00, $00, $00, $00, $00, $00
.2241					ETH_TX_TYPE:
>2241	08 06				    .byte $08, $06
.2243					ETH_TX_FRAME_PAYLOAD:
>2243	00 00 00 00 00 00 00 00		    .fill 1600, $00
>224b	00 00 00 00 00 00 00 00 00 00 00 00 00 00 00 00
;	...repeated 98 times (1568 bytes)...
>287b	00 00 00 00 00 00 00 00
.2883					ETH_RX_FRAME_HEADER:
.2883					ETH_RX_FRAME_DEST_MAC:
>2883	00 00 00 00 00 00		    .byte $00, $00, $00, $00, $00, $00
.2889					ETH_RX_FRAME_SRC_MAC:
>2889	00 00 00 00 00 00		    .byte $00, $00, $00, $00, $00, $00
.288f					ETH_RX_TYPE:
>288f	00 00				    .byte $00, $00
.2891					ETH_RX_FRAME_PAYLOAD:
>2891	00 00 00 00 00 00 00 00		    .fill 1600, $00
>2899	00 00 00 00 00 00 00 00 00 00 00 00 00 00 00 00
;	...repeated 98 times (1568 bytes)...
>2ec9	00 00 00 00 00 00 00 00
.2ed1					RX_CANARY:
>2ed1	c3 3c				    .byte $C3, $3C  ; should never change!!
.2ed3					TCP_RX_DATA_PAYLOAD_SIZE:
>2ed3	00 00				    .byte $00, $00
>2ed5	00				TXQ_HEAD:               .byte 0
>2ed6	00				TXQ_TAIL:               .byte 0
>2ed7	00				TXQ_COUNT:              .byte 0
>2ed8	00				TXQ_NEW_COUNT:          .byte 0
>2ed9	00				TXQ_ENQ_LEN:            .byte 0
>2eda	00				TXQ_SEND_LEN:           .byte 0
>2edb	00				TXQ_SCAN:               .byte 0
>2edc	00				TX_UNACK_PENDING:       .byte 0
>2edd	00				TX_UNACK_LEN:           .byte 0
>2ede	00				TX_UNACK_RETRY_TICKS:   .byte 0
>2edf	00				TX_UNACK_RETRY_LEFT:    .byte 0
>2ee0	00				TCP_TX_LAST_RASTER_LO:  .byte 0
>2ee1	00				TCP_TX_LAST_RASTER_HI:  .byte 0
>2ee2	00				NET_TICK_LO:             .byte 0
>2ee3	00				NET_TICK_HI:              .byte 0
>2ee4	00				NET_TICK_LAST_RASTER_LO:  .byte 0
>2ee5	00				NET_TICK_LAST_RASTER_HI:  .byte 0
>2ee6	00				TX_SEND_TICK_LO:          .byte 0
>2ee7	00				TX_SEND_TICK_HI:          .byte 0
>2ee8	00				TCP_LAST_RTT:             .byte 0
>2ee9	00				TCP_LAST_RETRIES_USED:    .byte 0
>2eea	00 00 00 00			TX_UNACK_SEQ:           .byte 0,0,0,0
>2eee	00 00 00 00			TX_UNACK_EXPECT_ACK:    .byte 0,0,0,0
>2ef2	00 00 00 00			TX_SAVE_LOCAL_ISN:      .byte 0,0,0,0
>2ef6	00				TCP_PEER_MAC_VALID:     .byte 0
>2ef7	00 00 00 00 00 00		TCP_PEER_MAC:           .byte 0,0,0,0,0,0
>2efd	00 00				TCP_RST_SAVE_LOCAL_PORT:  .byte 0,0
>2eff	00 00				TCP_RST_SAVE_REMOTE_PORT: .byte 0,0
>2f01	00 00 00 00			TCP_RST_SAVE_REMOTE_IP:   .byte 0,0,0,0
>2f05	00 00 00 00			TCP_RST_SAVE_LOCAL_ISN:   .byte 0,0,0,0
>2f09	00 00 00 00			TCP_RST_SAVE_REMOTE_ISN:  .byte 0,0,0,0
>2f0d	00 00				TCP_RST_SAVE_TX_LEN:      .byte 0,0
>2f0f	00 00				TCP_RST_SAVE_RX_LEN:      .byte 0,0
>2f11	00				TCP_RST_SAVE_BUMP:        .byte 0
>2f12	00				TCP_RST_TCP_OFF:          .byte 0
>2f13	00				TCP_RST_REPLY_FLAGS:      .byte 0
.2f14					TX_APP_QUEUE:
>2f14	00 00 00 00 00 00 00 00		    .fill 256, $00
>2f1c	00 00 00 00 00 00 00 00 00 00 00 00 00 00 00 00
;	...repeated 14 times (224 bytes)...
>300c	00 00 00 00 00 00 00 00
.3014					TX_UNACK_PAYLOAD:
>3014	00 00 00 00 00 00 00 00		    .fill TCP_PAYLOAD_MAX, $00
>301c	00 00 00 00 00 00 00 00 00 00 00 00 00 00 00 00
;	...repeated 13 times (208 bytes)...
>30fc	00 00 00
.30ff					TCP_DATA_PAYLOAD_SIZE:
>30ff	00				.byte $00
>3100	00				.byte $00
.3101					TCP_HEADER_SIZE:
>3101	00				.byte $00
.3102					TCP_DATA_PAYLOAD_WORD_COUNT:
>3102	00				.byte $00
.3103					TCP_PSEUDO_HDR:
>3103	00 00 00 00 00 00 00 00		.byte $00, $00, $00, $00, $00, $00, $00, $00, $00, $00, $00, $00
>310b	00 00 00 00
.310f					TCP_HDR:
>310f	00 00				TCP_HDR_SRC_PORT:   .byte $00, $00
>3111	00 00				TCP_HDR_DST_PORT:   .byte $00, $00
>3113	00 00 00 00			TCP_HDR_SEQ_NUM:    .byte $00, $00, $00, $00
>3117	00 00 00 00			TCP_HDR_ACK_NUM:    .byte $00, $00, $00, $00
>311b	00 00				TCP_HDR_FLGS_OFFS:  .byte $00, $00
>311d	00 00				TCP_HDR_WINDOW:     .byte $00, $00
>311f	00 00				TCP_HDR_CHKSM:      .byte $00, $00
>3121	00 00				TCP_HDR_URGNT:      .byte $00, $00
.3123					TCP_DATA_PAYLOAD:
>3123	00 00 00 00 00 00 00 00		.byte $00, $00, $00, $00, $00, $00, $00, $00, $00, $00, $00, $00, $00, $00, $00, $00
>312b	00 00 00 00 00 00 00 00
>3133	00 00 00 00 00 00 00 00		.byte $00, $00, $00, $00, $00, $00, $00, $00, $00, $00, $00, $00, $00, $00, $00, $00
>313b	00 00 00 00 00 00 00 00
>3143	00 00 00 00 00 00 00 00		.byte $00, $00, $00, $00, $00, $00, $00, $00, $00, $00, $00, $00, $00, $00, $00, $00
>314b	00 00 00 00 00 00 00 00
>3153	00 00 00 00 00 00 00 00		.byte $00, $00, $00, $00, $00, $00, $00, $00, $00, $00, $00, $00, $00, $00, $00, $00
>315b	00 00 00 00 00 00 00 00
>3163	00 00 00 00 00 00 00 00		.byte $00, $00, $00, $00, $00, $00, $00, $00, $00, $00, $00, $00, $00, $00, $00, $00
>316b	00 00 00 00 00 00 00 00
>3173	00 00 00 00 00 00 00 00		.byte $00, $00, $00, $00, $00, $00, $00, $00, $00, $00, $00, $00, $00, $00, $00, $00
>317b	00 00 00 00 00 00 00 00
>3183	00 00 00 00 00 00 00 00		.byte $00, $00, $00, $00, $00, $00, $00, $00, $00, $00, $00, $00, $00, $00, $00, $00
>318b	00 00 00 00 00 00 00 00
>3193	00 00 00 00 00 00 00 00		.byte $00, $00, $00, $00, $00, $00, $00, $00, $00, $00, $00, $00, $00, $00, $00, $00
>319b	00 00 00 00 00 00 00 00
>31a3	00 00 00 00 00 00 00 00		.byte $00, $00, $00, $00, $00, $00, $00, $00, $00, $00, $00, $00, $00, $00, $00, $00
>31ab	00 00 00 00 00 00 00 00
>31b3	00 00 00 00 00 00 00 00		.byte $00, $00, $00, $00, $00, $00, $00, $00, $00, $00, $00, $00, $00, $00, $00, $00
>31bb	00 00 00 00 00 00 00 00
>31c3	00 00 00 00 00 00 00 00		.byte $00, $00, $00, $00, $00, $00, $00, $00, $00, $00, $00, $00, $00, $00, $00, $00
>31cb	00 00 00 00 00 00 00 00
>31d3	00 00 00 00 00 00 00 00		.byte $00, $00, $00, $00, $00, $00, $00, $00, $00, $00, $00, $00, $00, $00, $00, $00
>31db	00 00 00 00 00 00 00 00
>31e3	00 00 00 00 00 00 00 00		.byte $00, $00, $00, $00, $00, $00, $00, $00, $00, $00, $00, $00, $00, $00, $00, $00
>31eb	00 00 00 00 00 00 00 00
>31f3	00 00 00 00 00 00 00 00		.byte $00, $00, $00, $00, $00, $00, $00, $00, $00, $00, $00, $00, $00, $00, $00, $00
>31fb	00 00 00 00 00 00 00 00
>3203	00 00 00 00 00 00 00 00		.byte $00, $00, $00, $00, $00, $00, $00, $00, $00, $00, $00
>320b	00 00 00
.320e					TCP_DATA_PAYLOAD_PAD:
>320e	00				.byte $00
.320f					MEGA65_IO_ENABLE:
.320f	a9 47		lda #$47	    lda #$47
.3211	8d 2f d0	sta $d02f	    sta MEGA65_IO_MODE
.3214	a9 53		lda #$53	    lda #$53
.3216	8d 2f d0	sta $d02f	    sta MEGA65_IO_MODE
.3219	60		rts		    rts
.321a					ETH_INIT:
.321a	08		php		    php
.321b	78		sei		    sei
.321c	20 0f 32	jsr $320f	    jsr MEGA65_IO_ENABLE
.321f	ad e5 d6	lda $d6e5	    lda MEGA65_ETH_CTRL3
.3222	29 df		and #$df	    and #%11011111        ; clear bit5 (MCST=0 -> no multicast)
.3224	09 11		ora #$11	    ora #%00010001        ; set bit4 (BCST=1) and bit0 (NOPROM=1)
.3226	8d e5 d6	sta $d6e5	    sta MEGA65_ETH_CTRL3
.3229	4c 40 32	jmp $3240	    jmp _more
.322c					_ahead:
.322c	ad e5 d6	lda $d6e5	    lda MEGA65_ETH_CTRL3
.322f	29 f3		and #$f3	    and #%11110011          ; clear bits 3 and 2
.3231	09 04		ora #$04	    ora #%00000100          ; set bit 2
.3233	8d e5 d6	sta $d6e5	    sta MEGA65_ETH_CTRL3
.3236	ad e5 d6	lda $d6e5	    lda MEGA65_ETH_CTRL3    ; read current value
.3239	29 3f		and #$3f	    and #%00111111          ; clear bits 6 and 7
.323b	09 40		ora #$40	    ora #%01000000          ; set bit 6
.323d	8d e5 d6	sta $d6e5	    sta MEGA65_ETH_CTRL3    ; write it back
.3240					_more:
.3240	ad e9 d6	lda $d6e9	    lda MEGA65_ETH_MAC+0
.3243	8d 3b 22	sta $223b	    sta ETH_TX_FRAME_SRC_MAC+0
.3246	ad ea d6	lda $d6ea	    lda MEGA65_ETH_MAC+1
.3249	8d 3c 22	sta $223c	    sta ETH_TX_FRAME_SRC_MAC+1
.324c	ad eb d6	lda $d6eb	    lda MEGA65_ETH_MAC+2
.324f	8d 3d 22	sta $223d	    sta ETH_TX_FRAME_SRC_MAC+2
.3252	ad ec d6	lda $d6ec	    lda MEGA65_ETH_MAC+3
.3255	8d 3e 22	sta $223e	    sta ETH_TX_FRAME_SRC_MAC+3
.3258	ad ed d6	lda $d6ed	    lda MEGA65_ETH_MAC+4
.325b	8d 3f 22	sta $223f	    sta ETH_TX_FRAME_SRC_MAC+4
.325e	ad ee d6	lda $d6ee	    lda MEGA65_ETH_MAC+5
.3261	8d 40 22	sta $2240	    sta ETH_TX_FRAME_SRC_MAC+5
.3264	a9 00		lda #$00	    lda #$00
.3266	8d e0 d6	sta $d6e0	    sta MEGA65_ETH_CTRL1
.3269	20 f9 42	jsr $42f9	    jsr ETH_WAIT_100MS
.326c	a9 03		lda #$03	    lda #$03
.326e	8d e0 d6	sta $d6e0	    sta MEGA65_ETH_CTRL1
.3271	20 f9 42	jsr $42f9	    jsr ETH_WAIT_100MS
.3274	a9 03		lda #$03	    lda #$03
.3276	8d e1 d6	sta $d6e1	    sta MEGA65_ETH_CTRL2
.3279	a9 00		lda #$00	    lda #$00
.327b	8d e1 d6	sta $d6e1	    sta MEGA65_ETH_CTRL2
.327e	a9 28		lda #$28	    lda #40
.3280	8d 90 32	sta $3290	    sta _loop_ctr
.3283					_loop_delay
.3283	20 f9 42	jsr $42f9	    jsr ETH_WAIT_100MS
.3286	ce 90 32	dec $3290	    dec _loop_ctr
.3289	d0 f8		bne $3283	    bne _loop_delay
.328b					_clear_buffer:
.328b	20 ac 6e	jsr $6eac	    jsr ETH_CLEAR_DRIVER_STATE
.328e	28		plp		    plp
.328f	60		rts		    rts
.3290					_loop_ctr:
>3290	00				    .byte $00
.3291					ETH_SET_LOCAL_IP:
.3291	8d 00 21	sta $2100	    sta LOCAL_IP+0
.3294	8e 01 21	stx $2101	    stx LOCAL_IP+1
.3297	8c 02 21	sty $2102	    sty LOCAL_IP+2
.329a	6b		tza		    tza
.329b	8d 03 21	sta $2103	    sta LOCAL_IP+3
.329e	60		rts		    rts
.329f					ETH_SET_REMOTE_IP:
.329f	8d 06 21	sta $2106	    sta REMOTE_IP+0
.32a2	8e 07 21	stx $2107	    stx REMOTE_IP+1
.32a5	8c 08 21	sty $2108	    sty REMOTE_IP+2
.32a8	6b		tza		    tza
.32a9	8d 09 21	sta $2109	    sta REMOTE_IP+3
.32ac	60		rts		    rts
.32ad					ETH_SET_GATEWAY_IP:
.32ad	8d 0c 21	sta $210c	    sta GATEWAY_IP+0
.32b0	8e 0d 21	stx $210d	    stx GATEWAY_IP+1
.32b3	8c 0e 21	sty $210e	    sty GATEWAY_IP+2
.32b6	6b		tza		    tza
.32b7	8d 0f 21	sta $210f	    sta GATEWAY_IP+3
.32ba	60		rts		    rts
.32bb					ETH_SET_SUBNET_MASK:
.32bb	8d 10 21	sta $2110	    sta SUBNET_MASK+0
.32be	8e 11 21	stx $2111	    stx SUBNET_MASK+1
.32c1	8c 12 21	sty $2112	    sty SUBNET_MASK+2
.32c4	6b		tza		    tza
.32c5	8d 13 21	sta $2113	    sta SUBNET_MASK+3
.32c8	60		rts		    rts
.32c9					ETH_SET_REMOTE_PORT:
.32c9	8d 0a 21	sta $210a	    sta REMOTE_PORT+0
.32cc	8e 0b 21	stx $210b	    stx REMOTE_PORT+1
.32cf	60		rts		    rts
.32d0					ETH_SET_PRIMARY_DNS:
.32d0	8d 14 21	sta $2114	    sta PRIMARY_DNS+0
.32d3	8e 15 21	stx $2115	    stx PRIMARY_DNS+1
.32d6	8c 16 21	sty $2116	    sty PRIMARY_DNS+2
.32d9	6b		tza		    tza
.32da	8d 17 21	sta $2117	    sta PRIMARY_DNS+3
.32dd	60		rts		    rts
.32de					ETH_SET_CHAR_XLATE:
.32de	8d 51 21	sta $2151	    sta CHARACTER_MODE
.32e1	60		rts		    rts
.32e2					ETH_TCP_CONNECT_START:
.32e2	ad 19 21	lda $2119	    lda TCP_STATE
.32e5	c9 04		cmp #$04	    cmp #TCP_STATE_ESTABLISHED
.32e7	f0 7f		beq $3368	    beq _already_up
.32e9	ad 25 21	lda $2125	    lda CONNECT_ACTIVE
.32ec	d0 7d		bne $336b	    bne _report_only
.32ee	ad 05 21	lda $2105	    lda LOCAL_PORT+1
.32f1	18		clc		    clc
.32f2	69 01		adc #$01	    adc #$01
.32f4	8d 05 21	sta $2105	    sta LOCAL_PORT+1
.32f7	ad 04 21	lda $2104	    lda LOCAL_PORT+0
.32fa	69 00		adc #$00	    adc #$00
.32fc	8d 04 21	sta $2104	    sta LOCAL_PORT+0
.32ff	20 b7 48	jsr $48b7	    jsr CLEAR_TCP_PAYLOAD
.3302	20 1d 6a	jsr $6a1d	    jsr TCP_TX_RESET
.3305	20 a2 48	jsr $48a2	    jsr CLEAR_REMOTE_ISN
.3308	20 fb 3b	jsr $3bfb	    jsr TCP_OOO_CLEAR
.330b	20 d0 41	jsr $41d0	    jsr TCP_SEED_LOCAL_ISN
.330e	a9 00		lda #$00	    lda #TCP_STATE_CLOSED
.3310	8d 19 21	sta $2119	    sta TCP_STATE
.3313	a9 00		lda #$00	    lda #$00
.3315	8d 45 21	sta $2145	    sta ETH_RX_TCP_FLAGS
.3318	8d 27 21	sta $2127	    sta CONNECT_FAIL_LATCH
.331b	8d 26 21	sta $2126	    sta CONNECT_SYN_SENT
.331e	8d 28 21	sta $2128	    sta CONNECT_RETRY_TICKS
.3321	8d 2a 21	sta $212a	    sta CONNECT_LAST_RASTER_LO
.3324	8d 2b 21	sta $212b	    sta CONNECT_LAST_RASTER_HI
.3327	8d 3d 4a	sta $4a3d	    sta TCP_EVENT_FLAG
.332a	8d 79 6f	sta $6f79	    sta CONNECT_LAST_RX_DEST_CLASS
.332d	a9 01		lda #$01	    lda #$01
.332f	8d 25 21	sta $2125	    sta CONNECT_ACTIVE
.3332	a9 0a		lda #$0a	    lda #CONNECT_SYN_MAX_RETRIES
.3334	8d 29 21	sta $2129	    sta CONNECT_RETRY_LEFT
.3337	20 6e 33	jsr $336e	    jsr CONNECT_SET_ARP_QUERY
.333a					_query_cache:
.333a	20 f7 4e	jsr $4ef7	    jsr ARP_QUERY_CACHE
.333d	f0 08		beq $3347	    beq _need_arp
.333f	20 e0 33	jsr $33e0	    jsr CONNECT_SEND_SYN
.3342	b0 19		bcs $335d	    bcs _syn_send_busy
.3344	a9 14		lda #$14	    lda #CONN_IN_PROGRESS|CONN_SYN_SENT
.3346	60		rts		    rts
.3347					_need_arp:
.3347	a9 01		lda #$01	    lda #ETH_STATE_ARP_WAITING
.3349	8d 18 21	sta $2118	    sta ETH_STATE
.334c	a2 03		ldx #$03	    ldx #$03
.334e					_cpy_arp:
.334e	bd f3 4e	lda $4ef3,x	    lda ARP_QUERY_IP,x
.3351	9d 0d 4c	sta $4c0d,x	    sta ARP_REQUEST_IP,x
.3354	ca		dex		    dex
.3355	10 f7		bpl $334e	    bpl _cpy_arp
.3357	20 11 4c	jsr $4c11	    jsr ARP_REQUEST
.335a	a9 0c		lda #$0c	    lda #CONN_IN_PROGRESS|CONN_ARP_WAIT
.335c	60		rts		    rts
.335d					_syn_send_busy:
.335d	a9 05		lda #$05	    lda #TCP_TX_BUSY_RETRY_TICKS
.335f	8d 28 21	sta $2128	    sta CONNECT_RETRY_TICKS
.3362	20 8b 33	jsr $338b	    jsr CONNECT_STAMP_TIMER
.3365	a9 04		lda #$04	    lda #CONN_IN_PROGRESS
.3367	60		rts		    rts
.3368					_already_up:
.3368	a9 01		lda #$01	    lda #CONN_CONNECTED
.336a	60		rts		    rts
.336b					_report_only:
.336b	4c 3a 34	jmp $343a	    jmp ETH_CONNECT_POLL          ; reuse the polling logic to build A
.336e					CONNECT_SET_ARP_QUERY:
.336e	20 12 43	jsr $4312	    jsr ETH_CHECK_SAME_NET
.3371	d0 0c		bne $337f	    bne _connect_use_remote
.3373	a2 03		ldx #$03	    ldx #$03
.3375					_connect_cpy_gw:
.3375	bd 0c 21	lda $210c,x	    lda GATEWAY_IP,x
.3378	9d f3 4e	sta $4ef3,x	    sta ARP_QUERY_IP,x
.337b	ca		dex		    dex
.337c	10 f7		bpl $3375	    bpl _connect_cpy_gw
.337e	60		rts		    rts
.337f					_connect_use_remote:
.337f	a2 03		ldx #$03	    ldx #$03
.3381					_connect_cpy_rem:
.3381	bd 06 21	lda $2106,x	    lda REMOTE_IP,x
.3384	9d f3 4e	sta $4ef3,x	    sta ARP_QUERY_IP,x
.3387	ca		dex		    dex
.3388	10 f7		bpl $3381	    bpl _connect_cpy_rem
.338a	60		rts		    rts
.338b					CONNECT_STAMP_TIMER:
.338b	20 9b 4f	jsr $4f9b	    jsr ARP_READ_RASTER
.338e	ad 0b 4c	lda $4c0b	    lda ARP_CUR_RASTER_LO
.3391	8d 2a 21	sta $212a	    sta CONNECT_LAST_RASTER_LO
.3394	ad 0c 4c	lda $4c0c	    lda ARP_CUR_RASTER_HI
.3397	8d 2b 21	sta $212b	    sta CONNECT_LAST_RASTER_HI
.339a	60		rts		    rts
.339b					CONNECT_SET_EXPECT_FROM_SYN_ISS:
.339b	a2 00		ldx #$00	    ldx #$00
.339d					_expect_copy:
.339d	bd 30 21	lda $2130,x	    lda CONNECT_SYN_ISS,x
.33a0	9d 2c 21	sta $212c,x	    sta CONNECT_EXPECT_ACK,x
.33a3	e8		inx		    inx
.33a4	e0 04		cpx #$04	    cpx #$04
.33a6	d0 f5		bne $339d	    bne _expect_copy
.33a8	ee 2f 21	inc $212f	    inc CONNECT_EXPECT_ACK+3
.33ab	d0 0d		bne $33ba	    bne _expect_done
.33ad	ee 2e 21	inc $212e	    inc CONNECT_EXPECT_ACK+2
.33b0	d0 08		bne $33ba	    bne _expect_done
.33b2	ee 2d 21	inc $212d	    inc CONNECT_EXPECT_ACK+1
.33b5	d0 03		bne $33ba	    bne _expect_done
.33b7	ee 2c 21	inc $212c	    inc CONNECT_EXPECT_ACK+0
.33ba					_expect_done:
.33ba	60		rts		    rts
.33bb					CONNECT_PREPARE_SYN_ISN:
.33bb	ad 26 21	lda $2126	    lda CONNECT_SYN_SENT
.33be	f0 10		beq $33d0	    beq _capture_syn_iss
.33c0	a2 00		ldx #$00	    ldx #$00
.33c2					_restore_syn_iss:
.33c2	bd 30 21	lda $2130,x	    lda CONNECT_SYN_ISS,x
.33c5	9d 1e 21	sta $211e,x	    sta LOCAL_ISN,x
.33c8	e8		inx		    inx
.33c9	e0 04		cpx #$04	    cpx #$04
.33cb	d0 f5		bne $33c2	    bne _restore_syn_iss
.33cd	4c 9b 33	jmp $339b	    jmp CONNECT_SET_EXPECT_FROM_SYN_ISS
.33d0					_capture_syn_iss:
.33d0	a2 00		ldx #$00	    ldx #$00
.33d2					_capture_syn_loop:
.33d2	bd 1e 21	lda $211e,x	    lda LOCAL_ISN,x
.33d5	9d 30 21	sta $2130,x	    sta CONNECT_SYN_ISS,x
.33d8	e8		inx		    inx
.33d9	e0 04		cpx #$04	    cpx #$04
.33db	d0 f5		bne $33d2	    bne _capture_syn_loop
.33dd	4c 9b 33	jmp $339b	    jmp CONNECT_SET_EXPECT_FROM_SYN_ISS
.33e0					CONNECT_SEND_SYN:
.33e0	20 bb 33	jsr $33bb	    jsr CONNECT_PREPARE_SYN_ISN
.33e3	a9 02		lda #$02	    lda #TCP_FLAG_SYN
.33e5	20 32 43	jsr $4332	    jsr ETH_BUILD_TCPIP_PACKET
.33e8	b0 1c		bcs $3406	    bcs _connect_syn_not_sent
.33ea	20 94 42	jsr $4294	    jsr ETH_PACKET_SEND
.33ed	b0 17		bcs $3406	    bcs _connect_syn_not_sent
.33ef	20 54 65	jsr $6554	    jsr TCP_SAVE_PEER_MAC
.33f2	a9 01		lda #$01	    lda #$01
.33f4	8d 26 21	sta $2126	    sta CONNECT_SYN_SENT
.33f7	a9 02		lda #$02	    lda #TCP_STATE_SYN_SENT
.33f9	8d 19 21	sta $2119	    sta TCP_STATE
.33fc	a9 3c		lda #$3c	    lda #CONNECT_SYN_RETRY_TICKS
.33fe	8d 28 21	sta $2128	    sta CONNECT_RETRY_TICKS
.3401	20 8b 33	jsr $338b	    jsr CONNECT_STAMP_TIMER
.3404	18		clc		    clc
.3405	60		rts		    rts
.3406					_connect_syn_not_sent:
.3406	38		sec		    sec
.3407	60		rts		    rts
.3408					CONNECT_SYN_TICK:
.3408	20 48 6f	jsr $6f48	    jsr CONNECT_FRAME_WRAP_TICK
.340b	90 08		bcc $3415	    bcc _connect_syn_wait
.340d	ad 28 21	lda $2128	    lda CONNECT_RETRY_TICKS
.3410	f0 05		beq $3417	    beq _connect_syn_expired
.3412	ce 28 21	dec $2128	    dec CONNECT_RETRY_TICKS
.3415					_connect_syn_wait:
.3415	18		clc		    clc
.3416	60		rts		    rts
.3417					_connect_syn_expired:
.3417	ad 29 21	lda $2129	    lda CONNECT_RETRY_LEFT
.341a	f0 14		beq $3430	    beq _connect_syn_timeout
.341c	20 e0 33	jsr $33e0	    jsr CONNECT_SEND_SYN
.341f	b0 05		bcs $3426	    bcs _connect_syn_retry_not_sent
.3421	ce 29 21	dec $2129	    dec CONNECT_RETRY_LEFT
.3424	18		clc		    clc
.3425	60		rts		    rts
.3426					_connect_syn_retry_not_sent:
.3426	a9 05		lda #$05	    lda #TCP_TX_BUSY_RETRY_TICKS
.3428	8d 28 21	sta $2128	    sta CONNECT_RETRY_TICKS
.342b	20 8b 33	jsr $338b	    jsr CONNECT_STAMP_TIMER
.342e	18		clc		    clc
.342f	60		rts		    rts
.3430					_connect_syn_timeout:
.3430	ad 3d 4a	lda $4a3d	    lda TCP_EVENT_FLAG
.3433	09 10		ora #$10	    ora #EV_CONNECT_FAIL
.3435	8d 3d 4a	sta $4a3d	    sta TCP_EVENT_FLAG
.3438	38		sec		    sec
.3439	60		rts		    rts
.343a					ETH_CONNECT_POLL:
.343a	20 a5 63	jsr $63a5	    jsr ETH_RCV
.343d	20 8c 36	jsr $368c	    jsr ETH_PROCESS_DEFERRED
.3440	20 aa 4f	jsr $4faa	    jsr ARP_RETRY_TICK
.3443	20 6b 54	jsr $546b	    jsr DNS_TICK
.3446	ad 25 21	lda $2125	    lda CONNECT_ACTIVE
.3449	f3 99 00	beq $34e4	    beq _not_connecting
.344c	ad 27 21	lda $2127	    lda CONNECT_FAIL_LATCH
.344f	f0 03		beq $3454	    beq _chk_state
.3451	4c c5 34	jmp $34c5	    jmp _fail
.3454					_chk_state:
.3454	ad 19 21	lda $2119	    lda TCP_STATE
.3457	c9 04		cmp #$04	    cmp #TCP_STATE_ESTABLISHED
.3459	d0 1a		bne $3475	    bne _not_est
.345b	20 8c 36	jsr $368c	    jsr ETH_PROCESS_DEFERRED
.345e	a9 00		lda #$00	    lda #$00
.3460	8d 25 21	sta $2125	    sta CONNECT_ACTIVE
.3463	8d 26 21	sta $2126	    sta CONNECT_SYN_SENT
.3466	8d 28 21	sta $2128	    sta CONNECT_RETRY_TICKS
.3469	8d 29 21	sta $2129	    sta CONNECT_RETRY_LEFT
.346c	8d 2a 21	sta $212a	    sta CONNECT_LAST_RASTER_LO
.346f	8d 2b 21	sta $212b	    sta CONNECT_LAST_RASTER_HI
.3472	a9 01		lda #$01	    lda #CONN_CONNECTED
.3474	60		rts		    rts
.3475					_not_est:
.3475	ad 26 21	lda $2126	    lda CONNECT_SYN_SENT
.3478	f0 0f		beq $3489	    beq _try_send_after_arp
.347a	ad 19 21	lda $2119	    lda TCP_STATE
.347d	c9 02		cmp #$02	    cmp #TCP_STATE_SYN_SENT
.347f	d0 31		bne $34b2	    bne _inprog
.3481	20 08 34	jsr $3408	    jsr CONNECT_SYN_TICK
.3484	b0 3f		bcs $34c5	    bcs _fail
.3486	4c b2 34	jmp $34b2	    jmp _inprog
.3489					_try_send_after_arp:
.3489	ad 18 21	lda $2118	    lda ETH_STATE
.348c	c9 01		cmp #$01	    cmp #ETH_STATE_ARP_WAITING
.348e	f0 22		beq $34b2	    beq _inprog                   ; still resolving MAC
.3490	20 6e 33	jsr $336e	    jsr CONNECT_SET_ARP_QUERY
.3493	20 f7 4e	jsr $4ef7	    jsr ARP_QUERY_CACHE
.3496	f0 1a		beq $34b2	    beq _inprog                   ; still not populated (rare)
.3498	ad 28 21	lda $2128	    lda CONNECT_RETRY_TICKS
.349b	f0 10		beq $34ad	    beq _try_send_syn_now
.349d	20 48 6f	jsr $6f48	    jsr CONNECT_FRAME_WRAP_TICK
.34a0	90 10		bcc $34b2	    bcc _inprog
.34a2	ad 28 21	lda $2128	    lda CONNECT_RETRY_TICKS
.34a5	f0 06		beq $34ad	    beq _try_send_syn_now
.34a7	ce 28 21	dec $2128	    dec CONNECT_RETRY_TICKS
.34aa	4c b2 34	jmp $34b2	    jmp _inprog
.34ad					_try_send_syn_now:
.34ad	20 e0 33	jsr $33e0	    jsr CONNECT_SEND_SYN
.34b0	b0 00		bcs $34b2	    bcs _inprog     ; was: bcs _fail
.34b2					_inprog:
.34b2	a9 04		lda #$04	    lda #CONN_IN_PROGRESS          ; start with IN_PROGRESS in A
.34b4	ac 26 21	ldy $2126	    ldy CONNECT_SYN_SENT           ; if SYN has been sent, add that bit
.34b7	f0 02		beq $34bb	    beq _no_syn
.34b9	09 10		ora #$10	    ora #CONN_SYN_SENT
.34bb					_no_syn:
.34bb	ae 06 4c	ldx $4c06	    ldx ARP_STATE
.34be	e0 01		cpx #$01	    cpx #ARP_STATE_WAIT
.34c0	d0 02		bne $34c4	    bne _ret
.34c2	09 08		ora #$08	    ora #CONN_ARP_WAIT
.34c4					_ret:
.34c4	60		rts		    rts
.34c5					_fail:
.34c5	a9 00		lda #$00	    lda #$00
.34c7	8d 25 21	sta $2125	    sta CONNECT_ACTIVE
.34ca	8d 26 21	sta $2126	    sta CONNECT_SYN_SENT
.34cd	8d 27 21	sta $2127	    sta CONNECT_FAIL_LATCH
.34d0	8d 28 21	sta $2128	    sta CONNECT_RETRY_TICKS
.34d3	8d 29 21	sta $2129	    sta CONNECT_RETRY_LEFT
.34d6	8d 2a 21	sta $212a	    sta CONNECT_LAST_RASTER_LO
.34d9	8d 2b 21	sta $212b	    sta CONNECT_LAST_RASTER_HI
.34dc	a9 00		lda #$00	    lda #TCP_STATE_CLOSED
.34de	8d 19 21	sta $2119	    sta TCP_STATE
.34e1	a9 02		lda #$02	    lda #CONN_FAILED
.34e3	60		rts		    rts
.34e4					_not_connecting:
.34e4	ad 19 21	lda $2119	    lda TCP_STATE
.34e7	c9 04		cmp #$04	    cmp #TCP_STATE_ESTABLISHED
.34e9	f0 03		beq $34ee	    beq _up
.34eb	a9 00		lda #$00	    lda #$00
.34ed	60		rts		    rts
.34ee					_up:
.34ee	a9 01		lda #$01	    lda #CONN_CONNECTED
.34f0	60		rts		    rts
.34f1					ETH_CONNECT_CANCEL:
.34f1	ad 25 21	lda $2125	    lda CONNECT_ACTIVE
.34f4	f0 2e		beq $3524	    beq _done
.34f6	ad 26 21	lda $2126	    lda CONNECT_SYN_SENT
.34f9	f0 0d		beq $3508	    beq _clear_only
.34fb	a9 04		lda #$04	    lda #TCP_FLAG_RST
.34fd	20 32 43	jsr $4332	    jsr ETH_BUILD_TCPIP_PACKET
.3500	90 03		bcc $3505	    bcc +
.3502	4c 08 35	jmp $3508	    jmp _clear_only               ; build failed -> just clear
.3505	20 94 42	jsr $4294	+   jsr ETH_PACKET_SEND
.3508					_clear_only:
.3508	a9 00		lda #$00	    lda #$00
.350a	8d 25 21	sta $2125	    sta CONNECT_ACTIVE
.350d	8d 26 21	sta $2126	    sta CONNECT_SYN_SENT
.3510	8d 27 21	sta $2127	    sta CONNECT_FAIL_LATCH
.3513	8d 28 21	sta $2128	    sta CONNECT_RETRY_TICKS
.3516	8d 29 21	sta $2129	    sta CONNECT_RETRY_LEFT
.3519	8d 2a 21	sta $212a	    sta CONNECT_LAST_RASTER_LO
.351c	8d 2b 21	sta $212b	    sta CONNECT_LAST_RASTER_HI
.351f	a9 00		lda #$00	    lda #TCP_STATE_CLOSED
.3521	8d 19 21	sta $2119	    sta TCP_STATE
.3524					_done:
.3524	a9 00		lda #$00	    lda #$00
.3526	60		rts		    rts
.3527					ETH_TCP_LISTEN_START:
.3527	8d 34 21	sta $2134	    sta TCP_LISTEN_PORT
.352a	8d 04 21	sta $2104	    sta LOCAL_PORT
.352d	8e 35 21	stx $2135	    stx TCP_LISTEN_PORT+1
.3530	8e 05 21	stx $2105	    stx LOCAL_PORT+1
.3533	ad 19 21	lda $2119	    lda TCP_STATE
.3536	c9 00		cmp #$00	    cmp #TCP_STATE_CLOSED
.3538	d0 17		bne $3551	    bne _busy_fail
.353a	a9 00		lda #$00	    lda #0
.353c	8d 37 21	sta $2137	    sta TCP_ACCEPT_FLAGS        ; clear accepted/fail
.353f	8d 28 21	sta $2128	    sta CONNECT_RETRY_TICKS
.3542	8d 29 21	sta $2129	    sta CONNECT_RETRY_LEFT
.3545	a9 01		lda #$01	    lda #1
.3547	8d 38 21	sta $2138	    sta TCP_LISTEN_ENABLED      ; go LISTEN
.354a	20 1d 6a	jsr $6a1d	    jsr TCP_TX_RESET
.354d	20 fb 3b	jsr $3bfb	    jsr TCP_OOO_CLEAR
.3550	60		rts		    rts
.3551					_busy_fail:
.3551	a9 02		lda #$02	    lda #2
.3553	8d 37 21	sta $2137	    sta TCP_ACCEPT_FLAGS      ; fail bit set for poller (bit1)
.3556	60		rts		    rts
.3557					ETH_ACCEPT_POLL:
.3557	ad 37 21	lda $2137	    lda TCP_ACCEPT_FLAGS
.355a	60		rts		    rts
.355b					ETH_TCP_LISTEN_STOP:
.355b	a9 00		lda #$00	    lda #$00
.355d	8d 38 21	sta $2138	    sta TCP_LISTEN_ENABLED
.3560	60		rts		    rts
.3561					ETH_TCP_DISCONNECT:
.3561	ad 19 21	lda $2119	    lda TCP_STATE
.3564	c9 04		cmp #$04	    cmp #TCP_STATE_ESTABLISHED
.3566	f0 05		beq $356d	    beq _disconnect_established
.3568	c9 07		cmp #$07	    cmp #TCP_STATE_CLOSE_WAIT
.356a	f0 19		beq $3585	    beq _disconnect_close_wait
.356c	60		rts		    rts
.356d					_disconnect_established:
.356d	a9 11		lda #$11	    lda #TCP_FLAG_FIN|TCP_FLAG_ACK
.356f	20 32 43	jsr $4332	    jsr ETH_BUILD_TCPIP_PACKET
.3572	b0 28		bcs $359c	    bcs _not_connected
.3574	20 94 42	jsr $4294	    jsr ETH_PACKET_SEND
.3577	b0 23		bcs $359c	    bcs _not_connected
.3579	20 cd 48	jsr $48cd	    jsr CALC_LOCAL_ISN
.357c	20 39 74	jsr $7439	    jsr TCP_FIN_RETRY_INIT
.357f	a9 05		lda #$05	    lda #TCP_STATE_FIN_WAIT_1
.3581	8d 19 21	sta $2119	    sta TCP_STATE
.3584	60		rts		    rts
.3585					_disconnect_close_wait:
.3585	a9 11		lda #$11	    lda #TCP_FLAG_FIN|TCP_FLAG_ACK
.3587	20 32 43	jsr $4332	    jsr ETH_BUILD_TCPIP_PACKET
.358a	b0 10		bcs $359c	    bcs _not_connected
.358c	20 94 42	jsr $4294	    jsr ETH_PACKET_SEND
.358f	b0 0b		bcs $359c	    bcs _not_connected
.3591	20 cd 48	jsr $48cd	    jsr CALC_LOCAL_ISN
.3594	20 39 74	jsr $7439	    jsr TCP_FIN_RETRY_INIT
.3597	a9 09		lda #$09	    lda #TCP_STATE_LAST_ACK
.3599	8d 19 21	sta $2119	    sta TCP_STATE
.359c					_not_connected:
.359c	60		rts		    rts
.359d					ETH_TCP_SEND:
.359d	ad 19 21	lda $2119	    lda TCP_STATE
.35a0	c9 04		cmp #$04	    cmp #TCP_STATE_ESTABLISHED
.35a2	d0 0d		bne $35b1	    bne _not_connected
.35a4	20 56 6a	jsr $6a56	    jsr TCP_TX_ENQUEUE_CURRENT
.35a7	b0 08		bcs $35b1	    bcs _not_connected
.35a9	20 b7 48	jsr $48b7	    jsr CLEAR_TCP_PAYLOAD
.35ac	20 e5 6a	jsr $6ae5	    jsr TCP_TX_TICK
.35af	18		clc		    clc
.35b0	60		rts		    rts
.35b1					_not_connected:
.35b1	20 b7 48	jsr $48b7	    jsr CLEAR_TCP_PAYLOAD
.35b4	38		sec		    sec
.35b5	60		rts		    rts
.35b6					ETH_TCP_SEND_STRING:
.35b6	08		php		    php
.35b7	78		sei		    sei
.35b8	ad 19 21	lda $2119	    lda TCP_STATE
.35bb	c9 04		cmp #$04	    cmp #TCP_STATE_ESTABLISHED
.35bd	f0 02		beq $35c1	    beq _connected
.35bf					_exit:
.35bf	28		plp		    plp
.35c0	60		rts		    rts
.35c1					_connected:
.35c1	a5 45		lda $45		    lda $45
.35c3	48		pha		    pha
.35c4	a5 46		lda $46		    lda $46
.35c6	48		pha		    pha
.35c7	a5 47		lda $47		    lda $47
.35c9	48		pha		    pha
.35ca	a5 48		lda $48		    lda $48
.35cc	48		pha		    pha
.35cd	a9 60		lda #$60	    lda #<$FD60
.35cf	85 45		sta $45		    sta $45
.35d1	a9 fd		lda #$fd	    lda #>$FD60
.35d3	85 46		sta $46		    sta $46
.35d5	a9 00		lda #$00	    lda #`$FD60
.35d7	85 47		sta $47		    sta $47
.35d9	a9 00		lda #$00	    lda #$00
.35db	85 48		sta $48		    sta $48
.35dd	a3 00		ldz #$00	    ldz #$00
.35df	ea		nop		    lda [$45],z
.35e0	b2 45		lda ($45),z
.35e2	4b		taz		    taz
.35e3	68		pla		    pla
.35e4	85 48		sta $48		    sta $48
.35e6	68		pla		    pla
.35e7	85 47		sta $47		    sta $47
.35e9	68		pla		    pla
.35ea	85 46		sta $46		    sta $46
.35ec	68		pla		    pla
.35ed	85 45		sta $45		    sta $45
.35ef	6b		tza		    tza
.35f0	f0 cd		beq $35bf	    beq _exit
.35f2	c9 ec		cmp #$ec	    cmp #TCP_PAYLOAD_MAX+1
.35f4	90 02		bcc $35f8	    bcc _tcp_len_ok
.35f6	a9 eb		lda #$eb	    lda #TCP_PAYLOAD_MAX
.35f8					_tcp_len_ok:
.35f8	8d 7a 36	sta $367a	    sta _var_len
.35fb	a9 00		lda #$00	    lda #$00
.35fd	8d 7b 36	sta $367b	    sta _var_len+1            ; DMA length MSB = 0
.3600	a5 45		lda $45		    lda $45
.3602	48		pha		    pha
.3603	a5 46		lda $46		    lda $46
.3605	48		pha		    pha
.3606	a5 47		lda $47		    lda $47
.3608	48		pha		    pha
.3609	a5 48		lda $48		    lda $48
.360b	48		pha		    pha
.360c	a9 61		lda #$61	    lda #<$FD61
.360e	85 45		sta $45		    sta $45
.3610	a9 fd		lda #$fd	    lda #>$FD61
.3612	85 46		sta $46		    sta $46
.3614	a9 00		lda #$00	    lda #`$FD61
.3616	85 47		sta $47		    sta $47
.3618	a9 00		lda #$00	    lda #$00
.361a	85 48		sta $48		    sta $48
.361c	a3 00		ldz #$00	    ldz #$00
.361e	ea		nop		    lda [$45],z
.361f	b2 45		lda ($45),z
.3621	4b		taz		    taz
.3622	68		pla		    pla
.3623	85 48		sta $48		    sta $48
.3625	68		pla		    pla
.3626	85 47		sta $47		    sta $47
.3628	68		pla		    pla
.3629	85 46		sta $46		    sta $46
.362b	68		pla		    pla
.362c	85 45		sta $45		    sta $45
.362e	6b		tza		    tza
.362f	8d 7c 36	sta $367c	    sta _var_addr
.3632	a5 45		lda $45		    lda $45
.3634	48		pha		    pha
.3635	a5 46		lda $46		    lda $46
.3637	48		pha		    pha
.3638	a5 47		lda $47		    lda $47
.363a	48		pha		    pha
.363b	a5 48		lda $48		    lda $48
.363d	48		pha		    pha
.363e	a9 62		lda #$62	    lda #<$FD62
.3640	85 45		sta $45		    sta $45
.3642	a9 fd		lda #$fd	    lda #>$FD62
.3644	85 46		sta $46		    sta $46
.3646	a9 00		lda #$00	    lda #`$FD62
.3648	85 47		sta $47		    sta $47
.364a	a9 00		lda #$00	    lda #$00
.364c	85 48		sta $48		    sta $48
.364e	a3 00		ldz #$00	    ldz #$00
.3650	ea		nop		    lda [$45],z
.3651	b2 45		lda ($45),z
.3653	4b		taz		    taz
.3654	68		pla		    pla
.3655	85 48		sta $48		    sta $48
.3657	68		pla		    pla
.3658	85 47		sta $47		    sta $47
.365a	68		pla		    pla
.365b	85 46		sta $46		    sta $46
.365d	68		pla		    pla
.365e	85 45		sta $45		    sta $45
.3660	6b		tza		    tza
.3661	8d 7d 36	sta $367d	    sta _var_addr+1
.3664	ad 7a 36	lda $367a	    lda _var_len
.3667	8d ff 30	sta $30ff	    sta TCP_DATA_PAYLOAD_SIZE
.366a	a9 00		lda #$00	    lda #$00
.366c	8d 00 31	sta $3100	    sta TCP_DATA_PAYLOAD_SIZE+1
.366f	a9 00		lda #$00	    lda #$00
.3671	8d 07 d7	sta $d707	    sta $D707
>3674	80				    .byte $80                                   ; enhanced dma - src bits 20-27
>3675	00				    .byte $00   ; src hi
>3676	81				    .byte $81                                   ; enhanced dma - dest bits 20-27
>3677	00				    .byte $00   ; dest hi
>3678	00				    .byte $00                                   ; end of job options
>3679	00				    .byte $00                                   ; copy
.367a					_var_len:
>367a	00				    .byte $00 ; <\length,
>367b	00				    .byte $00 ; >\length                    ; length lsb, msb
.367c					_var_addr:
>367c	00 00 01			    .byte $00, $00, $01                     ; src lsb, msb, bank 1 for string var data
.367f					_dest_addr:
>367f	23 31 00			    .byte <TCP_DATA_PAYLOAD, >TCP_DATA_PAYLOAD, EXEC_BANK             ; dest lsb, msb, bank
>3682	00				    .byte $00                                   ; command high byte
>3683	00 00				    .word $0000                                 ; modulo (ignored)
.3685	20 c0 6c	jsr $6cc0	    jsr SEND_TRANSLATE_PAYLOAD
.3688	28		plp		    plp
.3689	4c 9d 35	jmp $359d	    jmp ETH_TCP_SEND
.368c					ETH_PROCESS_DEFERRED:
.368c	08		php		    php
.368d	78		sei		    sei
.368e	ad 52 21	lda $2152	    lda ACK_REPLY_PENDING
.3691	f0 33		beq $36c6	    beq _check_arp
.3693	ad 53 21	lda $2153	    lda ACK_REPLY_LEN_L
.3696	0d 54 21	ora $2154	    ora ACK_REPLY_LEN_H
.3699	d0 07		bne $36a2	    bne _ack_has_len
.369b	a9 00		lda #$00	    lda #$00
.369d	8d 52 21	sta $2152	    sta ACK_REPLY_PENDING
.36a0	80 24		bra $36c6	    bra _check_arp
.36a2					_ack_has_len:
.36a2	ae 53 21	ldx $2153	    ldx ACK_REPLY_LEN_L
.36a5					_ack_copy_back:
.36a5	ca		dex		    dex
.36a6	bd 55 21	lda $2155,x	    lda ACK_REPLY_PACKET,x
.36a9	9d 35 22	sta $2235,x	    sta ETH_TX_FRAME_DEST_MAC,x
.36ac	e0 00		cpx #$00	    cpx #$00
.36ae	d0 f5		bne $36a5	    bne _ack_copy_back
.36b0	ad 53 21	lda $2153	    lda ACK_REPLY_LEN_L
.36b3	8d 46 21	sta $2146	    sta ETH_TX_LEN_LSB
.36b6	ad 54 21	lda $2154	    lda ACK_REPLY_LEN_H
.36b9	8d 47 21	sta $2147	    sta ETH_TX_LEN_MSB
.36bc	20 94 42	jsr $4294	    jsr ETH_PACKET_SEND
.36bf	b0 2b		bcs $36ec	    bcs _epd_done
.36c1	a9 00		lda #$00	    lda #$00
.36c3	8d 52 21	sta $2152	    sta ACK_REPLY_PENDING
.36c6					_ack_done:
.36c6					_check_arp:
.36c6	ad 98 50	lda $5098	    lda ARP_REPLY_PENDING
.36c9	f0 21		beq $36ec	    beq _epd_done
.36cb	a2 3c		ldx #$3c	    ldx #$3c
.36cd					_epd_copy:
.36cd	ca		dex		    dex
.36ce	bd 5c 50	lda $505c,x	    lda ARP_REPLY_PACKET,x
.36d1	9d 35 22	sta $2235,x	    sta ETH_TX_FRAME_DEST_MAC,x
.36d4	e0 00		cpx #$00	    cpx #$00
.36d6	d0 f5		bne $36cd	    bne _epd_copy
.36d8	a9 3c		lda #$3c	    lda #$3c
.36da	8d 46 21	sta $2146	    sta ETH_TX_LEN_LSB
.36dd	a9 00		lda #$00	    lda #$00
.36df	8d 47 21	sta $2147	    sta ETH_TX_LEN_MSB
.36e2	20 94 42	jsr $4294	    jsr ETH_PACKET_SEND
.36e5	b0 05		bcs $36ec	    bcs _epd_done
.36e7	a9 00		lda #$00	    lda #$00
.36e9	8d 98 50	sta $5098	    sta ARP_REPLY_PENDING
.36ec					_epd_done:
.36ec	28		plp		    plp
.36ed	60		rts		    rts
.36ee					TCP_STATE_HANDLER:
.36ee	ad 45 21	lda $2145	    lda ETH_RX_TCP_FLAGS
.36f1	29 04		and #$04	    and #TCP_FLAG_RST
.36f3	f0 45		beq $373a	    beq _not_RST
.36f5	ad 19 21	lda $2119	    lda TCP_STATE
.36f8	c9 02		cmp #$02	    cmp #TCP_STATE_SYN_SENT
.36fa	f0 0c		beq $3708	    beq _rst_syn_sent
.36fc	c9 00		cmp #$00	    cmp #TCP_STATE_CLOSED
.36fe	f0 39		beq $3739	    beq _rst_ignore
.3700	20 f0 6c	jsr $6cf0	    jsr TCP_SEQ_CMP_SEG_SEQ_REMOTE
.3703	d0 34		bne $3739	    bne _rst_ignore
.3705	4c 1e 37	jmp $371e	    jmp _rst_accepted
.3708					_rst_syn_sent:
.3708	ad 45 21	lda $2145	    lda ETH_RX_TCP_FLAGS
.370b	29 10		and #$10	    and #TCP_FLAG_ACK
.370d	f0 2a		beq $3739	    beq _rst_ignore
.370f	a2 00		ldx #$00	    ldx #$00
.3711					_rst_syn_ack_check:
.3711	bd a5 21	lda $21a5,x	    lda SEG_ACK,x
.3714	dd 2c 21	cmp $212c,x	    cmp CONNECT_EXPECT_ACK,x
.3717	d0 20		bne $3739	    bne _rst_ignore
.3719	e8		inx		    inx
.371a	e0 04		cpx #$04	    cpx #$04
.371c	d0 f3		bne $3711	    bne _rst_syn_ack_check
.371e					_rst_accepted:
.371e	20 ed 49	jsr $49ed	    jsr TCP_HARD_RESET
.3721	ad 25 21	lda $2125	    lda CONNECT_ACTIVE
.3724	f0 12		beq $3738	    beq +
.3726	ad 26 21	lda $2126	    lda CONNECT_SYN_SENT
.3729	f0 0d		beq $3738	    beq +
.372b	a9 01		lda #$01	    lda #$01
.372d	8d 27 21	sta $2127	    sta CONNECT_FAIL_LATCH
.3730	ad 3d 4a	lda $4a3d	    lda TCP_EVENT_FLAG
.3733	09 10		ora #$10	    ora #EV_CONNECT_FAIL
.3735	8d 3d 4a	sta $4a3d	    sta TCP_EVENT_FLAG
.3738	60		rts		 +  rts
.3739					_rst_ignore:
.3739	60		rts		    rts
.373a					_not_RST:
.373a	ad 19 21	lda $2119	    lda TCP_STATE
.373d					_check_ESTABLISHED:
.373d	c9 04		cmp #$04	    cmp #TCP_STATE_ESTABLISHED
.373f	d3 dc 02	bne $3a1d	    bne _check_CLOSED
.3742	20 94 6a	jsr $6a94	    jsr TCP_TX_ACK_CHECK
.3745	ad 45 21	lda $2145	    lda ETH_RX_TCP_FLAGS
.3748	29 01		and #$01	    and #TCP_FLAG_FIN
.374a	f0 14		beq $3760	    beq _no_fin_in_established
.374c	ad d3 2e	lda $2ed3	    lda TCP_RX_DATA_PAYLOAD_SIZE
.374f	0d d4 2e	ora $2ed4	    ora TCP_RX_DATA_PAYLOAD_SIZE+1
.3752	d0 0c		bne $3760	    bne _no_fin_in_established
.3754	20 f0 6c	jsr $6cf0	    jsr TCP_SEQ_CMP_SEG_SEQ_REMOTE
.3757	f0 04		beq $375d	    beq _fin_seq_ok_established
.3759	20 dc 3b	jsr $3bdc	    jsr TCP_DEFER_DUP_ACK
.375c	60		rts		    rts
.375d					_fin_seq_ok_established:
.375d	4c f9 39	jmp $39f9	    jmp _got_FIN_IN_ESTABLISHED
.3760					_no_fin_in_established:
.3760	ad 45 21	lda $2145	    lda ETH_RX_TCP_FLAGS
.3763	29 12		and #$12	    and #(TCP_FLAG_SYN|TCP_FLAG_ACK)
.3765	c9 12		cmp #$12	    cmp #(TCP_FLAG_SYN|TCP_FLAG_ACK)
.3767	d0 1c		bne $3785	    bne _not_retx_synack
.3769	ad d3 2e	lda $2ed3	    lda TCP_RX_DATA_PAYLOAD_SIZE
.376c	0d d4 2e	ora $2ed4	    ora TCP_RX_DATA_PAYLOAD_SIZE+1
.376f	d0 14		bne $3785	    bne _not_retx_synack
.3771	a9 00		lda #$00	    lda #$00
.3773	8d ff 30	sta $30ff	    sta TCP_DATA_PAYLOAD_SIZE
.3776	8d 00 31	sta $3100	    sta TCP_DATA_PAYLOAD_SIZE+1
.3779	a9 10		lda #$10	    lda #TCP_FLAG_ACK
.377b	20 32 43	jsr $4332	    jsr ETH_BUILD_TCPIP_PACKET
.377e	b3 9c 02	bcs $3a1c	    bcs _est_done
.3781	20 d4 3f	jsr $3fd4	    jsr DEFER_CURRENT_TX
.3784	60		rts		    rts
.3785					_not_retx_synack:
.3785					_copy_payload_and_ack:
.3785	ad d3 2e	lda $2ed3	    lda TCP_RX_DATA_PAYLOAD_SIZE
.3788	0d d4 2e	ora $2ed4	    ora TCP_RX_DATA_PAYLOAD_SIZE+1
.378b	f3 8f 02	beq $3a1c	    beq _est_done
.378e	08		php		    php
.378f	78		sei		    sei
.3790	ad d3 2e	lda $2ed3	    lda TCP_RX_DATA_PAYLOAD_SIZE
.3793	8d 3d 21	sta $213d	    sta RX_COPY_REM_LO
.3796	ad d4 2e	lda $2ed4	    lda TCP_RX_DATA_PAYLOAD_SIZE+1
.3799	8d 3e 21	sta $213e	    sta RX_COPY_REM_HI
.379c	20 f0 6c	jsr $6cf0	    jsr TCP_SEQ_CMP_SEG_SEQ_REMOTE
.379f	30 0b		bmi $37ac	    bmi _seg_in_past         ; SEG.SEQ <  RCV.NXT -> overlap on left
.37a1	f3 cc 00	beq $386f	    beq _seg_in_order        ; SEG.SEQ == RCV.NXT -> in-order
.37a4					_seg_in_future:
.37a4	20 01 3c	jsr $3c01	    jsr TCP_OOO_SAVE_CURRENT
.37a7	20 dc 3b	jsr $3bdc	    jsr TCP_DEFER_DUP_ACK
.37aa	28		plp		    plp
.37ab	60		rts		    rts
.37ac					_seg_in_past:
.37ac	38		sec		    sec
.37ad	ad 1d 21	lda $211d	    lda REMOTE_ISN+3
.37b0	ed a4 21	sbc $21a4	    sbc SEG_SEQ+3
.37b3	8d 41 21	sta $2141	    sta SKIP_LO
.37b6	ad 1c 21	lda $211c	    lda REMOTE_ISN+2
.37b9	ed a3 21	sbc $21a3	    sbc SEG_SEQ+2
.37bc	8d 42 21	sta $2142	    sta SKIP_HI
.37bf	ad 1b 21	lda $211b	    lda REMOTE_ISN+1
.37c2	ed a2 21	sbc $21a2	    sbc SEG_SEQ+1
.37c5	d0 53		bne $381a	    bne _dup_entire_ack
.37c7	ad 1a 21	lda $211a	    lda REMOTE_ISN+0
.37ca	ed a1 21	sbc $21a1	    sbc SEG_SEQ+0
.37cd	d0 4b		bne $381a	    bne _dup_entire_ack
.37cf	ad 42 21	lda $2142	    lda SKIP_HI
.37d2	cd 3e 21	cmp $213e	    cmp RX_COPY_REM_HI
.37d5	90 5d		bcc $3834	    bcc _have_tail
.37d7	d0 08		bne $37e1	    bne _dup_entire
.37d9	ad 41 21	lda $2141	    lda SKIP_LO
.37dc	cd 3d 21	cmp $213d	    cmp RX_COPY_REM_LO
.37df	90 53		bcc $3834	    bcc _have_tail
.37e1					_dup_entire:
.37e1	ad 45 21	lda $2145	    lda ETH_RX_TCP_FLAGS
.37e4	29 01		and #$01	    and #TCP_FLAG_FIN
.37e6	f0 32		beq $381a	    beq _dup_entire_ack
.37e8	ad 42 21	lda $2142	    lda SKIP_HI
.37eb	cd 3e 21	cmp $213e	    cmp RX_COPY_REM_HI
.37ee	d0 2a		bne $381a	    bne _dup_entire_ack
.37f0	ad 41 21	lda $2141	    lda SKIP_LO
.37f3	cd 3d 21	cmp $213d	    cmp RX_COPY_REM_LO
.37f6	d0 22		bne $381a	    bne _dup_entire_ack
.37f8	a9 00		lda #$00	    lda #$00
.37fa	8d d3 2e	sta $2ed3	    sta TCP_RX_DATA_PAYLOAD_SIZE
.37fd	8d d4 2e	sta $2ed4	    sta TCP_RX_DATA_PAYLOAD_SIZE+1
.3800	a9 01		lda #$01	    lda #$01
.3802	8d 60 49	sta $4960	    sta REMOTE_ISN_BUMP
.3805	20 2a 49	jsr $492a	    jsr CALC_REMOTE_ISN
.3808	a9 00		lda #$00	    lda #$00
.380a	8d 60 49	sta $4960	    sta REMOTE_ISN_BUMP
.380d	a9 10		lda #$10	    lda #TCP_FLAG_ACK
.380f	20 32 43	jsr $4332	    jsr ETH_BUILD_TCPIP_PACKET
.3812	20 d4 3f	jsr $3fd4	    jsr DEFER_CURRENT_TX
.3815	20 c2 39	jsr $39c2	    jsr _apply_peer_fin_state
.3818	28		plp		    plp
.3819	60		rts		    rts
.381a					_dup_entire_ack:
.381a	a9 00		lda #$00	    lda #$00
.381c	8d d3 2e	sta $2ed3	    sta TCP_RX_DATA_PAYLOAD_SIZE
.381f	8d d4 2e	sta $2ed4	    sta TCP_RX_DATA_PAYLOAD_SIZE+1
.3822	a9 00		lda #$00	    lda #$00
.3824	8d 60 49	sta $4960	    sta REMOTE_ISN_BUMP
.3827	20 2a 49	jsr $492a	    jsr CALC_REMOTE_ISN
.382a	a9 10		lda #$10	    lda #TCP_FLAG_ACK
.382c	20 32 43	jsr $4332	    jsr ETH_BUILD_TCPIP_PACKET
.382f	20 d4 3f	jsr $3fd4	    jsr DEFER_CURRENT_TX
.3832	28		plp		    plp
.3833	60		rts		    rts
.3834					_have_tail:
.3834	ad 3d 21	lda $213d	    lda RX_COPY_REM_LO
.3837	38		sec		    sec
.3838	ed 41 21	sbc $2141	    sbc SKIP_LO
.383b	8d 3d 21	sta $213d	    sta RX_COPY_REM_LO
.383e	ad 3e 21	lda $213e	    lda RX_COPY_REM_HI
.3841	ed 42 21	sbc $2142	    sbc SKIP_HI
.3844	8d 3e 21	sta $213e	    sta RX_COPY_REM_HI
.3847	ad ec 49	lda $49ec	    lda TCP_DATA_OFFSET
.384a	18		clc		    clc
.384b	6d 41 21	adc $2141	    adc SKIP_LO
.384e	8d 43 21	sta $2143	    sta OFF_LO
.3851	a9 00		lda #$00	    lda #$00
.3853	6d 42 21	adc $2142	    adc SKIP_HI
.3856	8d 44 21	sta $2144	    sta OFF_HI
.3859	a9 91		lda #$91	    lda #<ETH_RX_FRAME_PAYLOAD
.385b	18		clc		    clc
.385c	6d 43 21	adc $2143	    adc OFF_LO
.385f	8d e5 38	sta $38e5	    sta _payload_read+1
.3862	a9 28		lda #$28	    lda #>ETH_RX_FRAME_PAYLOAD
.3864	6d 44 21	adc $2144	    adc OFF_HI
.3867	8d e6 38	sta $38e6	    sta _payload_read+2
.386a	a0 00		ldy #$00	    ldy #$00
.386c	4c 81 38	jmp $3881	    jmp _copy_setup_done
.386f					_seg_in_order:
.386f	a9 91		lda #$91	    lda #<ETH_RX_FRAME_PAYLOAD
.3871	18		clc		    clc
.3872	6d ec 49	adc $49ec	    adc TCP_DATA_OFFSET
.3875	8d e5 38	sta $38e5	    sta _payload_read+1
.3878	a9 28		lda #$28	    lda #>ETH_RX_FRAME_PAYLOAD
.387a	69 00		adc #$00	    adc #$00
.387c	8d e6 38	sta $38e6	    sta _payload_read+2
.387f	a0 00		ldy #$00	    ldy #$00
.3881					_copy_setup_done:
.3881	a9 00		lda #$00	    lda #$00
.3883	8d 3f 21	sta $213f	    sta RX_CONSUMED_LO
.3886	8d 40 21	sta $2140	    sta RX_CONSUMED_HI
.3889	20 6c 41	jsr $416c	    jsr RBUF_SAVE_PTR_ZP
.388c	20 82 6e	jsr $6e82	    jsr READ_TAIL_ATOMIC
.388f	38		sec		    sec
.3890	ad 95 21	lda $2195	    lda TMP_TAIL_LO
.3893	ed 91 21	sbc $2191	    sbc RBUF_HEAD_LO
.3896	8d 9d 21	sta $219d	    sta FREE_LO
.3899	ad 96 21	lda $2196	    lda TMP_TAIL_HI
.389c	ed 92 21	sbc $2192	    sbc RBUF_HEAD_HI
.389f	29 0f		and #$0f	    and #RING_BUFFER_PAGE_MASK
.38a1	8d 9e 21	sta $219e	    sta FREE_HI
.38a4	38		sec		    sec
.38a5	ad 9d 21	lda $219d	    lda FREE_LO
.38a8	e9 01		sbc #$01	    sbc #1
.38aa	8d 9d 21	sta $219d	    sta FREE_LO
.38ad	ad 9e 21	lda $219e	    lda FREE_HI
.38b0	e9 00		sbc #$00	    sbc #0
.38b2	29 0f		and #$0f	    and #RING_BUFFER_PAGE_MASK
.38b4	8d 9e 21	sta $219e	    sta FREE_HI
.38b7	ad 92 21	lda $2192	    lda RBUF_HEAD_HI
.38ba	8d 9c 21	sta $219c	    sta HHI
.38bd	a9 00		lda #$00	    lda #<RING_BUFFER_BASE
.38bf	85 fb		sta $fb		    sta RBUF_PTR_LO
.38c1	a9 00		lda #$00	    lda #>RING_BUFFER_BASE
.38c3	18		clc		    clc
.38c4	6d 9c 21	adc $219c	    adc HHI
.38c7	85 fc		sta $fc		    sta RBUF_PTR_HI
.38c9	a9 05		lda #$05	    lda #RING_BUFFER_BANK
.38cb	85 fd		sta $fd		    sta RBUF_PTR_BANK
.38cd	a9 00		lda #$00	    lda #RING_BUFFER_BANK_HI
.38cf	85 fe		sta $fe		    sta RBUF_PTR_TOP
.38d1	ab 91 21	ldz $2191	    ldz RBUF_HEAD_LO
.38d4					_lp_copy_data:
.38d4	ad 3d 21	lda $213d	    lda RX_COPY_REM_LO
.38d7	0d 3e 21	ora $213e	    ora RX_COPY_REM_HI
.38da	f0 5f		beq $393b	    beq _ack_what_we_took
.38dc	ad 9d 21	lda $219d	    lda FREE_LO
.38df	0d 9e 21	ora $219e	    ora FREE_HI
.38e2	f0 57		beq $393b	    beq _ack_what_we_took
.38e4					_payload_read:
>38e4	b9 00 00			    .byte $B9, $00, $00            ; LDA abs,Y (operands patched above)
.38e7	ea		nop		    sta [RBUF_PTR_LO],z
.38e8	92 fb		sta ($fb),z
.38ea					_byte_consumed:
.38ea	ee 3f 21	inc $213f	    inc RX_CONSUMED_LO
.38ed	d0 03		bne $38f2	    bne _no_carry_cons
.38ef	ee 40 21	inc $2140	    inc RX_CONSUMED_HI
.38f2					_no_carry_cons:
.38f2	c8		iny		    iny
.38f3	d0 03		bne $38f8	    bne _no_page
.38f5	ee e6 38	inc $38e6	    inc _payload_read+2            ; crossed page
.38f8					_no_page:
.38f8	6b		tza		    tza
.38f9	18		clc		    clc
.38fa	69 01		adc #$01	    adc #1
.38fc	4b		taz		    taz
.38fd	d0 10		bne $390f	    bne _no_ring_page
.38ff	ee 9c 21	inc $219c	    inc HHI
.3902	ad 9c 21	lda $219c	    lda HHI
.3905	29 0f		and #$0f	    and #RING_BUFFER_PAGE_MASK
.3907	8d 9c 21	sta $219c	    sta HHI
.390a	18		clc		    clc
.390b	69 00		adc #$00	    adc #>RING_BUFFER_BASE
.390d	85 fc		sta $fc		    sta RBUF_PTR_HI
.390f					_no_ring_page:
.390f	38		sec		    sec
.3910	ad 9d 21	lda $219d	    lda FREE_LO
.3913	e9 01		sbc #$01	    sbc #1
.3915	8d 9d 21	sta $219d	    sta FREE_LO
.3918	ad 9e 21	lda $219e	    lda FREE_HI
.391b	e9 00		sbc #$00	    sbc #0
.391d	29 0f		and #$0f	    and #RING_BUFFER_PAGE_MASK
.391f	8d 9e 21	sta $219e	    sta FREE_HI
.3922	38		sec		    sec
.3923	ad 3d 21	lda $213d	    lda RX_COPY_REM_LO
.3926	e9 01		sbc #$01	    sbc #1
.3928	8d 3d 21	sta $213d	    sta RX_COPY_REM_LO
.392b	ad 3e 21	lda $213e	    lda RX_COPY_REM_HI
.392e	e9 00		sbc #$00	    sbc #0
.3930	8d 3e 21	sta $213e	    sta RX_COPY_REM_HI
.3933	ad 3d 21	lda $213d	    lda RX_COPY_REM_LO
.3936	0d 3e 21	ora $213e	    ora RX_COPY_REM_HI
.3939	d0 99		bne $38d4	    bne _lp_copy_data       ; Check if high byte went negative
.393b					_ack_what_we_took:
.393b	6b		tza		    tza
.393c	8d 91 21	sta $2191	    sta RBUF_HEAD_LO
.393f	ad 9c 21	lda $219c	    lda HHI
.3942	8d 92 21	sta $2192	    sta RBUF_HEAD_HI
.3945	20 81 41	jsr $4181	    jsr RBUF_RESTORE_PTR_ZP
.3948	ad 3f 21	lda $213f	    lda RX_CONSUMED_LO
.394b	8d d3 2e	sta $2ed3	    sta TCP_RX_DATA_PAYLOAD_SIZE
.394e	ad 40 21	lda $2140	    lda RX_CONSUMED_HI
.3951	8d d4 2e	sta $2ed4	    sta TCP_RX_DATA_PAYLOAD_SIZE+1
.3954	a9 00		lda #$00	    lda #$00
.3956	8d 60 49	sta $4960	    sta REMOTE_ISN_BUMP
.3959	ad 45 21	lda $2145	    lda ETH_RX_TCP_FLAGS
.395c	29 01		and #$01	    and #TCP_FLAG_FIN
.395e	f0 0d		beq $396d	    beq _ack_no_fin_bump
.3960	ad 3d 21	lda $213d	    lda RX_COPY_REM_LO
.3963	0d 3e 21	ora $213e	    ora RX_COPY_REM_HI
.3966	d0 05		bne $396d	    bne _ack_no_fin_bump
.3968	a9 01		lda #$01	    lda #$01
.396a	8d 60 49	sta $4960	    sta REMOTE_ISN_BUMP
.396d					_ack_no_fin_bump:
.396d	20 2a 49	jsr $492a	    jsr CALC_REMOTE_ISN            ; RCV.NXT += consumed
.3970	ad 60 49	lda $4960	    lda REMOTE_ISN_BUMP
.3973	48		pha		    pha
.3974	20 b6 3c	jsr $3cb6	    jsr TCP_OOO_TRY_FLUSH
.3977	68		pla		    pla
.3978	8d 60 49	sta $4960	    sta REMOTE_ISN_BUMP
.397b	a9 00		lda #$00	    lda #$00
.397d	8d ff 30	sta $30ff	    sta TCP_DATA_PAYLOAD_SIZE
.3980	8d 00 31	sta $3100	    sta TCP_DATA_PAYLOAD_SIZE+1
.3983	a9 10		lda #$10	    lda #TCP_FLAG_ACK
.3985	20 32 43	jsr $4332	    jsr ETH_BUILD_TCPIP_PACKET
.3988	ad 46 21	lda $2146	    lda ETH_TX_LEN_LSB
.398b	ae 47 21	ldx $2147	    ldx ETH_TX_LEN_MSB
.398e	e0 00		cpx #$00	    cpx #0                   ; High byte non-zero?
.3990	d0 04		bne $3996	    bne _clamp_to_60         ; Yes, definitely > 60
.3992	c9 3d		cmp #$3d	    cmp #61                  ; Check low byte
.3994	90 04		bcc $399a	    bcc _size_ok             ; < 61, we're good
.3996					_clamp_to_60:
.3996	a9 3c		lda #$3c	    lda #60
.3998	a2 00		ldx #$00	    ldx #0
.399a					_size_ok:
.399a	8d 53 21	sta $2153	    sta ACK_REPLY_LEN_L
.399d	8e 54 21	stx $2154	    stx ACK_REPLY_LEN_H
.39a0	aa		tax		    tax                      ; X = length for copy
.39a1	f0 10		beq $39b3	    beq _ack_defer_done
.39a3					_ack_defer_copy:
.39a3	ca		dex		    dex
.39a4	bd 35 22	lda $2235,x	    lda ETH_TX_FRAME_DEST_MAC,x
.39a7	9d 55 21	sta $2155,x	    sta ACK_REPLY_PACKET,x
.39aa	e0 00		cpx #$00	    cpx #$00
.39ac	d0 f5		bne $39a3	    bne _ack_defer_copy
.39ae	a9 01		lda #$01	    lda #$01
.39b0	8d 52 21	sta $2152	    sta ACK_REPLY_PENDING
.39b3					_ack_defer_done:
.39b3	ad 60 49	lda $4960	    lda REMOTE_ISN_BUMP
.39b6	f0 08		beq $39c0	    beq _ack_defer_no_fin
.39b8	a9 00		lda #$00	    lda #$00
.39ba	8d 60 49	sta $4960	    sta REMOTE_ISN_BUMP
.39bd	20 c2 39	jsr $39c2	    jsr _apply_peer_fin_state
.39c0					_ack_defer_no_fin:
.39c0	28		plp		    plp
.39c1	60		rts		    rts
.39c2					_apply_peer_fin_state:
.39c2	ad 19 21	lda $2119	    lda TCP_STATE
.39c5	c9 05		cmp #$05	    cmp #TCP_STATE_FIN_WAIT_1
.39c7	f0 12		beq $39db	    beq _peer_fin_active_close
.39c9	c9 06		cmp #$06	    cmp #TCP_STATE_FIN_WAIT_2
.39cb	f0 0e		beq $39db	    beq _peer_fin_active_close
.39cd	a9 07		lda #$07	    lda #TCP_STATE_CLOSE_WAIT
.39cf	8d 19 21	sta $2119	    sta TCP_STATE
.39d2	ad 3d 4a	lda $4a3d	    lda TCP_EVENT_FLAG
.39d5	09 02		ora #$02	    ora #EV_PEER_FIN
.39d7	8d 3d 4a	sta $4a3d	    sta TCP_EVENT_FLAG
.39da	60		rts		    rts
.39db					_peer_fin_active_close:
.39db	20 70 40	jsr $4070	    jsr TCP_TIME_WAIT_RESET
.39de	a9 00		lda #$00	    lda #$00
.39e0	8d 28 21	sta $2128	    sta CONNECT_RETRY_TICKS
.39e3	8d 29 21	sta $2129	    sta CONNECT_RETRY_LEFT
.39e6	a9 0a		lda #$0a	    lda #TCP_STATE_TIME_WAIT
.39e8	8d 19 21	sta $2119	    sta TCP_STATE
.39eb	a9 00		lda #$00	    lda #$00
.39ed	8d 25 21	sta $2125	    sta CONNECT_ACTIVE
.39f0	ad 3d 4a	lda $4a3d	    lda TCP_EVENT_FLAG
.39f3	09 04		ora #$04	    ora #EV_LOCAL_CLOSE
.39f5	8d 3d 4a	sta $4a3d	    sta TCP_EVENT_FLAG
.39f8	60		rts		    rts
.39f9					_got_FIN_IN_ESTABLISHED:
.39f9	a9 01		lda #$01	    lda #$01
.39fb	8d 60 49	sta $4960	    sta REMOTE_ISN_BUMP
.39fe	20 2a 49	jsr $492a	    jsr CALC_REMOTE_ISN              ; +1 for the FIN
.3a01	a9 00		lda #$00	    lda #$00
.3a03	8d 60 49	sta $4960	    sta REMOTE_ISN_BUMP
.3a06	a9 10		lda #$10	    lda #TCP_FLAG_ACK
.3a08	20 32 43	jsr $4332	    jsr ETH_BUILD_TCPIP_PACKET
.3a0b	20 d4 3f	jsr $3fd4	    jsr DEFER_CURRENT_TX
.3a0e	a9 07		lda #$07	    lda #TCP_STATE_CLOSE_WAIT
.3a10	8d 19 21	sta $2119	    sta TCP_STATE
.3a13	ad 3d 4a	lda $4a3d	    lda TCP_EVENT_FLAG
.3a16	09 02		ora #$02	    ora #EV_PEER_FIN
.3a18	8d 3d 4a	sta $4a3d	    sta TCP_EVENT_FLAG
.3a1b	60		rts		    rts
.3a1c					_est_done:
.3a1c	60		rts		    rts
.3a1d					_check_CLOSED:
.3a1d	c9 00		cmp #$00	    cmp #TCP_STATE_CLOSED
.3a1f	d0 04		bne $3a25	    bne _check_SYN
.3a21	20 3b 3e	jsr $3e3b	    jsr TCP_SEND_RESET_FOR_RX
.3a24	60		rts		    rts
.3a25					_check_SYN:
.3a25	c9 02		cmp #$02	    cmp #TCP_STATE_SYN_SENT
.3a27	d0 6c		bne $3a95	    bne _check_FIN_WAIT_1
.3a29	ad 45 21	lda $2145	    lda ETH_RX_TCP_FLAGS
.3a2c	29 12		and #$12	    and #(TCP_FLAG_SYN|TCP_FLAG_ACK)
.3a2e	c9 12		cmp #$12	    cmp #(TCP_FLAG_SYN|TCP_FLAG_ACK)
.3a30	d3 a9 01	bne $3bdb	    bne _done
.3a33					_got_SYNACK:
.3a33	a2 00		ldx #$00	    ldx #$00
.3a35					_synack_ack_check:
.3a35	bd a5 21	lda $21a5,x	    lda SEG_ACK,x
.3a38	dd 2c 21	cmp $212c,x	    cmp CONNECT_EXPECT_ACK,x
.3a3b	d0 4d		bne $3a8a	    bne _synack_bad_ack
.3a3d	e8		inx		    inx
.3a3e	e0 04		cpx #$04	    cpx #$04
.3a40	d0 f3		bne $3a35	    bne _synack_ack_check
.3a42	ad a1 21	lda $21a1	    lda SEG_SEQ+0
.3a45	8d 1a 21	sta $211a	    sta REMOTE_ISN+0
.3a48	ad a2 21	lda $21a2	    lda SEG_SEQ+1
.3a4b	8d 1b 21	sta $211b	    sta REMOTE_ISN+1
.3a4e	ad a3 21	lda $21a3	    lda SEG_SEQ+2
.3a51	8d 1c 21	sta $211c	    sta REMOTE_ISN+2
.3a54	ad a4 21	lda $21a4	    lda SEG_SEQ+3
.3a57	8d 1d 21	sta $211d	    sta REMOTE_ISN+3
.3a5a	a9 01		lda #$01	    lda #$01
.3a5c	8d 60 49	sta $4960	    sta REMOTE_ISN_BUMP
.3a5f	20 2a 49	jsr $492a	    jsr CALC_REMOTE_ISN
.3a62	a9 00		lda #$00	    lda #$00
.3a64	8d 60 49	sta $4960	    sta REMOTE_ISN_BUMP
.3a67	a2 00		ldx #$00	    ldx #$00
.3a69					_set_local_after_syn:
.3a69	bd 2c 21	lda $212c,x	    lda CONNECT_EXPECT_ACK,x
.3a6c	9d 1e 21	sta $211e,x	    sta LOCAL_ISN,x
.3a6f	e8		inx		    inx
.3a70	e0 04		cpx #$04	    cpx #$04
.3a72	d0 f5		bne $3a69	    bne _set_local_after_syn
.3a74	a9 10		lda #$10	    lda #TCP_FLAG_ACK
.3a76	20 32 43	jsr $4332	    jsr ETH_BUILD_TCPIP_PACKET
.3a79	b3 60 01	bcs $3bdb	    bcs _done
.3a7c	20 d4 3f	jsr $3fd4	    jsr DEFER_CURRENT_TX
.3a7f	a9 04		lda #$04	    lda #TCP_STATE_ESTABLISHED
.3a81	8d 19 21	sta $2119	    sta TCP_STATE
.3a84	a9 00		lda #$00	    lda #$00
.3a86	8d 3d 4a	sta $4a3d	    sta TCP_EVENT_FLAG
.3a89	60		rts		    rts
.3a8a					_synack_bad_ack:
.3a8a	ad 3d 4a	lda $4a3d	    lda TCP_EVENT_FLAG
.3a8d	09 40		ora #$40	    ora #EV_BAD_SYNACK
.3a8f	8d 3d 4a	sta $4a3d	    sta TCP_EVENT_FLAG
.3a92	4c db 3b	jmp $3bdb	    jmp _done
.3a95					_check_FIN_WAIT_1:
.3a95	c9 05		cmp #$05	    cmp #TCP_STATE_FIN_WAIT_1
.3a97	d0 33		bne $3acc	    bne _check_FIN_WAIT_2
.3a99	ad 45 21	lda $2145	    lda ETH_RX_TCP_FLAGS
.3a9c	29 10		and #$10	    and #TCP_FLAG_ACK
.3a9e	c9 10		cmp #$10	    cmp #TCP_FLAG_ACK
.3aa0	d3 39 01	bne $3bdb	    bne _done
.3aa3	20 f0 6c	jsr $6cf0	    jsr TCP_SEQ_CMP_SEG_SEQ_REMOTE
.3aa6	f0 06		beq $3aae	    beq _fin_wait_1_seq_ok
.3aa8	20 dc 3b	jsr $3bdc	    jsr TCP_DEFER_DUP_ACK
.3aab	4c db 3b	jmp $3bdb	    jmp _done
.3aae					_fin_wait_1_seq_ok:
.3aae	20 40 6d	jsr $6d40	    jsr TCP_SEQ_CMP_SEG_ACK_LOCAL_ISN
.3ab1	d3 28 01	bne $3bdb	    bne _done
.3ab4					_got_FIN_WAIT_1_ACK:
.3ab4	a9 06		lda #$06	    lda #TCP_STATE_FIN_WAIT_2
.3ab6	8d 19 21	sta $2119	    sta TCP_STATE
.3ab9	ad d3 2e	lda $2ed3	    lda TCP_RX_DATA_PAYLOAD_SIZE
.3abc	0d d4 2e	ora $2ed4	    ora TCP_RX_DATA_PAYLOAD_SIZE+1
.3abf	d3 c4 fc	bne $3785	    bne _copy_payload_and_ack
.3ac2	ad 45 21	lda $2145	    lda ETH_RX_TCP_FLAGS
.3ac5	29 01		and #$01	    and #TCP_FLAG_FIN
.3ac7	d0 2b		bne $3af4	    bne _got_FIN_ACK
.3ac9	4c db 3b	jmp $3bdb	    jmp _done
.3acc					_check_FIN_WAIT_2:
.3acc	c9 06		cmp #$06	    cmp #TCP_STATE_FIN_WAIT_2
.3ace	d0 5c		bne $3b2c	    bne _check_TIME_WAIT
.3ad0	ad d3 2e	lda $2ed3	    lda TCP_RX_DATA_PAYLOAD_SIZE
.3ad3	0d d4 2e	ora $2ed4	    ora TCP_RX_DATA_PAYLOAD_SIZE+1
.3ad6	d0 08		bne $3ae0	    bne _fin_wait_2_seq_check
.3ad8	ad 45 21	lda $2145	    lda ETH_RX_TCP_FLAGS
.3adb	29 01		and #$01	    and #TCP_FLAG_FIN
.3add	f3 fc 00	beq $3bdb	    beq _done
.3ae0					_fin_wait_2_seq_check:
.3ae0	20 f0 6c	jsr $6cf0	    jsr TCP_SEQ_CMP_SEG_SEQ_REMOTE
.3ae3	f0 06		beq $3aeb	    beq _fin_wait_2_seq_ok
.3ae5	20 dc 3b	jsr $3bdc	    jsr TCP_DEFER_DUP_ACK
.3ae8	4c db 3b	jmp $3bdb	    jmp _done
.3aeb					_fin_wait_2_seq_ok:
.3aeb	ad d3 2e	lda $2ed3	    lda TCP_RX_DATA_PAYLOAD_SIZE
.3aee	0d d4 2e	ora $2ed4	    ora TCP_RX_DATA_PAYLOAD_SIZE+1
.3af1	d3 92 fc	bne $3785	    bne _copy_payload_and_ack
.3af4					_got_FIN_ACK:
.3af4	a9 01		lda #$01	    lda #$01
.3af6	8d 60 49	sta $4960	    sta REMOTE_ISN_BUMP
.3af9	20 2a 49	jsr $492a	    jsr CALC_REMOTE_ISN
.3afc	a9 00		lda #$00	    lda #$00
.3afe	8d 60 49	sta $4960	    sta REMOTE_ISN_BUMP
.3b01	a9 10		lda #$10	    lda #TCP_FLAG_ACK
.3b03	20 32 43	jsr $4332	    jsr ETH_BUILD_TCPIP_PACKET
.3b06	b3 d3 00	bcs $3bdb	    bcs _done
.3b09	20 d4 3f	jsr $3fd4	    jsr DEFER_CURRENT_TX
.3b0c	20 70 40	jsr $4070	    jsr TCP_TIME_WAIT_RESET
.3b0f	a9 00		lda #$00	    lda #$00
.3b11	8d 28 21	sta $2128	    sta CONNECT_RETRY_TICKS
.3b14	8d 29 21	sta $2129	    sta CONNECT_RETRY_LEFT
.3b17	a9 0a		lda #$0a	    lda #TCP_STATE_TIME_WAIT
.3b19	8d 19 21	sta $2119	    sta TCP_STATE
.3b1c	a9 00		lda #$00	    lda #$00
.3b1e	8d 25 21	sta $2125	    sta CONNECT_ACTIVE
.3b21	ad 3d 4a	lda $4a3d	    lda TCP_EVENT_FLAG
.3b24	09 04		ora #$04	    ora #EV_LOCAL_CLOSE
.3b26	8d 3d 4a	sta $4a3d	    sta TCP_EVENT_FLAG
.3b29	4c db 3b	jmp $3bdb	    jmp _done
.3b2c					_check_TIME_WAIT:
.3b2c	c9 0a		cmp #$0a	    cmp #TCP_STATE_TIME_WAIT
.3b2e	d0 13		bne $3b43	    bne _check_CLOSE_WAIT
.3b30	ad 45 21	lda $2145	    lda ETH_RX_TCP_FLAGS
.3b33	29 01		and #$01	    and #TCP_FLAG_FIN
.3b35	f0 0b		beq $3b42	    beq _time_wait_done
.3b37	20 e7 73	jsr $73e7	    jsr TCP_TIME_WAIT_FIN_SEQ_OK
.3b3a	b0 06		bcs $3b42	    bcs _time_wait_done
.3b3c	20 dc 3b	jsr $3bdc	    jsr TCP_DEFER_DUP_ACK
.3b3f	20 70 40	jsr $4070	    jsr TCP_TIME_WAIT_RESET
.3b42					_time_wait_done:
.3b42	60		rts		    rts
.3b43					_check_CLOSE_WAIT:
.3b43	c9 07		cmp #$07	    cmp #TCP_STATE_CLOSE_WAIT
.3b45	d0 22		bne $3b69	    bne _check_LAST_ACK
.3b47	20 f0 6c	jsr $6cf0	    jsr TCP_SEQ_CMP_SEG_SEQ_REMOTE
.3b4a	f0 06		beq $3b52	    beq _close_wait_seq_ok
.3b4c	20 dc 3b	jsr $3bdc	    jsr TCP_DEFER_DUP_ACK
.3b4f	4c db 3b	jmp $3bdb	    jmp _done
.3b52					_close_wait_seq_ok:
.3b52	a9 11		lda #$11	    lda #TCP_FLAG_FIN|TCP_FLAG_ACK
.3b54	20 32 43	jsr $4332	    jsr ETH_BUILD_TCPIP_PACKET
.3b57	b3 82 00	bcs $3bdb	    bcs _done
.3b5a	20 d4 3f	jsr $3fd4	    jsr DEFER_CURRENT_TX
.3b5d	20 cd 48	jsr $48cd	    jsr CALC_LOCAL_ISN
.3b60	20 39 74	jsr $7439	    jsr TCP_FIN_RETRY_INIT
.3b63	a9 09		lda #$09	    lda #TCP_STATE_LAST_ACK
.3b65	8d 19 21	sta $2119	    sta TCP_STATE
.3b68	60		rts		    rts
.3b69					_check_LAST_ACK:
.3b69	c9 09		cmp #$09	    cmp #TCP_STATE_LAST_ACK
.3b6b	d0 2a		bne $3b97	    bne _check_SYN_RCVD
.3b6d	ad 45 21	lda $2145	    lda ETH_RX_TCP_FLAGS
.3b70	29 10		and #$10	    and #TCP_FLAG_ACK
.3b72	c9 10		cmp #$10	    cmp #TCP_FLAG_ACK
.3b74	d0 65		bne $3bdb	    bne _done
.3b76	20 f0 6c	jsr $6cf0	    jsr TCP_SEQ_CMP_SEG_SEQ_REMOTE
.3b79	f0 06		beq $3b81	    beq _last_ack_seq_ok
.3b7b	20 dc 3b	jsr $3bdc	    jsr TCP_DEFER_DUP_ACK
.3b7e	4c db 3b	jmp $3bdb	    jmp _done
.3b81					_last_ack_seq_ok:
.3b81	20 40 6d	jsr $6d40	    jsr TCP_SEQ_CMP_SEG_ACK_LOCAL_ISN
.3b84	d0 55		bne $3bdb	    bne _done
.3b86	20 70 40	jsr $4070	    jsr TCP_TIME_WAIT_RESET
.3b89	a9 00		lda #$00	    lda #$00
.3b8b	8d 28 21	sta $2128	    sta CONNECT_RETRY_TICKS
.3b8e	8d 29 21	sta $2129	    sta CONNECT_RETRY_LEFT
.3b91	a9 0a		lda #$0a	    lda #TCP_STATE_TIME_WAIT
.3b93	8d 19 21	sta $2119	    sta TCP_STATE
.3b96	60		rts		    rts
.3b97					_check_SYN_RCVD:
.3b97	c9 03		cmp #$03	    cmp #TCP_STATE_SYN_RECEIVED
.3b99	d0 40		bne $3bdb	    bne _done
.3b9b	ad 45 21	lda $2145	    lda ETH_RX_TCP_FLAGS
.3b9e	29 17		and #$17	    and #(TCP_FLAG_ACK | TCP_FLAG_SYN | TCP_FLAG_FIN | TCP_FLAG_RST)
.3ba0	c9 10		cmp #$10	    cmp #TCP_FLAG_ACK
.3ba2	d0 37		bne $3bdb	    bne _done
.3ba4	ad d3 2e	lda $2ed3	    lda TCP_RX_DATA_PAYLOAD_SIZE
.3ba7	0d d4 2e	ora $2ed4	    ora TCP_RX_DATA_PAYLOAD_SIZE+1
.3baa	d0 2f		bne $3bdb	    bne _done
.3bac	20 f0 6c	jsr $6cf0	    jsr TCP_SEQ_CMP_SEG_SEQ_REMOTE
.3baf	d0 2a		bne $3bdb	    bne _done
.3bb1	a2 00		ldx #$00	    ldx #$00
.3bb3					_synrcvd_ack_check:
.3bb3	bd a5 21	lda $21a5,x	    lda SEG_ACK,x
.3bb6	dd 1e 21	cmp $211e,x	    cmp LOCAL_ISN,x
.3bb9	d0 20		bne $3bdb	    bne _done
.3bbb	e8		inx		    inx
.3bbc	e0 04		cpx #$04	    cpx #$04
.3bbe	d0 f3		bne $3bb3	    bne _synrcvd_ack_check
.3bc0	a9 04		lda #$04	    lda #TCP_STATE_ESTABLISHED
.3bc2	8d 19 21	sta $2119	    sta TCP_STATE
.3bc5	a9 00		lda #$00	    lda #$00
.3bc7	8d 28 21	sta $2128	    sta CONNECT_RETRY_TICKS
.3bca	8d 29 21	sta $2129	    sta CONNECT_RETRY_LEFT
.3bcd	ad 37 21	lda $2137	    lda TCP_ACCEPT_FLAGS
.3bd0	09 01		ora #$01	    ora #$01
.3bd2	8d 37 21	sta $2137	    sta TCP_ACCEPT_FLAGS
.3bd5	a9 00		lda #$00	    lda #$00
.3bd7	8d 38 21	sta $2138	    sta TCP_LISTEN_ENABLED
.3bda	60		rts		    rts
.3bdb					_done:
.3bdb	60		rts		    rts
.3bdc					TCP_DEFER_DUP_ACK:
.3bdc	a9 00		lda #$00	    lda #$00
.3bde	8d d3 2e	sta $2ed3	    sta TCP_RX_DATA_PAYLOAD_SIZE
.3be1	8d d4 2e	sta $2ed4	    sta TCP_RX_DATA_PAYLOAD_SIZE+1
.3be4	8d ff 30	sta $30ff	    sta TCP_DATA_PAYLOAD_SIZE
.3be7	8d 00 31	sta $3100	    sta TCP_DATA_PAYLOAD_SIZE+1
.3bea	8d 60 49	sta $4960	    sta REMOTE_ISN_BUMP
.3bed	20 2a 49	jsr $492a	    jsr CALC_REMOTE_ISN
.3bf0	a9 10		lda #$10	    lda #TCP_FLAG_ACK
.3bf2	20 32 43	jsr $4332	    jsr ETH_BUILD_TCPIP_PACKET
.3bf5	b0 03		bcs $3bfa	    bcs _tcp_defer_dup_ack_done
.3bf7	20 d4 3f	jsr $3fd4	    jsr DEFER_CURRENT_TX
.3bfa					_tcp_defer_dup_ack_done:
.3bfa	60		rts		    rts
.3bfb					TCP_OOO_CLEAR:
.3bfb	a9 00		lda #$00	    lda #$00
.3bfd	8d a9 21	sta $21a9	    sta TCP_OOO_VALID
.3c00	60		rts		    rts
.3c01					TCP_OOO_SAVE_CURRENT:
.3c01	ad a9 21	lda $21a9	    lda TCP_OOO_VALID
.3c04	d3 af 00	bne $3cb5	    bne TCP_OOO_SAVE_DONE
.3c07	ad d3 2e	lda $2ed3	    lda TCP_RX_DATA_PAYLOAD_SIZE
.3c0a	0d d4 2e	ora $2ed4	    ora TCP_RX_DATA_PAYLOAD_SIZE+1
.3c0d	f3 a6 00	beq $3cb5	    beq TCP_OOO_SAVE_DONE
.3c10	ad d4 2e	lda $2ed4	    lda TCP_RX_DATA_PAYLOAD_SIZE+1
.3c13	c9 04		cmp #$04	    cmp #TCP_RECV_WINDOW_CAP_HI
.3c15	90 09		bcc $3c20	    bcc TCP_OOO_SAVE_LEN_OK
.3c17	d3 9c 00	bne $3cb5	    bne TCP_OOO_SAVE_DONE
.3c1a	ad d3 2e	lda $2ed3	    lda TCP_RX_DATA_PAYLOAD_SIZE
.3c1d	d3 96 00	bne $3cb5	    bne TCP_OOO_SAVE_DONE
.3c20					TCP_OOO_SAVE_LEN_OK:
.3c20	a2 00		ldx #$00	    ldx #$00
.3c22					TCP_OOO_SAVE_SEQ:
.3c22	bd a1 21	lda $21a1,x	    lda SEG_SEQ,x
.3c25	9d ab 21	sta $21ab,x	    sta TCP_OOO_SEQ,x
.3c28	e8		inx		    inx
.3c29	e0 04		cpx #$04	    cpx #$04
.3c2b	d0 f5		bne $3c22	    bne TCP_OOO_SAVE_SEQ
.3c2d	ad d3 2e	lda $2ed3	    lda TCP_RX_DATA_PAYLOAD_SIZE
.3c30	8d af 21	sta $21af	    sta TCP_OOO_LEN
.3c33	8d 3d 21	sta $213d	    sta RX_COPY_REM_LO
.3c36	ad d4 2e	lda $2ed4	    lda TCP_RX_DATA_PAYLOAD_SIZE+1
.3c39	8d b0 21	sta $21b0	    sta TCP_OOO_LEN+1
.3c3c	8d 3e 21	sta $213e	    sta RX_COPY_REM_HI
.3c3f	ad 45 21	lda $2145	    lda ETH_RX_TCP_FLAGS
.3c42	29 01		and #$01	    and #TCP_FLAG_FIN
.3c44	8d aa 21	sta $21aa	    sta TCP_OOO_FLAGS
.3c47	20 6c 41	jsr $416c	    jsr RBUF_SAVE_PTR_ZP
.3c4a	a9 91		lda #$91	    lda #<ETH_RX_FRAME_PAYLOAD
.3c4c	18		clc		    clc
.3c4d	6d ec 49	adc $49ec	    adc TCP_DATA_OFFSET
.3c50	8d 7c 3c	sta $3c7c	    sta TCP_OOO_SAVE_READ+1
.3c53	a9 28		lda #$28	    lda #>ETH_RX_FRAME_PAYLOAD
.3c55	69 00		adc #$00	    adc #$00
.3c57	8d 7d 3c	sta $3c7d	    sta TCP_OOO_SAVE_READ+2
.3c5a	a9 00		lda #$00	    lda #<TCP_OOO_BUFFER_BASE
.3c5c	85 fb		sta $fb		    sta RBUF_PTR_LO
.3c5e	a9 10		lda #$10	    lda #>TCP_OOO_BUFFER_BASE
.3c60	85 fc		sta $fc		    sta RBUF_PTR_HI
.3c62	a9 05		lda #$05	    lda #RING_BUFFER_BANK
.3c64	85 fd		sta $fd		    sta RBUF_PTR_BANK
.3c66	a9 00		lda #$00	    lda #RING_BUFFER_BANK_HI
.3c68	85 fe		sta $fe		    sta RBUF_PTR_TOP
.3c6a	a9 00		lda #$00	    lda #$00
.3c6c	8d 9c 21	sta $219c	    sta HHI
.3c6f	a0 00		ldy #$00	    ldy #$00
.3c71	a3 00		ldz #$00	    ldz #$00
.3c73					TCP_OOO_SAVE_LOOP:
.3c73	ad 3d 21	lda $213d	    lda RX_COPY_REM_LO
.3c76	0d 3e 21	ora $213e	    ora RX_COPY_REM_HI
.3c79	f0 32		beq $3cad	    beq TCP_OOO_SAVE_COPIED
.3c7b					TCP_OOO_SAVE_READ:
>3c7b	b9 00 00			    .byte $B9, $00, $00            ; LDA abs,Y (patched to current TCP payload)
.3c7e	ea		nop		    sta [RBUF_PTR_LO],z
.3c7f	92 fb		sta ($fb),z
.3c81	c8		iny		    iny
.3c82	d0 03		bne $3c87	    bne TCP_OOO_SAVE_SRC_OK
.3c84	ee 7d 3c	inc $3c7d	    inc TCP_OOO_SAVE_READ+2
.3c87					TCP_OOO_SAVE_SRC_OK:
.3c87	6b		tza		    tza
.3c88	18		clc		    clc
.3c89	69 01		adc #$01	    adc #$01
.3c8b	4b		taz		    taz
.3c8c	d0 0b		bne $3c99	    bne TCP_OOO_SAVE_DST_OK
.3c8e	ee 9c 21	inc $219c	    inc HHI
.3c91	a9 10		lda #$10	    lda #>TCP_OOO_BUFFER_BASE
.3c93	18		clc		    clc
.3c94	6d 9c 21	adc $219c	    adc HHI
.3c97	85 fc		sta $fc		    sta RBUF_PTR_HI
.3c99					TCP_OOO_SAVE_DST_OK:
.3c99	38		sec		    sec
.3c9a	ad 3d 21	lda $213d	    lda RX_COPY_REM_LO
.3c9d	e9 01		sbc #$01	    sbc #$01
.3c9f	8d 3d 21	sta $213d	    sta RX_COPY_REM_LO
.3ca2	ad 3e 21	lda $213e	    lda RX_COPY_REM_HI
.3ca5	e9 00		sbc #$00	    sbc #$00
.3ca7	8d 3e 21	sta $213e	    sta RX_COPY_REM_HI
.3caa	4c 73 3c	jmp $3c73	    jmp TCP_OOO_SAVE_LOOP
.3cad					TCP_OOO_SAVE_COPIED:
.3cad	20 81 41	jsr $4181	    jsr RBUF_RESTORE_PTR_ZP
.3cb0	a9 01		lda #$01	    lda #$01
.3cb2	8d a9 21	sta $21a9	    sta TCP_OOO_VALID
.3cb5					TCP_OOO_SAVE_DONE:
.3cb5	60		rts		    rts
.3cb6					TCP_OOO_TRY_FLUSH:
.3cb6	ad a9 21	lda $21a9	    lda TCP_OOO_VALID
.3cb9	d0 03		bne $3cbe	    bne TCP_OOO_FLUSH_CHECK_SEQ
.3cbb	a9 00		lda #$00	    lda #$00
.3cbd	60		rts		    rts
.3cbe					TCP_OOO_FLUSH_CHECK_SEQ:
.3cbe	a2 00		ldx #$00	    ldx #$00
.3cc0					TCP_OOO_FLUSH_SEQ_LOOP:
.3cc0	bd ab 21	lda $21ab,x	    lda TCP_OOO_SEQ,x
.3cc3	dd 1a 21	cmp $211a,x	    cmp REMOTE_ISN,x
.3cc6	93 0c 01	bcc $3dd4	    bcc TCP_OOO_FLUSH_STALE
.3cc9	d3 0c 01	bne $3dd7	    bne TCP_OOO_FLUSH_NO
.3ccc	e8		inx		    inx
.3ccd	e0 04		cpx #$04	    cpx #$04
.3ccf	d0 ef		bne $3cc0	    bne TCP_OOO_FLUSH_SEQ_LOOP
.3cd1	08		php		    php
.3cd2	78		sei		    sei
.3cd3	20 6c 41	jsr $416c	    jsr RBUF_SAVE_PTR_ZP
.3cd6	20 82 6e	jsr $6e82	    jsr READ_TAIL_ATOMIC
.3cd9	38		sec		    sec
.3cda	ad 95 21	lda $2195	    lda TMP_TAIL_LO
.3cdd	ed 91 21	sbc $2191	    sbc RBUF_HEAD_LO
.3ce0	8d 9d 21	sta $219d	    sta FREE_LO
.3ce3	ad 96 21	lda $2196	    lda TMP_TAIL_HI
.3ce6	ed 92 21	sbc $2192	    sbc RBUF_HEAD_HI
.3ce9	29 0f		and #$0f	    and #RING_BUFFER_PAGE_MASK
.3ceb	8d 9e 21	sta $219e	    sta FREE_HI
.3cee	38		sec		    sec
.3cef	ad 9d 21	lda $219d	    lda FREE_LO
.3cf2	e9 01		sbc #$01	    sbc #$01
.3cf4	8d 9d 21	sta $219d	    sta FREE_LO
.3cf7	ad 9e 21	lda $219e	    lda FREE_HI
.3cfa	e9 00		sbc #$00	    sbc #$00
.3cfc	29 0f		and #$0f	    and #RING_BUFFER_PAGE_MASK
.3cfe	8d 9e 21	sta $219e	    sta FREE_HI
.3d01	ad 9e 21	lda $219e	    lda FREE_HI
.3d04	cd b0 21	cmp $21b0	    cmp TCP_OOO_LEN+1
.3d07	93 c5 00	bcc $3dce	    bcc TCP_OOO_FLUSH_NO_SPACE
.3d0a	d0 09		bne $3d15	    bne TCP_OOO_FLUSH_HAVE_SPACE
.3d0c	ad 9d 21	lda $219d	    lda FREE_LO
.3d0f	cd af 21	cmp $21af	    cmp TCP_OOO_LEN
.3d12	93 ba 00	bcc $3dce	    bcc TCP_OOO_FLUSH_NO_SPACE
.3d15					TCP_OOO_FLUSH_HAVE_SPACE:
.3d15	ad af 21	lda $21af	    lda TCP_OOO_LEN
.3d18	8d 3d 21	sta $213d	    sta RX_COPY_REM_LO
.3d1b	ad b0 21	lda $21b0	    lda TCP_OOO_LEN+1
.3d1e	8d 3e 21	sta $213e	    sta RX_COPY_REM_HI
.3d21	a9 00		lda #$00	    lda #$00
.3d23	8d 41 21	sta $2141	    sta SKIP_LO
.3d26	8d 42 21	sta $2142	    sta SKIP_HI
.3d29	ad 91 21	lda $2191	    lda RBUF_HEAD_LO
.3d2c	8d 9b 21	sta $219b	    sta HLO
.3d2f	ad 92 21	lda $2192	    lda RBUF_HEAD_HI
.3d32	8d 9c 21	sta $219c	    sta HHI
.3d35					TCP_OOO_FLUSH_LOOP:
.3d35	ad 3d 21	lda $213d	    lda RX_COPY_REM_LO
.3d38	0d 3e 21	ora $213e	    ora RX_COPY_REM_HI
.3d3b	f0 40		beq $3d7d	    beq TCP_OOO_FLUSH_COPIED
.3d3d	20 da 3d	jsr $3dda	    jsr TCP_OOO_SET_SRC_PTR
.3d40	ab 41 21	ldz $2141	    ldz SKIP_LO
.3d43	ea		nop		    lda [RBUF_PTR_LO],z
.3d44	b2 fb		lda ($fb),z
.3d46	48		pha		    pha
.3d47	20 ef 3d	jsr $3def	    jsr TCP_OOO_SET_DST_PTR
.3d4a	ab 9b 21	ldz $219b	    ldz HLO
.3d4d	68		pla		    pla
.3d4e	ea		nop		    sta [RBUF_PTR_LO],z
.3d4f	92 fb		sta ($fb),z
.3d51	ee 41 21	inc $2141	    inc SKIP_LO
.3d54	d0 03		bne $3d59	    bne TCP_OOO_FLUSH_SRC_OK
.3d56	ee 42 21	inc $2142	    inc SKIP_HI
.3d59					TCP_OOO_FLUSH_SRC_OK:
.3d59	ee 9b 21	inc $219b	    inc HLO
.3d5c	d0 0b		bne $3d69	    bne TCP_OOO_FLUSH_DST_OK
.3d5e	ee 9c 21	inc $219c	    inc HHI
.3d61	ad 9c 21	lda $219c	    lda HHI
.3d64	29 0f		and #$0f	    and #RING_BUFFER_PAGE_MASK
.3d66	8d 9c 21	sta $219c	    sta HHI
.3d69					TCP_OOO_FLUSH_DST_OK:
.3d69	38		sec		    sec
.3d6a	ad 3d 21	lda $213d	    lda RX_COPY_REM_LO
.3d6d	e9 01		sbc #$01	    sbc #$01
.3d6f	8d 3d 21	sta $213d	    sta RX_COPY_REM_LO
.3d72	ad 3e 21	lda $213e	    lda RX_COPY_REM_HI
.3d75	e9 00		sbc #$00	    sbc #$00
.3d77	8d 3e 21	sta $213e	    sta RX_COPY_REM_HI
.3d7a	4c 35 3d	jmp $3d35	    jmp TCP_OOO_FLUSH_LOOP
.3d7d					TCP_OOO_FLUSH_COPIED:
.3d7d	ad 9b 21	lda $219b	    lda HLO
.3d80	8d 91 21	sta $2191	    sta RBUF_HEAD_LO
.3d83	ad 9c 21	lda $219c	    lda HHI
.3d86	8d 92 21	sta $2192	    sta RBUF_HEAD_HI
.3d89	20 81 41	jsr $4181	    jsr RBUF_RESTORE_PTR_ZP
.3d8c	ad af 21	lda $21af	    lda TCP_OOO_LEN
.3d8f	8d d3 2e	sta $2ed3	    sta TCP_RX_DATA_PAYLOAD_SIZE
.3d92	ad b0 21	lda $21b0	    lda TCP_OOO_LEN+1
.3d95	8d d4 2e	sta $2ed4	    sta TCP_RX_DATA_PAYLOAD_SIZE+1
.3d98	a9 00		lda #$00	    lda #$00
.3d9a	8d 60 49	sta $4960	    sta REMOTE_ISN_BUMP
.3d9d	ad aa 21	lda $21aa	    lda TCP_OOO_FLAGS
.3da0	29 01		and #$01	    and #TCP_FLAG_FIN
.3da2	f0 05		beq $3da9	    beq TCP_OOO_FLUSH_NO_FIN_BUMP
.3da4	a9 01		lda #$01	    lda #$01
.3da6	8d 60 49	sta $4960	    sta REMOTE_ISN_BUMP
.3da9					TCP_OOO_FLUSH_NO_FIN_BUMP:
.3da9	20 2a 49	jsr $492a	    jsr CALC_REMOTE_ISN
.3dac	a9 00		lda #$00	    lda #$00
.3dae	8d 60 49	sta $4960	    sta REMOTE_ISN_BUMP
.3db1	8d d3 2e	sta $2ed3	    sta TCP_RX_DATA_PAYLOAD_SIZE
.3db4	8d d4 2e	sta $2ed4	    sta TCP_RX_DATA_PAYLOAD_SIZE+1
.3db7	8d ff 30	sta $30ff	    sta TCP_DATA_PAYLOAD_SIZE
.3dba	8d 00 31	sta $3100	    sta TCP_DATA_PAYLOAD_SIZE+1
.3dbd	8d a9 21	sta $21a9	    sta TCP_OOO_VALID
.3dc0	ad aa 21	lda $21aa	    lda TCP_OOO_FLAGS
.3dc3	29 01		and #$01	    and #TCP_FLAG_FIN
.3dc5	f0 03		beq $3dca	    beq TCP_OOO_FLUSH_SUCCESS
.3dc7	20 04 3e	jsr $3e04	    jsr TCP_OOO_APPLY_PEER_FIN_STATE
.3dca					TCP_OOO_FLUSH_SUCCESS:
.3dca	28		plp		    plp
.3dcb	a9 01		lda #$01	    lda #$01
.3dcd	60		rts		    rts
.3dce					TCP_OOO_FLUSH_NO_SPACE:
.3dce	20 81 41	jsr $4181	    jsr RBUF_RESTORE_PTR_ZP
.3dd1	28		plp		    plp
.3dd2	80 03		bra $3dd7	    bra TCP_OOO_FLUSH_NO
.3dd4					TCP_OOO_FLUSH_STALE:
.3dd4	20 fb 3b	jsr $3bfb	    jsr TCP_OOO_CLEAR
.3dd7					TCP_OOO_FLUSH_NO:
.3dd7	a9 00		lda #$00	    lda #$00
.3dd9	60		rts		    rts
.3dda					TCP_OOO_SET_SRC_PTR:
.3dda	a9 00		lda #$00	    lda #<TCP_OOO_BUFFER_BASE
.3ddc	85 fb		sta $fb		    sta RBUF_PTR_LO
.3dde	a9 10		lda #$10	    lda #>TCP_OOO_BUFFER_BASE
.3de0	18		clc		    clc
.3de1	6d 42 21	adc $2142	    adc SKIP_HI
.3de4	85 fc		sta $fc		    sta RBUF_PTR_HI
.3de6	a9 05		lda #$05	    lda #RING_BUFFER_BANK
.3de8	85 fd		sta $fd		    sta RBUF_PTR_BANK
.3dea	a9 00		lda #$00	    lda #RING_BUFFER_BANK_HI
.3dec	85 fe		sta $fe		    sta RBUF_PTR_TOP
.3dee	60		rts		    rts
.3def					TCP_OOO_SET_DST_PTR:
.3def	a9 00		lda #$00	    lda #<RING_BUFFER_BASE
.3df1	85 fb		sta $fb		    sta RBUF_PTR_LO
.3df3	a9 00		lda #$00	    lda #>RING_BUFFER_BASE
.3df5	18		clc		    clc
.3df6	6d 9c 21	adc $219c	    adc HHI
.3df9	85 fc		sta $fc		    sta RBUF_PTR_HI
.3dfb	a9 05		lda #$05	    lda #RING_BUFFER_BANK
.3dfd	85 fd		sta $fd		    sta RBUF_PTR_BANK
.3dff	a9 00		lda #$00	    lda #RING_BUFFER_BANK_HI
.3e01	85 fe		sta $fe		    sta RBUF_PTR_TOP
.3e03	60		rts		    rts
.3e04					TCP_OOO_APPLY_PEER_FIN_STATE:
.3e04	ad 19 21	lda $2119	    lda TCP_STATE
.3e07	c9 05		cmp #$05	    cmp #TCP_STATE_FIN_WAIT_1
.3e09	f0 12		beq $3e1d	    beq TCP_OOO_PEER_FIN_ACTIVE_CLOSE
.3e0b	c9 06		cmp #$06	    cmp #TCP_STATE_FIN_WAIT_2
.3e0d	f0 0e		beq $3e1d	    beq TCP_OOO_PEER_FIN_ACTIVE_CLOSE
.3e0f	a9 07		lda #$07	    lda #TCP_STATE_CLOSE_WAIT
.3e11	8d 19 21	sta $2119	    sta TCP_STATE
.3e14	ad 3d 4a	lda $4a3d	    lda TCP_EVENT_FLAG
.3e17	09 02		ora #$02	    ora #EV_PEER_FIN
.3e19	8d 3d 4a	sta $4a3d	    sta TCP_EVENT_FLAG
.3e1c	60		rts		    rts
.3e1d					TCP_OOO_PEER_FIN_ACTIVE_CLOSE:
.3e1d	20 70 40	jsr $4070	    jsr TCP_TIME_WAIT_RESET
.3e20	a9 00		lda #$00	    lda #$00
.3e22	8d 28 21	sta $2128	    sta CONNECT_RETRY_TICKS
.3e25	8d 29 21	sta $2129	    sta CONNECT_RETRY_LEFT
.3e28	a9 0a		lda #$0a	    lda #TCP_STATE_TIME_WAIT
.3e2a	8d 19 21	sta $2119	    sta TCP_STATE
.3e2d	a9 00		lda #$00	    lda #$00
.3e2f	8d 25 21	sta $2125	    sta CONNECT_ACTIVE
.3e32	ad 3d 4a	lda $4a3d	    lda TCP_EVENT_FLAG
.3e35	09 04		ora #$04	    ora #EV_LOCAL_CLOSE
.3e37	8d 3d 4a	sta $4a3d	    sta TCP_EVENT_FLAG
.3e3a	60		rts		    rts
.3e3b					TCP_SEND_RESET_FOR_RX:
.3e3b	ad 45 21	lda $2145	    lda ETH_RX_TCP_FLAGS
.3e3e	29 04		and #$04	    and #TCP_FLAG_RST
.3e40	f0 01		beq $3e43	    beq _tcp_rst_not_rst
.3e42	60		rts		    rts
.3e43					_tcp_rst_not_rst:
.3e43	ad 89 28	lda $2889	    lda ETH_RX_FRAME_SRC_MAC
.3e46	29 01		and #$01	    and #$01
.3e48	f0 01		beq $3e4b	    beq _tcp_rst_src_unicast
.3e4a	60		rts		    rts
.3e4b					_tcp_rst_src_unicast:
.3e4b	20 38 3f	jsr $3f38	    jsr TCP_RST_SAVE_CONTEXT
.3e4e	ad 91 28	lda $2891	    lda ETH_RX_FRAME_PAYLOAD
.3e51	29 0f		and #$0f	    and #$0f
.3e53	0a		asl a		    asl
.3e54	0a		asl a		    asl
.3e55	8d 12 2f	sta $2f12	    sta TCP_RST_TCP_OFF
.3e58	aa		tax		    tax
.3e59	a0 03		ldy #$03	    ldy #$03
.3e5b					_tcp_rst_ip_copy:
.3e5b	b9 9d 28	lda $289d,y	    lda ETH_RX_FRAME_PAYLOAD+12,y
.3e5e	99 06 21	sta $2106,y	    sta REMOTE_IP,y
.3e61	88		dey		    dey
.3e62	10 f7		bpl $3e5b	    bpl _tcp_rst_ip_copy
.3e64	bd 91 28	lda $2891,x	    lda ETH_RX_FRAME_PAYLOAD+0,x
.3e67	8d 0a 21	sta $210a	    sta REMOTE_PORT
.3e6a	bd 92 28	lda $2892,x	    lda ETH_RX_FRAME_PAYLOAD+1,x
.3e6d	8d 0b 21	sta $210b	    sta REMOTE_PORT+1
.3e70	bd 93 28	lda $2893,x	    lda ETH_RX_FRAME_PAYLOAD+2,x
.3e73	8d 04 21	sta $2104	    sta LOCAL_PORT
.3e76	bd 94 28	lda $2894,x	    lda ETH_RX_FRAME_PAYLOAD+3,x
.3e79	8d 05 21	sta $2105	    sta LOCAL_PORT+1
.3e7c	bd 95 28	lda $2895,x	    lda ETH_RX_FRAME_PAYLOAD+4,x
.3e7f	8d a1 21	sta $21a1	    sta SEG_SEQ+0
.3e82	bd 96 28	lda $2896,x	    lda ETH_RX_FRAME_PAYLOAD+5,x
.3e85	8d a2 21	sta $21a2	    sta SEG_SEQ+1
.3e88	bd 97 28	lda $2897,x	    lda ETH_RX_FRAME_PAYLOAD+6,x
.3e8b	8d a3 21	sta $21a3	    sta SEG_SEQ+2
.3e8e	bd 98 28	lda $2898,x	    lda ETH_RX_FRAME_PAYLOAD+7,x
.3e91	8d a4 21	sta $21a4	    sta SEG_SEQ+3
.3e94	bd 99 28	lda $2899,x	    lda ETH_RX_FRAME_PAYLOAD+8,x
.3e97	8d a5 21	sta $21a5	    sta SEG_ACK+0
.3e9a	bd 9a 28	lda $289a,x	    lda ETH_RX_FRAME_PAYLOAD+9,x
.3e9d	8d a6 21	sta $21a6	    sta SEG_ACK+1
.3ea0	bd 9b 28	lda $289b,x	    lda ETH_RX_FRAME_PAYLOAD+10,x
.3ea3	8d a7 21	sta $21a7	    sta SEG_ACK+2
.3ea6	bd 9c 28	lda $289c,x	    lda ETH_RX_FRAME_PAYLOAD+11,x
.3ea9	8d a8 21	sta $21a8	    sta SEG_ACK+3
.3eac	20 61 49	jsr $4961	    jsr CALC_RX_TCP_BYTE_COUNT
.3eaf	ad 45 21	lda $2145	    lda ETH_RX_TCP_FLAGS
.3eb2	29 10		and #$10	    and #TCP_FLAG_ACK
.3eb4	f0 18		beq $3ece	    beq _tcp_rst_no_ack
.3eb6	a2 03		ldx #$03	    ldx #$03
.3eb8					_tcp_rst_seq_from_ack:
.3eb8	bd a5 21	lda $21a5,x	    lda SEG_ACK,x
.3ebb	9d 1e 21	sta $211e,x	    sta LOCAL_ISN,x
.3ebe	a9 00		lda #$00	    lda #$00
.3ec0	9d 1a 21	sta $211a,x	    sta REMOTE_ISN,x
.3ec3	ca		dex		    dex
.3ec4	10 f2		bpl $3eb8	    bpl _tcp_rst_seq_from_ack
.3ec6	a9 04		lda #$04	    lda #TCP_FLAG_RST
.3ec8	8d 13 2f	sta $2f13	    sta TCP_RST_REPLY_FLAGS
.3ecb	4c ff 3e	jmp $3eff	    jmp _tcp_rst_build
.3ece					_tcp_rst_no_ack:
.3ece	a2 03		ldx #$03	    ldx #$03
.3ed0					_tcp_rst_ack_from_seq:
.3ed0	a9 00		lda #$00	    lda #$00
.3ed2	9d 1e 21	sta $211e,x	    sta LOCAL_ISN,x
.3ed5	bd a1 21	lda $21a1,x	    lda SEG_SEQ,x
.3ed8	9d 1a 21	sta $211a,x	    sta REMOTE_ISN,x
.3edb	ca		dex		    dex
.3edc	10 f2		bpl $3ed0	    bpl _tcp_rst_ack_from_seq
.3ede	a9 00		lda #$00	    lda #$00
.3ee0	8d 60 49	sta $4960	    sta REMOTE_ISN_BUMP
.3ee3	ad 45 21	lda $2145	    lda ETH_RX_TCP_FLAGS
.3ee6	29 02		and #$02	    and #TCP_FLAG_SYN
.3ee8	f0 03		beq $3eed	    beq +
.3eea	ee 60 49	inc $4960	    inc REMOTE_ISN_BUMP
.3eed	ad 45 21	lda $2145	+   lda ETH_RX_TCP_FLAGS
.3ef0	29 01		and #$01	    and #TCP_FLAG_FIN
.3ef2	f0 03		beq $3ef7	    beq +
.3ef4	ee 60 49	inc $4960	    inc REMOTE_ISN_BUMP
.3ef7	20 2a 49	jsr $492a	+   jsr CALC_REMOTE_ISN
.3efa	a9 14		lda #$14	    lda #(TCP_FLAG_RST|TCP_FLAG_ACK)
.3efc	8d 13 2f	sta $2f13	    sta TCP_RST_REPLY_FLAGS
.3eff					_tcp_rst_build:
.3eff	a9 00		lda #$00	    lda #$00
.3f01	8d ff 30	sta $30ff	    sta TCP_DATA_PAYLOAD_SIZE
.3f04	8d 00 31	sta $3100	    sta TCP_DATA_PAYLOAD_SIZE+1
.3f07	a9 08		lda #$08	    lda #$08
.3f09	8d 41 22	sta $2241	    sta ETH_TX_TYPE
.3f0c	a9 00		lda #$00	    lda #$00
.3f0e	8d 42 22	sta $2242	    sta ETH_TX_TYPE+1
.3f11	a9 06		lda #$06	    lda #$06
.3f13	20 7d 44	jsr $447d	    jsr BUILD_IPV4_HEADER
.3f16	ad 13 2f	lda $2f13	    lda TCP_RST_REPLY_FLAGS
.3f19	20 24 46	jsr $4624	    jsr BUILD_TCP_HEADER
.3f1c	a0 05		ldy #$05	    ldy #$05
.3f1e					_tcp_rst_mac_copy:
.3f1e	b9 89 28	lda $2889,y	    lda ETH_RX_FRAME_SRC_MAC,y
.3f21	99 35 22	sta $2235,y	    sta ETH_TX_FRAME_DEST_MAC,y
.3f24	88		dey		    dey
.3f25	10 f7		bpl $3f1e	    bpl _tcp_rst_mac_copy
.3f27	a9 3c		lda #$3c	    lda #60
.3f29	8d 46 21	sta $2146	    sta ETH_TX_LEN_LSB
.3f2c	a9 00		lda #$00	    lda #$00
.3f2e	8d 47 21	sta $2147	    sta ETH_TX_LEN_MSB
.3f31	20 d4 3f	jsr $3fd4	    jsr DEFER_CURRENT_TX
.3f34	20 86 3f	jsr $3f86	    jsr TCP_RST_RESTORE_CONTEXT
.3f37	60		rts		    rts
.3f38					TCP_RST_SAVE_CONTEXT:
.3f38	ad 04 21	lda $2104	    lda LOCAL_PORT
.3f3b	8d fd 2e	sta $2efd	    sta TCP_RST_SAVE_LOCAL_PORT
.3f3e	ad 05 21	lda $2105	    lda LOCAL_PORT+1
.3f41	8d fe 2e	sta $2efe	    sta TCP_RST_SAVE_LOCAL_PORT+1
.3f44	ad 0a 21	lda $210a	    lda REMOTE_PORT
.3f47	8d ff 2e	sta $2eff	    sta TCP_RST_SAVE_REMOTE_PORT
.3f4a	ad 0b 21	lda $210b	    lda REMOTE_PORT+1
.3f4d	8d 00 2f	sta $2f00	    sta TCP_RST_SAVE_REMOTE_PORT+1
.3f50	ad ff 30	lda $30ff	    lda TCP_DATA_PAYLOAD_SIZE
.3f53	8d 0d 2f	sta $2f0d	    sta TCP_RST_SAVE_TX_LEN
.3f56	ad 00 31	lda $3100	    lda TCP_DATA_PAYLOAD_SIZE+1
.3f59	8d 0e 2f	sta $2f0e	    sta TCP_RST_SAVE_TX_LEN+1
.3f5c	ad d3 2e	lda $2ed3	    lda TCP_RX_DATA_PAYLOAD_SIZE
.3f5f	8d 0f 2f	sta $2f0f	    sta TCP_RST_SAVE_RX_LEN
.3f62	ad d4 2e	lda $2ed4	    lda TCP_RX_DATA_PAYLOAD_SIZE+1
.3f65	8d 10 2f	sta $2f10	    sta TCP_RST_SAVE_RX_LEN+1
.3f68	ad 60 49	lda $4960	    lda REMOTE_ISN_BUMP
.3f6b	8d 11 2f	sta $2f11	    sta TCP_RST_SAVE_BUMP
.3f6e	a2 03		ldx #$03	    ldx #$03
.3f70					_tcp_rst_save_loop:
.3f70	bd 06 21	lda $2106,x	    lda REMOTE_IP,x
.3f73	9d 01 2f	sta $2f01,x	    sta TCP_RST_SAVE_REMOTE_IP,x
.3f76	bd 1e 21	lda $211e,x	    lda LOCAL_ISN,x
.3f79	9d 05 2f	sta $2f05,x	    sta TCP_RST_SAVE_LOCAL_ISN,x
.3f7c	bd 1a 21	lda $211a,x	    lda REMOTE_ISN,x
.3f7f	9d 09 2f	sta $2f09,x	    sta TCP_RST_SAVE_REMOTE_ISN,x
.3f82	ca		dex		    dex
.3f83	10 eb		bpl $3f70	    bpl _tcp_rst_save_loop
.3f85	60		rts		    rts
.3f86					TCP_RST_RESTORE_CONTEXT:
.3f86	ad fd 2e	lda $2efd	    lda TCP_RST_SAVE_LOCAL_PORT
.3f89	8d 04 21	sta $2104	    sta LOCAL_PORT
.3f8c	ad fe 2e	lda $2efe	    lda TCP_RST_SAVE_LOCAL_PORT+1
.3f8f	8d 05 21	sta $2105	    sta LOCAL_PORT+1
.3f92	ad ff 2e	lda $2eff	    lda TCP_RST_SAVE_REMOTE_PORT
.3f95	8d 0a 21	sta $210a	    sta REMOTE_PORT
.3f98	ad 00 2f	lda $2f00	    lda TCP_RST_SAVE_REMOTE_PORT+1
.3f9b	8d 0b 21	sta $210b	    sta REMOTE_PORT+1
.3f9e	ad 0d 2f	lda $2f0d	    lda TCP_RST_SAVE_TX_LEN
.3fa1	8d ff 30	sta $30ff	    sta TCP_DATA_PAYLOAD_SIZE
.3fa4	ad 0e 2f	lda $2f0e	    lda TCP_RST_SAVE_TX_LEN+1
.3fa7	8d 00 31	sta $3100	    sta TCP_DATA_PAYLOAD_SIZE+1
.3faa	ad 0f 2f	lda $2f0f	    lda TCP_RST_SAVE_RX_LEN
.3fad	8d d3 2e	sta $2ed3	    sta TCP_RX_DATA_PAYLOAD_SIZE
.3fb0	ad 10 2f	lda $2f10	    lda TCP_RST_SAVE_RX_LEN+1
.3fb3	8d d4 2e	sta $2ed4	    sta TCP_RX_DATA_PAYLOAD_SIZE+1
.3fb6	ad 11 2f	lda $2f11	    lda TCP_RST_SAVE_BUMP
.3fb9	8d 60 49	sta $4960	    sta REMOTE_ISN_BUMP
.3fbc	a2 03		ldx #$03	    ldx #$03
.3fbe					_tcp_rst_restore_loop:
.3fbe	bd 01 2f	lda $2f01,x	    lda TCP_RST_SAVE_REMOTE_IP,x
.3fc1	9d 06 21	sta $2106,x	    sta REMOTE_IP,x
.3fc4	bd 05 2f	lda $2f05,x	    lda TCP_RST_SAVE_LOCAL_ISN,x
.3fc7	9d 1e 21	sta $211e,x	    sta LOCAL_ISN,x
.3fca	bd 09 2f	lda $2f09,x	    lda TCP_RST_SAVE_REMOTE_ISN,x
.3fcd	9d 1a 21	sta $211a,x	    sta REMOTE_ISN,x
.3fd0	ca		dex		    dex
.3fd1	10 eb		bpl $3fbe	    bpl _tcp_rst_restore_loop
.3fd3	60		rts		    rts
.3fd4					DEFER_CURRENT_TX:
.3fd4	ad 46 21	lda $2146	    lda ETH_TX_LEN_LSB
.3fd7	ae 47 21	ldx $2147	    ldx ETH_TX_LEN_MSB
.3fda	e0 00		cpx #$00	    cpx #$00
.3fdc	d0 04		bne $3fe2	    bne _clamp
.3fde	c9 3d		cmp #$3d	    cmp #61
.3fe0	90 04		bcc $3fe6	    bcc _len_ok
.3fe2					_clamp:
.3fe2	a9 3c		lda #$3c	    lda #60
.3fe4	a2 00		ldx #$00	    ldx #$00
.3fe6					_len_ok:
.3fe6	8d 53 21	sta $2153	    sta ACK_REPLY_LEN_L
.3fe9	8e 54 21	stx $2154	    stx ACK_REPLY_LEN_H
.3fec	ae 53 21	ldx $2153	    ldx ACK_REPLY_LEN_L
.3fef	f0 10		beq $4001	    beq _done
.3ff1					_copy:
.3ff1	ca		dex		    dex
.3ff2	bd 35 22	lda $2235,x	    lda ETH_TX_FRAME_DEST_MAC,x
.3ff5	9d 55 21	sta $2155,x	    sta ACK_REPLY_PACKET,x
.3ff8	e0 00		cpx #$00	    cpx #0
.3ffa	d0 f5		bne $3ff1	    bne _copy
.3ffc	a9 01		lda #$01	    lda #$01
.3ffe	8d 52 21	sta $2152	    sta ACK_REPLY_PENDING
.4001					_done
.4001	60		rts		    rts
.4002					TIME_WAIT_TICK:
.4002	20 2e 40	jsr $402e	    jsr TIME_WAIT_FRAME_TICK
.4005	90 26		bcc $402d	    bcc _done
.4007	38		sec		    sec                         ; prepare carry for SBC
.4008	ad 4c 21	lda $214c	    lda TIME_WAIT_COUNTER_LO
.400b	e9 01		sbc #$01	    sbc #1                      ; decrement low byte
.400d	8d 4c 21	sta $214c	    sta TIME_WAIT_COUNTER_LO
.4010	ad 4d 21	lda $214d	    lda TIME_WAIT_COUNTER_HI
.4013	e9 00		sbc #$00	    sbc #0                      ; subtract borrow into high byte
.4015	8d 4d 21	sta $214d	    sta TIME_WAIT_COUNTER_HI
.4018	ad 4c 21	lda $214c	    lda TIME_WAIT_COUNTER_LO
.401b	0d 4d 21	ora $214d	    ora TIME_WAIT_COUNTER_HI
.401e	d0 0d		bne $402d	    bne _done
.4020	a9 00		lda #$00	    lda #TCP_STATE_CLOSED
.4022	8d 19 21	sta $2119	    sta TCP_STATE
.4025	ad 3d 4a	lda $4a3d	    lda TCP_EVENT_FLAG
.4028	09 08		ora #$08	    ora #EV_TIMEWAIT_DONE
.402a	8d 3d 4a	sta $4a3d	    sta TCP_EVENT_FLAG
.402d					_done:
.402d	60		rts		    rts
.402e					TIME_WAIT_FRAME_TICK:
.402e	20 9b 4f	jsr $4f9b	    jsr ARP_READ_RASTER
.4031	ad 0c 4c	lda $4c0c	    lda ARP_CUR_RASTER_HI
.4034	cd 50 21	cmp $2150	    cmp TIME_WAIT_LAST_RASTER_HI
.4037	90 18		bcc $4051	    bcc _tw_frame_elapsed
.4039	d0 08		bne $4043	    bne _tw_no_frame
.403b	ad 0b 4c	lda $4c0b	    lda ARP_CUR_RASTER_LO
.403e	cd 4f 21	cmp $214f	    cmp TIME_WAIT_LAST_RASTER_LO
.4041	90 0e		bcc $4051	    bcc _tw_frame_elapsed
.4043					_tw_no_frame:
.4043	ad 0b 4c	lda $4c0b	    lda ARP_CUR_RASTER_LO
.4046	8d 4f 21	sta $214f	    sta TIME_WAIT_LAST_RASTER_LO
.4049	ad 0c 4c	lda $4c0c	    lda ARP_CUR_RASTER_HI
.404c	8d 50 21	sta $2150	    sta TIME_WAIT_LAST_RASTER_HI
.404f	18		clc		    clc
.4050	60		rts		    rts
.4051					_tw_frame_elapsed:
.4051	ad 0b 4c	lda $4c0b	    lda ARP_CUR_RASTER_LO
.4054	8d 4f 21	sta $214f	    sta TIME_WAIT_LAST_RASTER_LO
.4057	ad 0c 4c	lda $4c0c	    lda ARP_CUR_RASTER_HI
.405a	8d 50 21	sta $2150	    sta TIME_WAIT_LAST_RASTER_HI
.405d	ad 4e 21	lda $214e	    lda TIME_WAIT_FRAME_TICKS
.4060	f0 05		beq $4067	    beq _tw_emit_tick
.4062	ce 4e 21	dec $214e	    dec TIME_WAIT_FRAME_TICKS
.4065	d0 07		bne $406e	    bne _tw_no_tick
.4067					_tw_emit_tick:
.4067	a9 06		lda #$06	    lda #TIME_WAIT_TICK_FRAMES
.4069	8d 4e 21	sta $214e	    sta TIME_WAIT_FRAME_TICKS
.406c	38		sec		    sec
.406d	60		rts		    rts
.406e					_tw_no_tick:
.406e	18		clc		    clc
.406f	60		rts		    rts
.4070					TCP_TIME_WAIT_RESET:
.4070	a9 02		lda #$02	    lda #$02
.4072	8d 4d 21	sta $214d	    sta TIME_WAIT_COUNTER_HI
.4075	a9 58		lda #$58	    lda #$58
.4077	8d 4c 21	sta $214c	    sta TIME_WAIT_COUNTER_LO
.407a	a9 06		lda #$06	    lda #TIME_WAIT_TICK_FRAMES
.407c	8d 4e 21	sta $214e	    sta TIME_WAIT_FRAME_TICKS
.407f	20 9b 4f	jsr $4f9b	    jsr ARP_READ_RASTER
.4082	ad 0b 4c	lda $4c0b	    lda ARP_CUR_RASTER_LO
.4085	8d 4f 21	sta $214f	    sta TIME_WAIT_LAST_RASTER_LO
.4088	ad 0c 4c	lda $4c0c	    lda ARP_CUR_RASTER_HI
.408b	8d 50 21	sta $2150	    sta TIME_WAIT_LAST_RASTER_HI
.408e	60		rts		    rts

;******  Processing file: mega-ip/rbuf.asm

.408f					RBUF_PUT:
.408f	08		php		    php
.4090	78		sei		    sei
.4091	48		pha		    pha                         ; save data byte on stack
.4092	20 6c 41	jsr $416c	    jsr RBUF_SAVE_PTR_ZP
.4095	ad 91 21	lda $2191	    lda RBUF_HEAD_LO
.4098	8d 9b 21	sta $219b	    sta HLO
.409b	ad 92 21	lda $2192	    lda RBUF_HEAD_HI
.409e	8d 9c 21	sta $219c	    sta HHI
.40a1	18		clc		    clc
.40a2	ad 9b 21	lda $219b	    lda HLO
.40a5	69 01		adc #$01	    adc #1
.40a7	8d 99 21	sta $2199	    sta NEXT_LO
.40aa	ad 9c 21	lda $219c	    lda HHI
.40ad	69 00		adc #$00	    adc #0
.40af	29 0f		and #$0f	    and #RING_BUFFER_PAGE_MASK
.40b1	8d 9a 21	sta $219a	    sta NEXT_HI
.40b4	20 82 6e	jsr $6e82	    jsr READ_TAIL_ATOMIC
.40b7	ad 99 21	lda $2199	    lda NEXT_LO
.40ba	cd 95 21	cmp $2195	    cmp TMP_TAIL_LO
.40bd	d0 0f		bne $40ce	    bne _not_full
.40bf	ad 9a 21	lda $219a	    lda NEXT_HI
.40c2	cd 96 21	cmp $2196	    cmp TMP_TAIL_HI
.40c5	d0 07		bne $40ce	    bne _not_full
.40c7					_full:
.40c7	20 81 41	jsr $4181	    jsr RBUF_RESTORE_PTR_ZP
.40ca	68		pla		    pla                         ; drop saved byte
.40cb	28		plp		    plp
.40cc	38		sec		    sec                         ; full
.40cd	60		rts		    rts
.40ce					_not_full:
.40ce	a9 00		lda #$00	    lda #<RING_BUFFER_BASE
.40d0	85 fb		sta $fb		    sta RBUF_PTR_LO
.40d2	a9 00		lda #$00	    lda #>RING_BUFFER_BASE
.40d4	18		clc		    clc
.40d5	6d 9c 21	adc $219c	    adc HHI
.40d8	85 fc		sta $fc		    sta RBUF_PTR_HI
.40da	a9 05		lda #$05	    lda #RING_BUFFER_BANK
.40dc	85 fd		sta $fd		    sta RBUF_PTR_BANK
.40de	a9 00		lda #$00	    lda #RING_BUFFER_BANK_HI
.40e0	85 fe		sta $fe		    sta RBUF_PTR_TOP
.40e2	ab 9b 21	ldz $219b	    ldz HLO
.40e5	68		pla		    pla                          ; A = data byte
.40e6	ea		nop		    sta [RBUF_PTR_LO],z
.40e7	92 fb		sta ($fb),z
.40e9					_pub:
.40e9	ad 99 21	lda $2199	    lda NEXT_LO
.40ec	8d 91 21	sta $2191	    sta RBUF_HEAD_LO
.40ef	ad 9a 21	lda $219a	    lda NEXT_HI
.40f2	8d 92 21	sta $2192	    sta RBUF_HEAD_HI
.40f5	20 81 41	jsr $4181	    jsr RBUF_RESTORE_PTR_ZP
.40f8	28		plp		    plp
.40f9	18		clc		    clc                         ; success
.40fa	60		rts		    rts
.40fb					RBUF_GET:
.40fb	08		php		    php
.40fc	78		sei		    sei
.40fd	6b		tza		    tza
.40fe	48		pha		    pha
.40ff	20 6c 41	jsr $416c	    jsr RBUF_SAVE_PTR_ZP
.4102	20 97 6e	jsr $6e97	    jsr READ_HEAD_ATOMIC
.4105	ad 93 21	lda $2193	    lda RBUF_TAIL_LO
.4108	cd 97 21	cmp $2197	    cmp TMP_HEAD_LO
.410b	d0 08		bne $4115	    bne _not_empty
.410d	ad 94 21	lda $2194	    lda RBUF_TAIL_HI
.4110	cd 98 21	cmp $2198	    cmp TMP_HEAD_HI
.4113	f0 46		beq $415b	    beq _empty
.4115					_not_empty:
.4115	a9 00		lda #$00	    lda #<RING_BUFFER_BASE
.4117	85 fb		sta $fb		    sta RBUF_PTR_LO
.4119	a9 00		lda #$00	    lda #>RING_BUFFER_BASE
.411b	18		clc		    clc
.411c	6d 94 21	adc $2194	    adc RBUF_TAIL_HI             ; select ring page
.411f	85 fc		sta $fc		    sta RBUF_PTR_HI
.4121	a9 05		lda #$05	    lda #RING_BUFFER_BANK
.4123	85 fd		sta $fd		    sta RBUF_PTR_BANK
.4125	a9 00		lda #$00	    lda #RING_BUFFER_BANK_HI
.4127	85 fe		sta $fe		    sta RBUF_PTR_TOP
.4129	ab 93 21	ldz $2193	    ldz RBUF_TAIL_LO
.412c	ea		nop		    lda [RBUF_PTR_LO],z
.412d	b2 fb		lda ($fb),z
.412f	48		pha		    pha
.4130	ee 93 21	inc $2193	    inc RBUF_TAIL_LO
.4133	d0 0b		bne $4140	    bne _ok
.4135	ee 94 21	inc $2194	    inc RBUF_TAIL_HI
.4138	ad 94 21	lda $2194	    lda RBUF_TAIL_HI
.413b	29 0f		and #$0f	    and #RING_BUFFER_PAGE_MASK
.413d	8d 94 21	sta $2194	    sta RBUF_TAIL_HI
.4140					_ok:
.4140	ad 51 21	lda $2151	    lda CHARACTER_MODE
.4143	f0 07		beq $414c	    beq _ok_done
.4145	68		pla		    pla
.4146	20 bd 6c	jsr $6cbd	    jsr CHAR_TRANSLATE
.4149	4c 4d 41	jmp $414d	    jmp _return_ok
.414c					_ok_done:
.414c	68		pla		    pla
.414d					_return_ok:
.414d	8d 6b 41	sta $416b	    sta RBUF_GET_SAVE_A
.4150	20 81 41	jsr $4181	    jsr RBUF_RESTORE_PTR_ZP
.4153	68		pla		    pla
.4154	4b		taz		    taz
.4155	ad 6b 41	lda $416b	    lda RBUF_GET_SAVE_A
.4158	28		plp		    plp
.4159	18		clc		    clc
.415a	60		rts		    rts
.415b					_empty:
.415b	a9 00		lda #$00	    lda #$00
.415d	8d 6b 41	sta $416b	    sta RBUF_GET_SAVE_A
.4160	20 81 41	jsr $4181	    jsr RBUF_RESTORE_PTR_ZP
.4163	68		pla		    pla
.4164	4b		taz		    taz
.4165	ad 6b 41	lda $416b	    lda RBUF_GET_SAVE_A
.4168	28		plp		    plp
.4169	38		sec		    sec
.416a	60		rts		    rts
.416b					RBUF_GET_SAVE_A:
>416b	00				    .byte $00
.416c					RBUF_SAVE_PTR_ZP:
.416c	a5 fb		lda $fb		    lda RBUF_PTR_LO
.416e	8d 96 41	sta $4196	    sta RBUF_SAVE_PTR_LO
.4171	a5 fc		lda $fc		    lda RBUF_PTR_HI
.4173	8d 97 41	sta $4197	    sta RBUF_SAVE_PTR_HI
.4176	a5 fd		lda $fd		    lda RBUF_PTR_BANK
.4178	8d 98 41	sta $4198	    sta RBUF_SAVE_PTR_BANK
.417b	a5 fe		lda $fe		    lda RBUF_PTR_TOP
.417d	8d 99 41	sta $4199	    sta RBUF_SAVE_PTR_TOP
.4180	60		rts		    rts
.4181					RBUF_RESTORE_PTR_ZP:
.4181	ad 96 41	lda $4196	    lda RBUF_SAVE_PTR_LO
.4184	85 fb		sta $fb		    sta RBUF_PTR_LO
.4186	ad 97 41	lda $4197	    lda RBUF_SAVE_PTR_HI
.4189	85 fc		sta $fc		    sta RBUF_PTR_HI
.418b	ad 98 41	lda $4198	    lda RBUF_SAVE_PTR_BANK
.418e	85 fd		sta $fd		    sta RBUF_PTR_BANK
.4190	ad 99 41	lda $4199	    lda RBUF_SAVE_PTR_TOP
.4193	85 fe		sta $fe		    sta RBUF_PTR_TOP
.4195	60		rts		    rts
>4196	00				RBUF_SAVE_PTR_LO:   .byte $00
>4197	00				RBUF_SAVE_PTR_HI:   .byte $00
>4198	00				RBUF_SAVE_PTR_BANK: .byte $00
>4199	00				RBUF_SAVE_PTR_TOP:  .byte $00
.419a					RBUF_IS_FULL:
.419a	ad 91 21	lda $2191	    lda RBUF_HEAD_LO
.419d	8d 9b 21	sta $219b	    sta HLO
.41a0	ad 92 21	lda $2192	    lda RBUF_HEAD_HI
.41a3	8d 9c 21	sta $219c	    sta HHI
.41a6	18		clc		    clc
.41a7	ad 9b 21	lda $219b	    lda HLO
.41aa	69 01		adc #$01	    adc #1
.41ac	8d 99 21	sta $2199	    sta NEXT_LO
.41af	ad 9c 21	lda $219c	    lda HHI
.41b2	69 00		adc #$00	    adc #0
.41b4	29 0f		and #$0f	    and #RING_BUFFER_PAGE_MASK
.41b6	8d 9a 21	sta $219a	    sta NEXT_HI
.41b9	20 82 6e	jsr $6e82	    jsr READ_TAIL_ATOMIC
.41bc	ad 99 21	lda $2199	    lda NEXT_LO
.41bf	cd 95 21	cmp $2195	    cmp TMP_TAIL_LO
.41c2	d0 08		bne $41cc	    bne _no
.41c4	ad 9a 21	lda $219a	    lda NEXT_HI
.41c7	cd 96 21	cmp $2196	    cmp TMP_TAIL_HI
.41ca	f0 02		beq $41ce	    beq _yes
.41cc					_no:
.41cc	18		clc		    clc
.41cd	60		rts		    rts
.41ce					_yes:
.41ce	38		sec		    sec
.41cf	60		rts		    rts

;******  Return to file: mega-ip/eth.asm


;******  Processing file: mega-ip/random.asm

=$20					TCP_ISN_RNG_WAIT = $20
.41d0					TCP_SEED_LOCAL_ISN:
.41d0	20 0f 32	jsr $320f	    jsr MEGA65_IO_ENABLE
.41d3	20 0f 42	jsr $420f	    jsr TCP_ISN_FALLBACK_MIX
.41d6	a2 00		ldx #$00	    ldx #$00
.41d8					_rng_loop:
.41d8	20 fa 41	jsr $41fa	    jsr TCP_HWRNG_READ_BYTE
.41db	b0 06		bcs $41e3	    bcs _rng_skip
.41dd	5d 1e 21	eor $211e,x	    eor LOCAL_ISN,x
.41e0	9d 1e 21	sta $211e,x	    sta LOCAL_ISN,x
.41e3					_rng_skip:
.41e3	e8		inx		    inx
.41e4	e0 04		cpx #$04	    cpx #$04
.41e6	d0 f0		bne $41d8	    bne _rng_loop
.41e8	ad 1e 21	lda $211e	    lda LOCAL_ISN+0
.41eb	0d 1f 21	ora $211f	    ora LOCAL_ISN+1
.41ee	0d 20 21	ora $2120	    ora LOCAL_ISN+2
.41f1	0d 21 21	ora $2121	    ora LOCAL_ISN+3
.41f4	d0 03		bne $41f9	    bne _done
.41f6	ee 21 21	inc $2121	    inc LOCAL_ISN+3
.41f9					_done:
.41f9	60		rts		    rts
.41fa					TCP_HWRNG_READ_BYTE:
.41fa	a0 20		ldy #$20	    ldy #TCP_ISN_RNG_WAIT
.41fc					_wait_ready:
.41fc	ad fe d7	lda $d7fe	    lda MEGA65_HWRNG_STATUS
.41ff	29 80		and #$80	    and #MEGA65_HWRNG_NOT_READY
.4201	f0 07		beq $420a	    beq _ready
.4203	88		dey		    dey
.4204	d0 f6		bne $41fc	    bne _wait_ready
.4206	a9 00		lda #$00	    lda #$00
.4208	38		sec		    sec
.4209	60		rts		    rts
.420a					_ready:
.420a	ad ef d7	lda $d7ef	    lda MEGA65_HWRNG_RANDOM
.420d	18		clc		    clc
.420e	60		rts		    rts
.420f					TCP_ISN_FALLBACK_MIX:
.420f	ad 21 21	lda $2121	    lda LOCAL_ISN+3
.4212	18		clc		    clc
.4213	69 01		adc #$01	    adc #$01
.4215	8d 21 21	sta $2121	    sta LOCAL_ISN+3
.4218	ad 20 21	lda $2120	    lda LOCAL_ISN+2
.421b	69 00		adc #$00	    adc #$00
.421d	8d 20 21	sta $2120	    sta LOCAL_ISN+2
.4220	ad 1f 21	lda $211f	    lda LOCAL_ISN+1
.4223	69 00		adc #$00	    adc #$00
.4225	8d 1f 21	sta $211f	    sta LOCAL_ISN+1
.4228	ad 1e 21	lda $211e	    lda LOCAL_ISN+0
.422b	69 00		adc #$00	    adc #$00
.422d	8d 1e 21	sta $211e	    sta LOCAL_ISN+0
.4230	ad 1e 21	lda $211e	    lda LOCAL_ISN+0
.4233	4d 00 21	eor $2100	    eor LOCAL_IP+0
.4236	4d 06 21	eor $2106	    eor REMOTE_IP+0
.4239	4d e9 d6	eor $d6e9	    eor MEGA65_ETH_MAC+0
.423c	4d fa d7	eor $d7fa	    eor MEGA65_FRAMECOUNT
.423f	8d 1e 21	sta $211e	    sta LOCAL_ISN+0
.4242	ad 1f 21	lda $211f	    lda LOCAL_ISN+1
.4245	4d 01 21	eor $2101	    eor LOCAL_IP+1
.4248	4d 07 21	eor $2107	    eor REMOTE_IP+1
.424b	4d ea d6	eor $d6ea	    eor MEGA65_ETH_MAC+1
.424e	4d 12 d0	eor $d012	    eor MEGA65_VICII_RSTR_CMP
.4251	8d 1f 21	sta $211f	    sta LOCAL_ISN+1
.4254	ad 20 21	lda $2120	    lda LOCAL_ISN+2
.4257	4d 02 21	eor $2102	    eor LOCAL_IP+2
.425a	4d 08 21	eor $2108	    eor REMOTE_IP+2
.425d	4d 04 21	eor $2104	    eor LOCAL_PORT+0
.4260	4d 0a 21	eor $210a	    eor REMOTE_PORT+0
.4263	4d eb d6	eor $d6eb	    eor MEGA65_ETH_MAC+2
.4266	8d 20 21	sta $2120	    sta LOCAL_ISN+2
.4269	ad 21 21	lda $2121	    lda LOCAL_ISN+3
.426c	4d 03 21	eor $2103	    eor LOCAL_IP+3
.426f	4d 09 21	eor $2109	    eor REMOTE_IP+3
.4272	4d 05 21	eor $2105	    eor LOCAL_PORT+1
.4275	4d 0b 21	eor $210b	    eor REMOTE_PORT+1
.4278	4d ec d6	eor $d6ec	    eor MEGA65_ETH_MAC+3
.427b	8d 21 21	sta $2121	    sta LOCAL_ISN+3
.427e	60		rts		    rts

;******  Return to file: mega-ip/eth.asm

.427f					ETH_WAIT_CLEAR_TO_SEND:
.427f	a2 00		ldx #$00	    ldx #$00
.4281	a0 00		ldy #$00	    ldy #$00
.4283					_cts_spin:
.4283	ad e0 d6	lda $d6e0	    lda MEGA65_ETH_CTRL1
.4286	29 80		and #$80	    and #$80
.4288	d0 08		bne $4292	    bne _cts_ready
.428a	88		dey		    dey
.428b	d0 f6		bne $4283	    bne _cts_spin
.428d	ca		dex		    dex
.428e	d0 f3		bne $4283	    bne _cts_spin
.4290	38		sec		    sec
.4291	60		rts		    rts
.4292					_cts_ready:
.4292	18		clc		    clc
.4293	60		rts		    rts
.4294					ETH_PACKET_SEND:
.4294	20 0f 32	jsr $320f	    jsr MEGA65_IO_ENABLE
.4297	ad 47 21	lda $2147	    lda ETH_TX_LEN_MSB
.429a	d0 17		bne $42b3	    bne _tx_len_ready
.429c	ad 46 21	lda $2146	    lda ETH_TX_LEN_LSB
.429f	c9 3c		cmp #$3c	    cmp #$3c
.42a1	b0 10		bcs $42b3	    bcs _tx_len_ready
.42a3	aa		tax		    tax
.42a4	a9 00		lda #$00	    lda #$00
.42a6					_pad_min_frame:
.42a6	9d 35 22	sta $2235,x	    sta ETH_TX_FRAME_HEADER,x
.42a9	e8		inx		    inx
.42aa	e0 3c		cpx #$3c	    cpx #$3c
.42ac	d0 f8		bne $42a6	    bne _pad_min_frame
.42ae	a9 3c		lda #$3c	    lda #$3c
.42b0	8d 46 21	sta $2146	    sta ETH_TX_LEN_LSB
.42b3					_tx_len_ready:
.42b3	ad 46 21	lda $2146	    lda ETH_TX_LEN_LSB
.42b6	8d e2 d6	sta $d6e2	    sta MEGA65_ETH_TXSIZE_LSB
.42b9	8d da 42	sta $42da	    sta _len_lsb
.42bc	ad 47 21	lda $2147	    lda ETH_TX_LEN_MSB
.42bf	8d e3 d6	sta $d6e3	    sta MEGA65_ETH_TXSIZE_MSB
.42c2	8d db 42	sta $42db	    sta _len_msb
.42c5	a9 35		lda #$35	    lda #<ETH_TX_FRAME_HEADER
.42c7	8d dc 42	sta $42dc	    sta _ETH_BUF_SRC
.42ca	a9 22		lda #$22	    lda #>ETH_TX_FRAME_HEADER
.42cc	8d dd 42	sta $42dd	    sta _ETH_BUF_SRC+1
.42cf	08		php		php
.42d0	78		sei		sei
.42d1	8d 07 d7	sta $d707	    sta $D707
>42d4	80				    .byte $80          ; enhanced DMA: SRC bits 20-27
>42d5	00				    .byte $00    ; = $04   -> ensure source is bank $04 (your code/data bank)
>42d6	81				    .byte $81                   ; enhanced dma - dest bits 20-27
>42d7	ff				    .byte $ff                   ; ----------------------^
>42d8	00				    .byte $00                   ; end of job options
>42d9	00				    .byte $00                   ; copy
.42da					_len_lsb:
>42da	00				    .byte $00                   ; length lsb
.42db					_len_msb:
>42db	00				    .byte $00                   ; length msb
.42dc					_ETH_BUF_SRC:
>42dc	00 00 00			    .byte $00, $00, EXEC_BANK   ; src lsb, msb, bank
>42df	00 e8 0d			    .byte $00, $e8, $0d         ; dest eth TX/RX buffer ($ffde800)
>42e2	00				    .byte $00                   ; command high byte
>42e3	00 00				    .word $0000                 ; modulo (ignored)
.42e5	28		plp		plp
.42e6	a9 03		lda #$03	    lda #$03
.42e8	8d e0 d6	sta $d6e0	    sta MEGA65_ETH_CTRL1
.42eb	20 7f 42	jsr $427f	    jsr ETH_WAIT_CLEAR_TO_SEND
.42ee	b0 07		bcs $42f7	    bcs _tx_fail
.42f0	a9 01		lda #$01	    lda #$01
.42f2	8d e4 d6	sta $d6e4	    sta MEGA65_ETH_COMMAND
.42f5	18		clc		    clc
.42f6	60		rts		    rts
.42f7					_tx_fail:
.42f7	38		sec		    sec
.42f8	60		rts		    rts
.42f9					ETH_WAIT_100MS:
.42f9	a2 06		ldx #$06	    ldx #>1600                  ; high byte
.42fb	a0 40		ldy #$40	    ldy #<1600                  ; low byte
.42fd					_wait_outer
.42fd	ad 12 d0	lda $d012	    lda MEGA65_VICII_RSTR_CMP  ; read initial raster line
.4300	8d b4 21	sta $21b4	    sta tmp_raster             ; store it
.4303	ad 12 d0	lda $d012	-   lda MEGA65_VICII_RSTR_CMP
.4306	cd b4 21	cmp $21b4	    cmp tmp_raster
.4309	f0 f8		beq $4303	    beq -                       ; loop until raster changes
.430b	88		dey		    dey
.430c	d0 ef		bne $42fd	    bne _wait_outer
.430e	ca		dex		    dex
.430f	d0 ec		bne $42fd	    bne _wait_outer
.4311	60		rts		    rts
.4312					ETH_CHECK_SAME_NET:
.4312	a2 03		ldx #$03	    ldx #$03
.4314					_compare_net:
.4314	bd 06 21	lda $2106,x	    lda REMOTE_IP, x
.4317	3d 10 21	and $2110,x	    and SUBNET_MASK, x
.431a	8d 31 43	sta $4331	    sta _tmp_oct
.431d	bd 00 21	lda $2100,x	    lda LOCAL_IP, x
.4320	3d 10 21	and $2110,x	    and SUBNET_MASK, x
.4323	cd 31 43	cmp $4331	    cmp _tmp_oct
.4326	d0 06		bne $432e	    bne _not_same_net
.4328	ca		dex		    dex
.4329	10 e9		bpl $4314	    bpl _compare_net
.432b	a9 01		lda #$01	    lda #$01            ; same network (use Remote IP)
.432d	60		rts		    rts
.432e					_not_same_net:
.432e	a9 00		lda #$00	    lda #$00            ; not same network (use Gateway IP)
.4330	60		rts		    rts
>4331	00				_tmp_oct: .byte $00
.4332					ETH_BUILD_TCPIP_PACKET:
.4332	48		pha		    pha                             ; push the TCP_FLAG to stack
.4333	ad 19 21	lda $2119	    lda TCP_STATE                   ; dont do a ARP if we already have a TCP peer
.4336	c9 04		cmp #$04	    cmp #TCP_STATE_ESTABLISHED
.4338	f0 68		beq $43a2	    beq _use_tcp_peer_mac
.433a	c9 02		cmp #$02	    cmp #TCP_STATE_SYN_SENT
.433c	d0 05		bne $4343	    bne _route_lookup
.433e	ad f6 2e	lda $2ef6	    lda TCP_PEER_MAC_VALID
.4341	d0 5f		bne $43a2	    bne _use_tcp_peer_mac
.4343					_route_lookup:
.4343	20 12 43	jsr $4312	    jsr ETH_CHECK_SAME_NET
.4346	f0 20		beq $4368	    beq _use_gateway
.4348					_use_remote:
.4348	ad 06 21	lda $2106	    lda REMOTE_IP+0
.434b	8d f3 4e	sta $4ef3	    sta ARP_QUERY_IP+0
.434e	ad 07 21	lda $2107	    lda REMOTE_IP+1
.4351	8d f4 4e	sta $4ef4	    sta ARP_QUERY_IP+1
.4354	ad 08 21	lda $2108	    lda REMOTE_IP+2
.4357	8d f5 4e	sta $4ef5	    sta ARP_QUERY_IP+2
.435a	ad 09 21	lda $2109	    lda REMOTE_IP+3
.435d	8d f6 4e	sta $4ef6	    sta ARP_QUERY_IP+3
.4360	20 f7 4e	jsr $4ef7	    jsr ARP_QUERY_CACHE
.4363	d0 43		bne $43a8	    bne _IP_found_in_cache
.4365	4c 85 43	jmp $4385	    jmp _no_mac_yet
.4368					_use_gateway:
.4368	ad 0c 21	lda $210c	    lda GATEWAY_IP+0
.436b	8d f3 4e	sta $4ef3	    sta ARP_QUERY_IP+0
.436e	ad 0d 21	lda $210d	    lda GATEWAY_IP+1
.4371	8d f4 4e	sta $4ef4	    sta ARP_QUERY_IP+1
.4374	ad 0e 21	lda $210e	    lda GATEWAY_IP+2
.4377	8d f5 4e	sta $4ef5	    sta ARP_QUERY_IP+2
.437a	ad 0f 21	lda $210f	    lda GATEWAY_IP+3
.437d	8d f6 4e	sta $4ef6	    sta ARP_QUERY_IP+3
.4380	20 f7 4e	jsr $4ef7	    jsr ARP_QUERY_CACHE
.4383	d0 23		bne $43a8	    bne _IP_found_in_cache
.4385					_no_mac_yet:
.4385	ad 18 21	lda $2118	    lda ETH_STATE
.4388	c9 01		cmp #$01	    cmp #ETH_STATE_ARP_WAITING
.438a	f0 13		beq $439f	    beq _already_waiting
.438c	a9 01		lda #$01	    lda #ETH_STATE_ARP_WAITING
.438e	8d 18 21	sta $2118	    sta ETH_STATE
.4391	a2 03		ldx #$03	    ldx #3
.4393	bd f3 4e	lda $4ef3,x	-   lda ARP_QUERY_IP,x
.4396	9d 0d 4c	sta $4c0d,x	    sta ARP_REQUEST_IP,x
.4399	ca		dex		    dex
.439a	10 f7		bpl $4393	    bpl -
.439c	20 11 4c	jsr $4c11	    jsr ARP_REQUEST
.439f					_already_waiting:
.439f	68		pla		    pla                 ; restore A if the caller pushed it earlier
.43a0	38		sec		    sec                 ; C=1 -> not ready; caller must retry later
.43a1	60		rts		    rts
.43a2					_use_tcp_peer_mac:
.43a2	20 7a 65	jsr $657a	    jsr TCP_RESTORE_PEER_MAC
.43a5	4c a8 43	jmp $43a8	    jmp _IP_found_in_cache
.43a8					_IP_found_in_cache:
.43a8	a9 08		lda #$08	    lda #$08                        ; Ipv4 ethertype
.43aa	8d 41 22	sta $2241	    sta ETH_TX_TYPE
.43ad	a9 00		lda #$00	    lda #$00
.43af	8d 42 22	sta $2242	    sta ETH_TX_TYPE+1
.43b2	a9 06		lda #$06	    lda #$06                        ; IPV4 header with TCP protocol ($06)
.43b4	20 7d 44	jsr $447d	    jsr BUILD_IPV4_HEADER
.43b7	68		pla		    pla                             ; get FLAGS from incoming param
.43b8	20 24 46	jsr $4624	    jsr BUILD_TCP_HEADER
.43bb	a9 36		lda #$36	    lda #<(14+20+20)                ; 14=Eth, 20=IP, 20=TCP (no payload)
.43bd	8d 46 21	sta $2146	    sta ETH_TX_LEN_LSB
.43c0	a9 00		lda #$00	    lda #>(14+20+20)
.43c2	8d 47 21	sta $2147	    sta ETH_TX_LEN_MSB
.43c5	ad ff 30	lda $30ff	    lda TCP_DATA_PAYLOAD_SIZE       ; now add any TCP payload size
.43c8	18		clc		    clc
.43c9	6d 46 21	adc $2146	    adc ETH_TX_LEN_LSB
.43cc	8d 46 21	sta $2146	    sta ETH_TX_LEN_LSB
.43cf	ad 47 21	lda $2147	    lda ETH_TX_LEN_MSB
.43d2	69 00		adc #$00	    adc #$00
.43d4	8d 47 21	sta $2147	    sta ETH_TX_LEN_MSB
.43d7	18		clc		    clc
.43d8	60		rts		    rts

;******  Processing file: mega-ip/checksum.asm

.43d9					CHECKSUM_ONES_COMP:
.43d9	a9 00		lda #$00	    lda #$00
.43db	8d 79 44	sta $4479	    sta CHECKSUM_SUM_HI
.43de	8d 7a 44	sta $447a	    sta CHECKSUM_SUM_LO
.43e1	8d 7b 44	sta $447b	    sta CHECKSUM_WORD_HI
.43e4	8d 7c 44	sta $447c	    sta CHECKSUM_WORD_LO
.43e7	8d 77 44	sta $4477	    sta CHECKSUM_RESULT_HI
.43ea	8d 78 44	sta $4478	    sta CHECKSUM_RESULT_LO
.43ed	ad 73 44	lda $4473	    lda CHECKSUM_PTR_LO
.43f0	8d 3b 44	sta $443b	    sta CHECKSUM_READ_BYTE+1
.43f3	ad 74 44	lda $4474	    lda CHECKSUM_PTR_HI
.43f6	8d 3c 44	sta $443c	    sta CHECKSUM_READ_BYTE+2
.43f9	a0 00		ldy #$00	    ldy #$00
.43fb					_checksum_loop:
.43fb	ad 75 44	lda $4475	    lda CHECKSUM_LEN_LO
.43fe	0d 76 44	ora $4476	    ora CHECKSUM_LEN_HI
.4401	f0 26		beq $4429	    beq _checksum_done
.4403	20 3a 44	jsr $443a	    jsr CHECKSUM_READ_BYTE
.4406	8d 7b 44	sta $447b	    sta CHECKSUM_WORD_HI
.4409	20 44 44	jsr $4444	    jsr CHECKSUM_DEC_LEN
.440c	ad 75 44	lda $4475	    lda CHECKSUM_LEN_LO
.440f	0d 76 44	ora $4476	    ora CHECKSUM_LEN_HI
.4412	f0 0b		beq $441f	    beq _checksum_odd_word
.4414	20 3a 44	jsr $443a	    jsr CHECKSUM_READ_BYTE
.4417	8d 7c 44	sta $447c	    sta CHECKSUM_WORD_LO
.441a	20 44 44	jsr $4444	    jsr CHECKSUM_DEC_LEN
.441d	80 05		bra $4424	    bra _checksum_add_word
.441f					_checksum_odd_word:
.441f	a9 00		lda #$00	    lda #$00
.4421	8d 7c 44	sta $447c	    sta CHECKSUM_WORD_LO
.4424					_checksum_add_word:
.4424	20 50 44	jsr $4450	    jsr CHECKSUM_ADD_WORD
.4427	80 d2		bra $43fb	    bra _checksum_loop
.4429					_checksum_done:
.4429	ad 79 44	lda $4479	    lda CHECKSUM_SUM_HI
.442c	49 ff		eor #$ff	    eor #$ff
.442e	8d 77 44	sta $4477	    sta CHECKSUM_RESULT_HI
.4431	ad 7a 44	lda $447a	    lda CHECKSUM_SUM_LO
.4434	49 ff		eor #$ff	    eor #$ff
.4436	8d 78 44	sta $4478	    sta CHECKSUM_RESULT_LO
.4439	60		rts		    rts
.443a					CHECKSUM_READ_BYTE:
.443a	b9 ff ff	lda $ffff,y	    lda $ffff,y
.443d	c8		iny		    iny
.443e	d0 03		bne $4443	    bne _checksum_read_done
.4440	ee 3c 44	inc $443c	    inc CHECKSUM_READ_BYTE+2
.4443					_checksum_read_done:
.4443	60		rts		    rts
.4444					CHECKSUM_DEC_LEN:
.4444	ad 75 44	lda $4475	    lda CHECKSUM_LEN_LO
.4447	d0 03		bne $444c	    bne _checksum_dec_lo
.4449	ce 76 44	dec $4476	    dec CHECKSUM_LEN_HI
.444c					_checksum_dec_lo:
.444c	ce 75 44	dec $4475	    dec CHECKSUM_LEN_LO
.444f	60		rts		    rts
.4450					CHECKSUM_ADD_WORD:
.4450	18		clc		    clc
.4451	ad 7a 44	lda $447a	    lda CHECKSUM_SUM_LO
.4454	6d 7c 44	adc $447c	    adc CHECKSUM_WORD_LO
.4457	8d 7a 44	sta $447a	    sta CHECKSUM_SUM_LO
.445a	ad 79 44	lda $4479	    lda CHECKSUM_SUM_HI
.445d	6d 7b 44	adc $447b	    adc CHECKSUM_WORD_HI
.4460	8d 79 44	sta $4479	    sta CHECKSUM_SUM_HI
.4463	90 0d		bcc $4472	    bcc _checksum_add_done
.4465	ee 7a 44	inc $447a	    inc CHECKSUM_SUM_LO
.4468	d0 08		bne $4472	    bne _checksum_add_done
.446a	ee 79 44	inc $4479	    inc CHECKSUM_SUM_HI
.446d	d0 03		bne $4472	    bne _checksum_add_done
.446f	ee 7a 44	inc $447a	    inc CHECKSUM_SUM_LO
.4472					_checksum_add_done:
.4472	60		rts		    rts
>4473	00				CHECKSUM_PTR_LO:    .byte $00
>4474	00				CHECKSUM_PTR_HI:    .byte $00
>4475	00				CHECKSUM_LEN_LO:    .byte $00
>4476	00				CHECKSUM_LEN_HI:    .byte $00
>4477	00				CHECKSUM_RESULT_HI: .byte $00
>4478	00				CHECKSUM_RESULT_LO: .byte $00
>4479	00				CHECKSUM_SUM_HI:    .byte $00
>447a	00				CHECKSUM_SUM_LO:    .byte $00
>447b	00				CHECKSUM_WORD_HI:   .byte $00
>447c	00				CHECKSUM_WORD_LO:   .byte $00

;******  Return to file: mega-ip/eth.asm


;******  Processing file: mega-ip/ipv4.asm

.447d					BUILD_IPV4_HEADER:
.447d	8d f4 44	sta $44f4	    sta IPV4_HDR_PROTO
.4480	ad 00 21	lda $2100	    lda LOCAL_IP+0
.4483	8d f7 44	sta $44f7	    sta IPV4_HDR_SRC_IP+0
.4486	ad 01 21	lda $2101	    lda LOCAL_IP+1
.4489	8d f8 44	sta $44f8	    sta IPV4_HDR_SRC_IP+1
.448c	ad 02 21	lda $2102	    lda LOCAL_IP+2
.448f	8d f9 44	sta $44f9	    sta IPV4_HDR_SRC_IP+2
.4492	ad 03 21	lda $2103	    lda LOCAL_IP+3
.4495	8d fa 44	sta $44fa	    sta IPV4_HDR_SRC_IP+3
.4498	ad 06 21	lda $2106	    lda REMOTE_IP+0
.449b	8d fb 44	sta $44fb	    sta IPV4_HDR_DST_IP+0
.449e	ad 07 21	lda $2107	    lda REMOTE_IP+1
.44a1	8d fc 44	sta $44fc	    sta IPV4_HDR_DST_IP+1
.44a4	ad 08 21	lda $2108	    lda REMOTE_IP+2
.44a7	8d fd 44	sta $44fd	    sta IPV4_HDR_DST_IP+2
.44aa	ad 09 21	lda $2109	    lda REMOTE_IP+3
.44ad	8d fe 44	sta $44fe	    sta IPV4_HDR_DST_IP+3
.44b0	a9 00		lda #$00	    lda #>(20+20)               ; IP header (20) + TCP header (20)
.44b2	8d ed 44	sta $44ed	    sta IPV4_HDR_LEN
.44b5	a9 28		lda #$28	    lda #<(20+20)
.44b7	8d ee 44	sta $44ee	    sta IPV4_HDR_LEN+1
.44ba	ad ff 30	lda $30ff	    lda TCP_DATA_PAYLOAD_SIZE   ; add the TCP payload data size (little endian)
.44bd	18		clc		    clc
.44be	6d ee 44	adc $44ee	    adc IPV4_HDR_LEN+1
.44c1	8d ee 44	sta $44ee	    sta IPV4_HDR_LEN+1
.44c4	ad 00 31	lda $3100	    lda TCP_DATA_PAYLOAD_SIZE+1
.44c7	6d ed 44	adc $44ed	    adc IPV4_HDR_LEN
.44ca	8d ed 44	sta $44ed	    sta IPV4_HDR_LEN
.44cd	a9 40		lda #$40	    lda #$40
.44cf	8d f1 44	sta $44f1	    sta IPV4_HDR_FLGS_OFFS
.44d2	a9 00		lda #$00	    lda #$00
.44d4	8d f2 44	sta $44f2	    sta IPV4_HDR_FLGS_OFFS+1
.44d7	20 ff 44	jsr $44ff	    jsr CALC_IPV4_CHECKSUM
.44da	a2 00		ldx #$00	    ldx #$00
.44dc					_lp_copy:
.44dc	bd eb 44	lda $44eb,x	    lda IPV4_HEADER, x
.44df	9d 43 22	sta $2243,x	    sta ETH_TX_FRAME_PAYLOAD, x
.44e2	e0 13		cpx #$13	    cpx #19
.44e4	f0 04		beq $44ea	    beq _lp_done
.44e6	e8		inx		    inx
.44e7	4c dc 44	jmp $44dc	    jmp _lp_copy
.44ea					_lp_done:
.44ea	60		rts		    rts
.44eb					IPV4_HEADER:
>44eb	45				IPV4_HDR_IHL:       .byte $45                   ; 0100 (Version 4) | 0101 (min 5, max 15)
>44ec	00				IPV4_HDR_DSCP:      .byte $00                   ; Type of service (Low delay, High throuput, Relibility)
>44ed	00 00				IPV4_HDR_LEN:       .byte $00, $00              ; Length of header + data (16 bits) 0-65535
>44ef	00 00				IPV4_HDR_IDEN:      .byte $00, $00              ; unique packet id
>44f1	00 00				IPV4_HDR_FLGS_OFFS: .byte $00, $00              ; 3 flags, 1 bit each =  reserved (zero), do not fragment, more fragments
>44f3	40				IPV4_HDR_TTL:       .byte $40                   ; time to live hops to dest
>44f4	11				IPV4_HDR_PROTO:     .byte $11                   ; name of protocol for which data to be passed (ICMP=$01, TCP=$06, UDP=$11)
>44f5	00 00				IPV4_HDR_CHKSM:     .byte $00, $00              ; 16 bit header checksum
>44f7	00 00 00 00			IPV4_HDR_SRC_IP:    .byte $00, $00, $00, $00    ; source IP address
>44fb	00 00 00 00			IPV4_HDR_DST_IP:    .byte $00, $00, $00, $00    ; dest IP address
.44ff					CALC_IPV4_CHECKSUM:
.44ff	a9 00		lda #$00	    lda #$00
.4501	8d f5 44	sta $44f5	    sta IPV4_HDR_CHKSM
.4504	8d f6 44	sta $44f6	    sta IPV4_HDR_CHKSM+1
.4507	a9 eb		lda #$eb	    lda #<IPV4_HEADER
.4509	8d 73 44	sta $4473	    sta CHECKSUM_PTR_LO
.450c	a9 44		lda #$44	    lda #>IPV4_HEADER
.450e	8d 74 44	sta $4474	    sta CHECKSUM_PTR_HI
.4511	a9 14		lda #$14	    lda #20
.4513	8d 75 44	sta $4475	    sta CHECKSUM_LEN_LO
.4516	a9 00		lda #$00	    lda #$00
.4518	8d 76 44	sta $4476	    sta CHECKSUM_LEN_HI
.451b	20 d9 43	jsr $43d9	    jsr CHECKSUM_ONES_COMP
.451e	ad 77 44	lda $4477	    lda CHECKSUM_RESULT_HI
.4521	8d f5 44	sta $44f5	    sta IPV4_HDR_CHKSM
.4524	ad 78 44	lda $4478	    lda CHECKSUM_RESULT_LO
.4527	8d f6 44	sta $44f6	    sta IPV4_HDR_CHKSM+1
.452a	60		rts		    rts
.452b					CALC_IPV4_TX_CHECKSUM:
.452b	a9 00		lda #$00	    lda #$00
.452d	8d 4d 22	sta $224d	    sta ETH_TX_FRAME_PAYLOAD+10
.4530	8d 4e 22	sta $224e	    sta ETH_TX_FRAME_PAYLOAD+11
.4533	a9 43		lda #$43	    lda #<ETH_TX_FRAME_PAYLOAD
.4535	8d 73 44	sta $4473	    sta CHECKSUM_PTR_LO
.4538	a9 22		lda #$22	    lda #>ETH_TX_FRAME_PAYLOAD
.453a	8d 74 44	sta $4474	    sta CHECKSUM_PTR_HI
.453d	a9 14		lda #$14	    lda #20
.453f	8d 75 44	sta $4475	    sta CHECKSUM_LEN_LO
.4542	a9 00		lda #$00	    lda #$00
.4544	8d 76 44	sta $4476	    sta CHECKSUM_LEN_HI
.4547	20 d9 43	jsr $43d9	    jsr CHECKSUM_ONES_COMP
.454a	ad 77 44	lda $4477	    lda CHECKSUM_RESULT_HI
.454d	8d 4d 22	sta $224d	    sta ETH_TX_FRAME_PAYLOAD+10
.4550	ad 78 44	lda $4478	    lda CHECKSUM_RESULT_LO
.4553	8d 4e 22	sta $224e	    sta ETH_TX_FRAME_PAYLOAD+11
.4556	60		rts		    rts
.4557					IPV4_VALIDATE_RX:
.4557	ad 4b 21	lda $214b	    lda ETH_RX_PAYLOAD_LEN_H
.455a	d0 07		bne $4563	    bne _ipv4_rx_payload_ge20
.455c	ad 4a 21	lda $214a	    lda ETH_RX_PAYLOAD_LEN_L
.455f	c9 14		cmp #$14	    cmp #20
.4561	90 53		bcc $45b6	    bcc _ipv4_rx_bad
.4563					_ipv4_rx_payload_ge20:
.4563	ad 91 28	lda $2891	    lda ETH_RX_FRAME_PAYLOAD+0
.4566	29 f0		and #$f0	    and #$f0
.4568	c9 40		cmp #$40	    cmp #$40
.456a	d0 4a		bne $45b6	    bne _ipv4_rx_bad
.456c	ad 91 28	lda $2891	    lda ETH_RX_FRAME_PAYLOAD+0
.456f	29 0f		and #$0f	    and #$0f
.4571	c9 05		cmp #$05	    cmp #5
.4573	90 41		bcc $45b6	    bcc _ipv4_rx_bad
.4575	0a		asl a		    asl
.4576	0a		asl a		    asl
.4577	8d 1c 46	sta $461c	    sta IPV4_RX_IHL_BYTES
.457a	ad 93 28	lda $2893	    lda ETH_RX_FRAME_PAYLOAD+2
.457d	8d 1d 46	sta $461d	    sta IPV4_RX_TOTAL_HI
.4580	ad 94 28	lda $2894	    lda ETH_RX_FRAME_PAYLOAD+3
.4583	8d 1e 46	sta $461e	    sta IPV4_RX_TOTAL_LO
.4586	ad 1d 46	lda $461d	    lda IPV4_RX_TOTAL_HI
.4589	d0 08		bne $4593	    bne _ipv4_rx_total_ge_ihl
.458b	ad 1e 46	lda $461e	    lda IPV4_RX_TOTAL_LO
.458e	cd 1c 46	cmp $461c	    cmp IPV4_RX_IHL_BYTES
.4591	90 23		bcc $45b6	    bcc _ipv4_rx_bad
.4593					_ipv4_rx_total_ge_ihl:
.4593	ad 4b 21	lda $214b	    lda ETH_RX_PAYLOAD_LEN_H
.4596	cd 1d 46	cmp $461d	    cmp IPV4_RX_TOTAL_HI
.4599	90 1b		bcc $45b6	    bcc _ipv4_rx_bad
.459b	d0 08		bne $45a5	    bne _ipv4_rx_total_in_frame
.459d	ad 4a 21	lda $214a	    lda ETH_RX_PAYLOAD_LEN_L
.45a0	cd 1e 46	cmp $461e	    cmp IPV4_RX_TOTAL_LO
.45a3	90 11		bcc $45b6	    bcc _ipv4_rx_bad
.45a5					_ipv4_rx_total_in_frame:
.45a5	ad 97 28	lda $2897	    lda ETH_RX_FRAME_PAYLOAD+6
.45a8	29 bf		and #$bf	    and #$bf
.45aa	0d 98 28	ora $2898	    ora ETH_RX_FRAME_PAYLOAD+7
.45ad	d0 07		bne $45b6	    bne _ipv4_rx_bad
.45af	20 b8 45	jsr $45b8	    jsr IPV4_RX_CHECKSUM_OK
.45b2	b0 02		bcs $45b6	    bcs _ipv4_rx_bad
.45b4	18		clc		    clc
.45b5	60		rts		    rts
.45b6					_ipv4_rx_bad:
.45b6	38		sec		    sec
.45b7	60		rts		    rts
.45b8					IPV4_RX_CHECKSUM_OK:
.45b8	a9 00		lda #$00	    lda #$00
.45ba	8d 23 46	sta $4623	    sta IPV4_RX_SUM_LO
.45bd	8d 22 46	sta $4622	    sta IPV4_RX_SUM_HI
.45c0	8d 20 46	sta $4620	    sta IPV4_RX_WORD_HI
.45c3	8d 21 46	sta $4621	    sta IPV4_RX_WORD_LO
.45c6	ad 1c 46	lda $461c	    lda IPV4_RX_IHL_BYTES
.45c9	4a		lsr a		    lsr
.45ca	8d 1f 46	sta $461f	    sta IPV4_RX_WORDS_LEFT
.45cd	a0 00		ldy #$00	    ldy #$00
.45cf					_ipv4_rx_sum_loop:
.45cf	ad 1f 46	lda $461f	    lda IPV4_RX_WORDS_LEFT
.45d2	f0 36		beq $460a	    beq _ipv4_rx_sum_done
.45d4	b9 91 28	lda $2891,y	    lda ETH_RX_FRAME_PAYLOAD,y
.45d7	8d 20 46	sta $4620	    sta IPV4_RX_WORD_HI
.45da	c8		iny		    iny
.45db	b9 91 28	lda $2891,y	    lda ETH_RX_FRAME_PAYLOAD,y
.45de	8d 21 46	sta $4621	    sta IPV4_RX_WORD_LO
.45e1	c8		iny		    iny
.45e2	18		clc		    clc
.45e3	ad 23 46	lda $4623	    lda IPV4_RX_SUM_LO
.45e6	6d 21 46	adc $4621	    adc IPV4_RX_WORD_LO
.45e9	8d 23 46	sta $4623	    sta IPV4_RX_SUM_LO
.45ec	ad 22 46	lda $4622	    lda IPV4_RX_SUM_HI
.45ef	6d 20 46	adc $4620	    adc IPV4_RX_WORD_HI
.45f2	8d 22 46	sta $4622	    sta IPV4_RX_SUM_HI
.45f5	90 0d		bcc $4604	    bcc _ipv4_rx_no_carry
.45f7	ee 23 46	inc $4623	    inc IPV4_RX_SUM_LO
.45fa	d0 08		bne $4604	    bne _ipv4_rx_no_carry
.45fc	ee 22 46	inc $4622	    inc IPV4_RX_SUM_HI
.45ff	d0 03		bne $4604	    bne _ipv4_rx_no_carry
.4601	ee 23 46	inc $4623	    inc IPV4_RX_SUM_LO
.4604					_ipv4_rx_no_carry:
.4604	ce 1f 46	dec $461f	    dec IPV4_RX_WORDS_LEFT
.4607	4c cf 45	jmp $45cf	    jmp _ipv4_rx_sum_loop
.460a					_ipv4_rx_sum_done:
.460a	ad 22 46	lda $4622	    lda IPV4_RX_SUM_HI
.460d	c9 ff		cmp #$ff	    cmp #$ff
.460f	d0 09		bne $461a	    bne _ipv4_rx_sum_bad
.4611	ad 23 46	lda $4623	    lda IPV4_RX_SUM_LO
.4614	c9 ff		cmp #$ff	    cmp #$ff
.4616	d0 02		bne $461a	    bne _ipv4_rx_sum_bad
.4618	18		clc		    clc
.4619	60		rts		    rts
.461a					_ipv4_rx_sum_bad:
.461a	38		sec		    sec
.461b	60		rts		    rts
>461c	00				IPV4_RX_IHL_BYTES:  .byte $00
>461d	00				IPV4_RX_TOTAL_HI:   .byte $00
>461e	00				IPV4_RX_TOTAL_LO:   .byte $00
>461f	00				IPV4_RX_WORDS_LEFT: .byte $00
>4620	00				IPV4_RX_WORD_HI:    .byte $00
>4621	00				IPV4_RX_WORD_LO:    .byte $00
>4622	00				IPV4_RX_SUM_HI:     .byte $00
>4623	00				IPV4_RX_SUM_LO:     .byte $00

;******  Return to file: mega-ip/eth.asm

.4624					BUILD_TCP_HEADER:
.4624	8d 1c 31	sta $311c	    sta TCP_HDR_FLGS_OFFS+1                     ; TCP FLAGS
.4627	a9 50		lda #$50	    lda #%01010000
.4629	8d 1b 31	sta $311b	    sta TCP_HDR_FLGS_OFFS
.462c	a9 14		lda #$14	    lda #20                          ; Default 20 bytes (no options)
.462e	8d 01 31	sta $3101	    sta TCP_HEADER_SIZE              ; Add this variable
.4631	ad 04 21	lda $2104	    lda LOCAL_PORT+0
.4634	8d 0f 31	sta $310f	    sta TCP_HDR_SRC_PORT+0
.4637	ad 05 21	lda $2105	    lda LOCAL_PORT+1
.463a	8d 10 31	sta $3110	    sta TCP_HDR_SRC_PORT+1
.463d	ad 0a 21	lda $210a	    lda REMOTE_PORT+0
.4640	8d 11 31	sta $3111	    sta TCP_HDR_DST_PORT+0
.4643	ad 0b 21	lda $210b	    lda REMOTE_PORT+1
.4646	8d 12 31	sta $3112	    sta TCP_HDR_DST_PORT+1
.4649	20 97 6e	jsr $6e97	    jsr READ_HEAD_ATOMIC
.464c	20 82 6e	jsr $6e82	    jsr READ_TAIL_ATOMIC
.464f	38		sec		    sec
.4650	ad 95 21	lda $2195	    lda TMP_TAIL_LO
.4653	ed 97 21	sbc $2197	    sbc TMP_HEAD_LO
.4656	8d 9d 21	sta $219d	    sta FREE_LO
.4659	ad 96 21	lda $2196	    lda TMP_TAIL_HI
.465c	ed 98 21	sbc $2198	    sbc TMP_HEAD_HI
.465f	29 0f		and #$0f	    and #RING_BUFFER_PAGE_MASK
.4661	8d 9e 21	sta $219e	    sta FREE_HI
.4664	38		sec		    sec
.4665	ad 9d 21	lda $219d	    lda FREE_LO
.4668	e9 01		sbc #$01	    sbc #1
.466a	8d 9d 21	sta $219d	    sta FREE_LO
.466d	ad 9e 21	lda $219e	    lda FREE_HI
.4670	e9 00		sbc #$00	    sbc #0
.4672	29 0f		and #$0f	    and #RING_BUFFER_PAGE_MASK
.4674	8d 9e 21	sta $219e	    sta FREE_HI
.4677	ad 9e 21	lda $219e	    lda FREE_HI
.467a	c9 04		cmp #$04	    cmp #TCP_RECV_WINDOW_CAP_HI
.467c	90 13		bcc $4691	    bcc _tcp_window_clamped
.467e	d0 07		bne $4687	    bne _tcp_window_use_cap
.4680	ad 9d 21	lda $219d	    lda FREE_LO
.4683	c9 01		cmp #$01	    cmp #TCP_RECV_WINDOW_CAP_LO+1
.4685	90 0a		bcc $4691	    bcc _tcp_window_clamped
.4687					_tcp_window_use_cap:
.4687	a9 00		lda #$00	    lda #TCP_RECV_WINDOW_CAP_LO
.4689	8d 9d 21	sta $219d	    sta FREE_LO
.468c	a9 04		lda #$04	    lda #TCP_RECV_WINDOW_CAP_HI
.468e	8d 9e 21	sta $219e	    sta FREE_HI
.4691					_tcp_window_clamped:
.4691	ad 9e 21	lda $219e	    lda FREE_HI
.4694	8d 1d 31	sta $311d	    sta TCP_HDR_WINDOW
.4697	ad 9d 21	lda $219d	    lda FREE_LO
.469a	8d 1e 31	sta $311e	    sta TCP_HDR_WINDOW+1
.469d	8d 9f 21	sta $219f	    sta ADV_WINDOW_LAST_LO
.46a0	ad 9e 21	lda $219e	    lda FREE_HI
.46a3	8d a0 21	sta $21a0	    sta ADV_WINDOW_LAST_HI
.46a6	ad 1e 21	lda $211e	    lda LOCAL_ISN+0
.46a9	8d 13 31	sta $3113	    sta TCP_HDR_SEQ_NUM+0
.46ac	ad 1f 21	lda $211f	    lda LOCAL_ISN+1
.46af	8d 14 31	sta $3114	    sta TCP_HDR_SEQ_NUM+1
.46b2	ad 20 21	lda $2120	    lda LOCAL_ISN+2
.46b5	8d 15 31	sta $3115	    sta TCP_HDR_SEQ_NUM+2
.46b8	ad 21 21	lda $2121	    lda LOCAL_ISN+3
.46bb	8d 16 31	sta $3116	    sta TCP_HDR_SEQ_NUM+3
.46be	ad 1a 21	lda $211a	    lda REMOTE_ISN+0
.46c1	8d 17 31	sta $3117	    sta TCP_HDR_ACK_NUM+0
.46c4	ad 1b 21	lda $211b	    lda REMOTE_ISN+1
.46c7	8d 18 31	sta $3118	    sta TCP_HDR_ACK_NUM+1
.46ca	ad 1c 21	lda $211c	    lda REMOTE_ISN+2
.46cd	8d 19 31	sta $3119	    sta TCP_HDR_ACK_NUM+2
.46d0	ad 1d 21	lda $211d	    lda REMOTE_ISN+3
.46d3	8d 1a 31	sta $311a	    sta TCP_HDR_ACK_NUM+3
.46d6	ac ff 30	ldy $30ff	    ldy TCP_DATA_PAYLOAD_SIZE
.46d9	98		tya		    tya
.46da	29 01		and #$01	    and #$01
.46dc	f0 06		beq $46e4	    beq _no_pad
.46de	a9 00		lda #$00	    lda #$00
.46e0	99 23 31	sta $3123,y	    sta TCP_DATA_PAYLOAD,y
.46e3	c8		iny		    iny
.46e4					_no_pad:
.46e4	98		tya		    tya
.46e5	4a		lsr a		    lsr
.46e6	8d 02 31	sta $3102	    sta TCP_DATA_PAYLOAD_WORD_COUNT
.46e9	20 0b 47	jsr $470b	    jsr CALC_TCP_CHECKSUM
.46ec	a2 00		ldx #$00	    ldx #$00
.46ee					_lp_copy:
.46ee	bd 0f 31	lda $310f,x	    lda TCP_HDR, x
.46f1	9d 57 22	sta $2257,x	    sta ETH_TX_FRAME_PAYLOAD+20, x
.46f4	e8		inx		    inx
.46f5	e0 14		cpx #$14	    cpx #20
.46f7	d0 f5		bne $46ee	    bne _lp_copy
.46f9	a2 00		ldx #$00	    ldx #$00
.46fb					_lp_data_copy:
.46fb	ec ff 30	cpx $30ff	    cpx TCP_DATA_PAYLOAD_SIZE
.46fe	f0 0a		beq $470a	    beq _lp_done
.4700	bd 23 31	lda $3123,x	    lda TCP_DATA_PAYLOAD, x
.4703	9d 6b 22	sta $226b,x	    sta ETH_TX_FRAME_PAYLOAD+20+20, x
.4706	e8		inx		    inx
.4707	4c fb 46	jmp $46fb	    jmp _lp_data_copy
.470a					_lp_done:
.470a	60		rts		    rts
=$01					WINUPDATE_THRESHOLD = $01    ; send update when we open by >=1 bytes
=$80					WINUPDATE_GROW_LO = $80
=$00					WINUPDATE_GROW_HI = $00
.470b					CALC_TCP_CHECKSUM:
.470b	a9 00		lda #$00	    lda #$00
.470d	8d 8d 48	sta $488d	    sta _reslo
.4710	8d 8e 48	sta $488e	    sta _reshi
.4713	8d 8f 48	sta $488f	    sta _resex
.4716	a9 00		lda #$00	    lda #$00
.4718	8d 1f 31	sta $311f	    sta TCP_HDR_CHKSM
.471b	a9 00		lda #$00	    lda #$00
.471d	8d 20 31	sta $3120	    sta TCP_HDR_CHKSM+1
.4720	ad f7 44	lda $44f7	    lda IPV4_HDR_SRC_IP+0
.4723	8d 03 31	sta $3103	    sta TCP_PSEUDO_HDR+0
.4726	ad f8 44	lda $44f8	    lda IPV4_HDR_SRC_IP+1
.4729	8d 04 31	sta $3104	    sta TCP_PSEUDO_HDR+1
.472c	ad f9 44	lda $44f9	    lda IPV4_HDR_SRC_IP+2
.472f	8d 05 31	sta $3105	    sta TCP_PSEUDO_HDR+2
.4732	ad fa 44	lda $44fa	    lda IPV4_HDR_SRC_IP+3
.4735	8d 06 31	sta $3106	    sta TCP_PSEUDO_HDR+3
.4738	ad fb 44	lda $44fb	    lda IPV4_HDR_DST_IP+0
.473b	8d 07 31	sta $3107	    sta TCP_PSEUDO_HDR+4
.473e	ad fc 44	lda $44fc	    lda IPV4_HDR_DST_IP+1
.4741	8d 08 31	sta $3108	    sta TCP_PSEUDO_HDR+5
.4744	ad fd 44	lda $44fd	    lda IPV4_HDR_DST_IP+2
.4747	8d 09 31	sta $3109	    sta TCP_PSEUDO_HDR+6
.474a	ad fe 44	lda $44fe	    lda IPV4_HDR_DST_IP+3
.474d	8d 0a 31	sta $310a	    sta TCP_PSEUDO_HDR+7
.4750	a9 00		lda #$00	    lda #$00
.4752	8d 0b 31	sta $310b	    sta TCP_PSEUDO_HDR+8
.4755	ad f4 44	lda $44f4	    lda IPV4_HDR_PROTO
.4758	8d 0c 31	sta $310c	    sta TCP_PSEUDO_HDR+9
.475b	a9 00		lda #$00	    lda #$00
.475d	8d 0d 31	sta $310d	    sta TCP_PSEUDO_HDR+10
.4760	ad 01 31	lda $3101	    lda TCP_HEADER_SIZE
.4763	8d 0e 31	sta $310e	    sta TCP_PSEUDO_HDR+11
.4766	ad ff 30	lda $30ff	    lda TCP_DATA_PAYLOAD_SIZE
.4769	18		clc		    clc
.476a	6d 0e 31	adc $310e	    adc TCP_PSEUDO_HDR+11
.476d	8d 0e 31	sta $310e	    sta TCP_PSEUDO_HDR+11
.4770	a9 00		lda #$00	    lda #$00
.4772	6d 0d 31	adc $310d	    adc TCP_PSEUDO_HDR+10
.4775	8d 0d 31	sta $310d	    sta TCP_PSEUDO_HDR+10
.4778	ad ff 30	lda $30ff	    lda TCP_DATA_PAYLOAD_SIZE
.477b	18		clc		    clc
.477c	69 01		adc #$01	    adc #1                          ; A = byte_count + 1
.477e	4a		lsr a		    lsr                             ; A = (byte_count + 1) >> 1
.477f	8d 02 31	sta $3102	    sta TCP_DATA_PAYLOAD_WORD_COUNT ; store the word count in one byte
.4782	a0 00		ldy #$00	    ldy #$00                        ; Y = offset into pseudo header (0,2,4,...)
.4784	b9 03 31	lda $3103,y	    lda TCP_PSEUDO_HDR,y            ; init summation result
.4787	8d 8e 48	sta $488e	    sta _reshi
.478a	c8		iny		    iny
.478b	b9 03 31	lda $3103,y	    lda TCP_PSEUDO_HDR,y
.478e	8d 8d 48	sta $488d	    sta _reslo
.4791	a2 05		ldx #$05	    ldx #$05                ; x=5 (countdown of words)
.4793					_loop_pseudo_header
.4793	ad 8d 48	lda $488d	    lda _reslo              ; store add result back into num1
.4796	8d 89 48	sta $4889	    sta _num1lo
.4799	ad 8e 48	lda $488e	    lda _reshi
.479c	8d 8a 48	sta $488a	    sta _num1hi
.479f	c8		iny		    iny
.47a0	b9 03 31	lda $3103,y	    lda TCP_PSEUDO_HDR,Y    ; get hi byte of next value
.47a3	8d 8c 48	sta $488c	    sta _num2hi
.47a6	c8		iny		    iny
.47a7	b9 03 31	lda $3103,y	    lda TCP_PSEUDO_HDR,Y    ; get lo byte of next value
.47aa	8d 8b 48	sta $488b	    sta _num2lo
.47ad	20 4e 48	jsr $484e	    jsr _addwords           ; add them to prev result
.47b0	ca		dex		    dex                     ; x--
.47b1	d0 e0		bne $4793	    bne _loop_pseudo_header ; if x <> 0 then loop again
.47b3					_sum_tcp_hdr:
.47b3	ad 01 31	lda $3101	    lda TCP_HEADER_SIZE
.47b6	4a		lsr a		    lsr                              ; Divide by 2 to get word count
.47b7	aa		tax		    tax                              ; x = word count
.47b8	a0 00		ldy #$00	    ldy #$00
.47ba					_loop_tcp_header:
.47ba	ad 8d 48	lda $488d	    lda _reslo              ; store add result back into num1
.47bd	8d 89 48	sta $4889	    sta _num1lo
.47c0	ad 8e 48	lda $488e	    lda _reshi
.47c3	8d 8a 48	sta $488a	    sta _num1hi
.47c6	b9 0f 31	lda $310f,y	    lda TCP_HDR,y           ; hi
.47c9	8d 8c 48	sta $488c	    sta _num2hi
.47cc	c8		iny		    iny
.47cd	b9 0f 31	lda $310f,y	    lda TCP_HDR,y           ; lo
.47d0	8d 8b 48	sta $488b	    sta _num2lo
.47d3	c8		iny		    iny
.47d4	20 4e 48	jsr $484e	    jsr _addwords           ; add to prev result
.47d7	ca		dex		    dex                     ; x--
.47d8	d0 e0		bne $47ba	    bne _loop_tcp_header    ; if x<>0 then loop again
.47da					_sum_tcp_data:
.47da	ad 02 31	lda $3102	    lda TCP_DATA_PAYLOAD_WORD_COUNT
.47dd	f0 23		beq $4802	    beq _add_overflow        ; no data to sum, go finish up
.47df	aa		tax		    tax                     ; x = word count
.47e0	a0 00		ldy #$00	    ldy #$00                ; y = 0 (each byte)
.47e2					_loop_tcp_data:
.47e2	ad 8d 48	lda $488d	    lda _reslo              ; store add result back into num1
.47e5	8d 89 48	sta $4889	    sta _num1lo
.47e8	ad 8e 48	lda $488e	    lda _reshi
.47eb	8d 8a 48	sta $488a	    sta _num1hi
.47ee	b9 23 31	lda $3123,y	    lda TCP_DATA_PAYLOAD,y  ; hi
.47f1	8d 8c 48	sta $488c	    sta _num2hi
.47f4	c8		iny		    iny
.47f5	b9 23 31	lda $3123,y	    lda TCP_DATA_PAYLOAD,y  ; lo
.47f8	8d 8b 48	sta $488b	    sta _num2lo
.47fb	c8		iny		    iny
.47fc	20 4e 48	jsr $484e	    jsr _addwords           ; add to prev result
.47ff	ca		dex		    dex                     ; x--
.4800	d0 e0		bne $47e2	    bne _loop_tcp_data      ; if x <> 0 loop again
.4802					_add_overflow:
.4802	ad 8d 48	lda $488d	    lda _reslo               ; add overflow byte 24 back into the result
.4805	8d 89 48	sta $4889	    sta _num1lo
.4808	ad 8e 48	lda $488e	    lda _reshi
.480b	8d 8a 48	sta $488a	    sta _num1hi
.480e	ad 8f 48	lda $488f	    lda _resex
.4811	18		clc		    clc
.4812	6d 89 48	adc $4889	    adc _num1lo
.4815	8d 89 48	sta $4889	    sta _num1lo
.4818	ad 8a 48	lda $488a	    lda _num1hi
.481b	69 00		adc #$00	    adc #$00
.481d	8d 8a 48	sta $488a	    sta _num1hi
.4820	90 08		bcc $482a	    bcc _no_final_carry     ; if no carry from the high-byte add, skip
.4822	ee 89 48	inc $4889	    inc _num1lo             ; add the end-around carry back in
.4825	d0 03		bne $482a	    bne _no_final_carry
.4827	ee 8a 48	inc $488a	    inc _num1hi
.482a					_no_final_carry:
.482a	ad 89 48	lda $4889	    lda _num1lo              ; move result to 2nd value
.482d	8d 8b 48	sta $488b	    sta _num2lo
.4830	ad 8a 48	lda $488a	    lda _num1hi
.4833	8d 8c 48	sta $488c	    sta _num2hi
.4836	a9 ff		lda #$ff	    lda #$ff                ; subtract value from $ffff
.4838	8d 89 48	sta $4889	    sta _num1lo
.483b	8d 8a 48	sta $488a	    sta _num1hi
.483e	20 6a 48	jsr $486a	    jsr _subwords           ; final in _reslo/_reshi
.4841	ad 8e 48	lda $488e	    lda _reshi
.4844	8d 1f 31	sta $311f	    sta TCP_HDR_CHKSM
.4847	ad 8d 48	lda $488d	    lda _reslo
.484a	8d 20 31	sta $3120	    sta TCP_HDR_CHKSM+1
.484d	60		rts		    rts
.484e					_addwords
.484e	18		clc		    clc				; clear carry
.484f	ad 89 48	lda $4889		lda _num1lo
.4852	6d 8b 48	adc $488b		adc _num2lo
.4855	8d 8d 48	sta $488d		sta _reslo			; store sum of LSBs
.4858	ad 8a 48	lda $488a		lda _num1hi
.485b	6d 8c 48	adc $488c		adc _num2hi			; add the MSBs using carry from
.485e	8d 8e 48	sta $488e		sta _reshi			; the previous calculation
.4861	ad 8f 48	lda $488f	    lda _resex
.4864	69 00		adc #$00	    adc #$00
.4866	8d 8f 48	sta $488f	    sta _resex
.4869	60		rts		    rts
.486a					_subwords:
.486a	a9 00		lda #$00	    lda #$00
.486c	8d 8d 48	sta $488d	    sta _reslo
.486f	8d 8e 48	sta $488e	    sta _reshi
.4872	8d 8f 48	sta $488f	    sta _resex
.4875	38		sec		    sec				    ; set carry for borrow purpose
.4876	ad 89 48	lda $4889		lda _num1lo
.4879	ed 8b 48	sbc $488b		sbc _num2lo			; perform subtraction on the LSBs
.487c	8d 8d 48	sta $488d		sta _reslo
.487f	ad 8a 48	lda $488a		lda _num1hi			; do the same for the MSBs, with carry
.4882	ed 8c 48	sbc $488c		sbc _num2hi			; set according to the previous result
.4885	8d 8e 48	sta $488e		sta _reshi
.4888	60		rts			rts
>4889	00				_num1lo: .byte $00
>488a	00				_num1hi: .byte $00
>488b	00				_num2lo: .byte $00
>488c	00				_num2hi: .byte $00
>488d	00				_reslo: .byte $00
>488e	00				_reshi: .byte $00
>488f	00				_resex: .byte $00
.4890					CLEAR_LOCAL_ISN:
.4890	a9 00		lda #$00	    lda #$00
.4892	8d 1e 21	sta $211e	    sta LOCAL_ISN+0
.4895	8d 1f 21	sta $211f	    sta LOCAL_ISN+1
.4898	8d 20 21	sta $2120	    sta LOCAL_ISN+2
.489b	8d 21 21	sta $2121	    sta LOCAL_ISN+3
.489e	8d 22 21	sta $2122	    sta LOCAL_ISN_TMP
.48a1	60		rts		    rts
.48a2					CLEAR_REMOTE_ISN:
.48a2	a9 00		lda #$00	    lda #$00
.48a4	8d 1a 21	sta $211a	    sta REMOTE_ISN+0
.48a7	8d 1b 21	sta $211b	    sta REMOTE_ISN+1
.48aa	8d 1c 21	sta $211c	    sta REMOTE_ISN+2
.48ad	8d 1d 21	sta $211d	    sta REMOTE_ISN+3
.48b0	8d 23 21	sta $2123	    sta REMOTE_ISN_TMP
.48b3	8d 24 21	sta $2124	    sta REMOTE_ISN_TMP+1
.48b6	60		rts		    rts
.48b7					CLEAR_TCP_PAYLOAD:
.48b7	a9 00		lda #$00	    lda #$00
.48b9	a0 00		ldy #$00	    ldy #$00
.48bb					_lp_copy:
.48bb	99 23 31	sta $3123,y	    sta TCP_DATA_PAYLOAD,Y
.48be	c0 ea		cpy #$ea	    cpy #234
.48c0	f0 04		beq $48c6	    beq _done
.48c2	c8		iny		    iny
.48c3	4c bb 48	jmp $48bb	    jmp _lp_copy
.48c6					_done:
.48c6	8d ff 30	sta $30ff	    sta TCP_DATA_PAYLOAD_SIZE
.48c9	8d 00 31	sta $3100	    sta TCP_DATA_PAYLOAD_SIZE+1
.48cc	60		rts		    rts
.48cd					CALC_LOCAL_ISN:
.48cd	ad 19 21	lda $2119	    lda TCP_STATE
.48d0	c9 02		cmp #$02	    cmp #TCP_STATE_SYN_SENT
.48d2	f0 2e		beq $4902	    beq _add_one                        ; handshake->ACK must consume the SYN
.48d4	c9 04		cmp #$04	    cmp #TCP_STATE_ESTABLISHED          ; dont change seq # if not established
.48d6	f0 0c		beq $48e4	    beq _check_established_flags
.48d8	c9 07		cmp #$07	    cmp #TCP_STATE_CLOSE_WAIT
.48da	d0 4d		bne $4929	    bne _done
.48dc	ad 1c 31	lda $311c	    lda TCP_HDR_FLGS_OFFS+1
.48df	29 01		and #$01	    and #TCP_FLAG_FIN
.48e1	d0 1f		bne $4902	    bne _add_one                        ; passive-close FIN consumes 1
.48e3	60		rts		    rts
.48e4					_check_established_flags:
.48e4	ad 1c 31	lda $311c	    lda TCP_HDR_FLGS_OFFS+1
.48e7	29 01		and #$01	    and #TCP_FLAG_FIN
.48e9	d0 17		bne $4902	    bne _add_one                        ; if FIN present, add 1
.48eb	ad 1c 31	lda $311c	    lda TCP_HDR_FLGS_OFFS+1
.48ee	29 08		and #$08	    and #TCP_FLAG_PSH
.48f0	d0 07		bne $48f9	    bne _add_payload_size               ; if PSH or FIN present, do bump
.48f2	ad 1c 31	lda $311c	    lda TCP_HDR_FLGS_OFFS+1
.48f5	c9 10		cmp #$10	    cmp #TCP_FLAG_ACK
.48f7	f0 30		beq $4929	    beq _done                        ; if it's _exactly_ ACK, skip bump
.48f9					_add_payload_size:
.48f9	ad ff 30	lda $30ff	    lda TCP_DATA_PAYLOAD_SIZE
.48fc	8d 22 21	sta $2122	    sta LOCAL_ISN_TMP
.48ff	4c 07 49	jmp $4907	    jmp _update_seq
.4902					_add_one:
.4902	a9 01		lda #$01	    lda #$01
.4904	8d 22 21	sta $2122	    sta LOCAL_ISN_TMP
.4907					_update_seq:
.4907	ad 21 21	lda $2121	    lda LOCAL_ISN+3
.490a	18		clc		    clc
.490b	6d 22 21	adc $2122	    adc LOCAL_ISN_TMP
.490e	8d 21 21	sta $2121	    sta LOCAL_ISN+3
.4911	ad 20 21	lda $2120	    lda LOCAL_ISN+2
.4914	69 00		adc #$00	    adc #$00
.4916	8d 20 21	sta $2120	    sta LOCAL_ISN+2
.4919	ad 1f 21	lda $211f	    lda LOCAL_ISN+1
.491c	69 00		adc #$00	    adc #$00
.491e	8d 1f 21	sta $211f	    sta LOCAL_ISN+1
.4921	ad 1e 21	lda $211e	    lda LOCAL_ISN+0
.4924	69 00		adc #$00	    adc #$00
.4926	8d 1e 21	sta $211e	    sta LOCAL_ISN+0
.4929					_done:
.4929	60		rts		    rts
.492a					CALC_REMOTE_ISN:
.492a	ad d3 2e	lda $2ed3	    lda TCP_RX_DATA_PAYLOAD_SIZE
.492d	18		clc		    clc
.492e	6d 60 49	adc $4960	    adc REMOTE_ISN_BUMP
.4931	8d 23 21	sta $2123	    sta REMOTE_ISN_TMP            ; low byte
.4934	ad d4 2e	lda $2ed4	    lda TCP_RX_DATA_PAYLOAD_SIZE+1
.4937	69 00		adc #$00	    adc #$00
.4939	8d 24 21	sta $2124	    sta REMOTE_ISN_TMP+1         ; high byte
.493c	ad 1d 21	lda $211d	    lda REMOTE_ISN+3
.493f	18		clc		    clc
.4940	6d 23 21	adc $2123	    adc REMOTE_ISN_TMP
.4943	8d 1d 21	sta $211d	    sta REMOTE_ISN+3
.4946	ad 1c 21	lda $211c	    lda REMOTE_ISN+2
.4949	6d 24 21	adc $2124	    adc REMOTE_ISN_TMP+1
.494c	8d 1c 21	sta $211c	    sta REMOTE_ISN+2
.494f	ad 1b 21	lda $211b	    lda REMOTE_ISN+1
.4952	69 00		adc #$00	    adc #$00
.4954	8d 1b 21	sta $211b	    sta REMOTE_ISN+1
.4957	ad 1a 21	lda $211a	    lda REMOTE_ISN+0
.495a	69 00		adc #$00	    adc #$00
.495c	8d 1a 21	sta $211a	    sta REMOTE_ISN+0
.495f	60		rts		    rts
.4960					REMOTE_ISN_BUMP:
>4960	00				    .byte $00
.4961					CALC_RX_TCP_BYTE_COUNT:
.4961	ad 91 28	lda $2891	    lda ETH_RX_FRAME_PAYLOAD+0     ; Version(4) | IHL(4)
.4964	29 0f		and #$0f	    and #$0f                       ; IHL (words)
.4966	0a		asl a		    asl                            ; *2
.4967	0a		asl a		    asl                            ; *4 -> bytes (20..60)
.4968	8d ea 49	sta $49ea	    sta _TMP_IP_HDR_LEN
.496b	ad ea 49	lda $49ea	    lda _TMP_IP_HDR_LEN
.496e	c9 14		cmp #$14	    cmp #20
.4970	b0 02		bcs $4974	    bcs _ip_ge20
.4972	a9 14		lda #$14	    lda #20
.4974					_ip_ge20
.4974	c9 3c		cmp #$3c	    cmp #60
.4976	90 02		bcc $497a	    bcc _ip_ok
.4978	a9 3c		lda #$3c	    lda #60
.497a					_ip_ok
.497a	8d ea 49	sta $49ea	    sta _TMP_IP_HDR_LEN
.497d	a9 9d		lda #$9d	    lda #<ETH_RX_FRAME_PAYLOAD+12
.497f	18		clc		    clc
.4980	6d ea 49	adc $49ea	    adc _TMP_IP_HDR_LEN
.4983	8d 8e 49	sta $498e	    sta _rd_off_nib+1
.4986	a9 28		lda #$28	    lda #>ETH_RX_FRAME_PAYLOAD+12
.4988	69 00		adc #$00	    adc #$00
.498a	8d 8f 49	sta $498f	    sta _rd_off_nib+2
.498d					_rd_off_nib:
>498d	ad 00 00			    .byte $AD, $00, $00            ; LDA $0000 (patched above to IP+IHL*4+12)
.4990	29 f0		and #$f0	    and #$F0                       ; DataOffset (high nibble, words)
.4992	4a		lsr a		    lsr
.4993	4a		lsr a		    lsr
.4994	4a		lsr a		    lsr
.4995	4a		lsr a		    lsr                            ; -> words (5..15)
.4996	0a		asl a		    asl
.4997	0a		asl a		    asl                            ; *4 -> bytes (20..60)
.4998	8d eb 49	sta $49eb	    sta _TMP_TCP_HDR_LEN
.499b	ad eb 49	lda $49eb	    lda _TMP_TCP_HDR_LEN
.499e	c9 14		cmp #$14	    cmp #20
.49a0	b0 02		bcs $49a4	    bcs _tcp_ge20
.49a2	a9 14		lda #$14	    lda #20
.49a4					_tcp_ge20
.49a4	c9 3c		cmp #$3c	    cmp #60
.49a6	90 02		bcc $49aa	    bcc _tcp_ok
.49a8	a9 3c		lda #$3c	    lda #60
.49aa					_tcp_ok
.49aa	8d eb 49	sta $49eb	    sta _TMP_TCP_HDR_LEN
.49ad	ad ea 49	lda $49ea	    lda _TMP_IP_HDR_LEN
.49b0	18		clc		    clc
.49b1	6d eb 49	adc $49eb	    adc _TMP_TCP_HDR_LEN
.49b4	8d ec 49	sta $49ec	    sta TCP_DATA_OFFSET            ; (non-ZP byte you define in .bss/.data)
.49b7	ad 94 28	lda $2894	    lda ETH_RX_FRAME_PAYLOAD+3     ; total len LSB
.49ba	38		sec		    sec
.49bb	ed ea 49	sbc $49ea	    sbc _TMP_IP_HDR_LEN
.49be	8d e6 49	sta $49e6	    sta _tmp_len_lo
.49c1	ad 93 28	lda $2893	    lda ETH_RX_FRAME_PAYLOAD+2     ; total len MSB
.49c4	e9 00		sbc #$00	    sbc #$00
.49c6	8d e7 49	sta $49e7	    sta _tmp_len_hi
.49c9	ad e6 49	lda $49e6	    lda _tmp_len_lo
.49cc	38		sec		    sec
.49cd	ed eb 49	sbc $49eb	    sbc _TMP_TCP_HDR_LEN
.49d0	8d d3 2e	sta $2ed3	    sta TCP_RX_DATA_PAYLOAD_SIZE       ; LSB
.49d3	ad e7 49	lda $49e7	    lda _tmp_len_hi
.49d6	e9 00		sbc #$00	    sbc #$00
.49d8	8d d4 2e	sta $2ed4	    sta TCP_RX_DATA_PAYLOAD_SIZE+1     ; MSB
.49db	b0 08		bcs $49e5	    bcs _done                           ; carry=1 -> no borrow -> non-negative
.49dd	a9 00		lda #$00	    lda #$00
.49df	8d d3 2e	sta $2ed3	    sta TCP_RX_DATA_PAYLOAD_SIZE
.49e2	8d d4 2e	sta $2ed4	    sta TCP_RX_DATA_PAYLOAD_SIZE+1
.49e5					_done
.49e5	60		rts		    rts
>49e6	00				_tmp_len_lo:       .byte 0
>49e7	00				_tmp_len_hi:       .byte 0
.49e8					_TMP_LO:
>49e8	00				    .byte $00
.49e9					_TMP_HI:
>49e9	00				    .byte $00
.49ea					_TMP_IP_HDR_LEN:
>49ea	00				    .byte $00
.49eb					_TMP_TCP_HDR_LEN:
>49eb	00				    .byte $00
.49ec					TCP_DATA_OFFSET:
>49ec	00				    .byte $00
.49ed					TCP_HARD_RESET:
.49ed	a9 00		lda #$00	    lda #$00
.49ef	8d 45 21	sta $2145	    sta ETH_RX_TCP_FLAGS
.49f2	a9 00		lda #$00	    lda #$00
.49f4	8d 4c 21	sta $214c	    sta TIME_WAIT_COUNTER_LO
.49f7	8d 4d 21	sta $214d	    sta TIME_WAIT_COUNTER_HI
.49fa	8d 4e 21	sta $214e	    sta TIME_WAIT_FRAME_TICKS
.49fd	8d 4f 21	sta $214f	    sta TIME_WAIT_LAST_RASTER_LO
.4a00	8d 50 21	sta $2150	    sta TIME_WAIT_LAST_RASTER_HI
.4a03	a9 00		lda #$00	    lda #$00
.4a05	8d 22 21	sta $2122	    sta LOCAL_ISN_TMP
.4a08	20 a2 48	jsr $48a2	    jsr CLEAR_REMOTE_ISN
.4a0b	ad 92 21	lda $2192	    lda RBUF_HEAD_HI
.4a0e	8d 94 21	sta $2194	    sta RBUF_TAIL_HI
.4a11	ad 91 21	lda $2191	    lda RBUF_HEAD_LO
.4a14	8d 93 21	sta $2193	    sta RBUF_TAIL_LO
.4a17	20 1d 6a	jsr $6a1d	    jsr TCP_TX_RESET
.4a1a	a9 00		lda #$00	    lda #$00
.4a1c	8d 18 21	sta $2118	    sta ETH_STATE            ; if you use it for TX/RX gate
.4a1f	a9 00		lda #$00	    lda #TCP_STATE_CLOSED
.4a21	8d 19 21	sta $2119	    sta TCP_STATE
.4a24	a9 00		lda #$00	    lda #$00
.4a26	8d 60 49	sta $4960	    sta REMOTE_ISN_BUMP
.4a29	a9 00		lda #$00	    lda #$00
.4a2b	8d ff 30	sta $30ff	    sta TCP_DATA_PAYLOAD_SIZE
.4a2e	8d 00 31	sta $3100	    sta TCP_DATA_PAYLOAD_SIZE+1
.4a31	20 fb 3b	jsr $3bfb	    jsr TCP_OOO_CLEAR
.4a34	ad 3d 4a	lda $4a3d	    lda TCP_EVENT_FLAG
.4a37	09 01		ora #$01	    ora #$01
.4a39	8d 3d 4a	sta $4a3d	    sta TCP_EVENT_FLAG
.4a3c	60		rts		    rts
.4a3d					TCP_EVENT_FLAG
>4a3d	00				    .byte $00
.4a3e					NET_TICK_UPDATE:
.4a3e	20 9b 4f	jsr $4f9b	    jsr ARP_READ_RASTER
.4a41	ad 0c 4c	lda $4c0c	    lda ARP_CUR_RASTER_HI
.4a44	cd e5 2e	cmp $2ee5	    cmp NET_TICK_LAST_RASTER_HI
.4a47	90 17		bcc $4a60	    bcc _tick_elapsed
.4a49	d0 08		bne $4a53	    bne _tick_no_elapse
.4a4b	ad 0b 4c	lda $4c0b	    lda ARP_CUR_RASTER_LO
.4a4e	cd e4 2e	cmp $2ee4	    cmp NET_TICK_LAST_RASTER_LO
.4a51	90 0d		bcc $4a60	    bcc _tick_elapsed
.4a53					_tick_no_elapse:
.4a53	ad 0b 4c	lda $4c0b	    lda ARP_CUR_RASTER_LO
.4a56	8d e4 2e	sta $2ee4	    sta NET_TICK_LAST_RASTER_LO
.4a59	ad 0c 4c	lda $4c0c	    lda ARP_CUR_RASTER_HI
.4a5c	8d e5 2e	sta $2ee5	    sta NET_TICK_LAST_RASTER_HI
.4a5f	60		rts		    rts
.4a60					_tick_elapsed:
.4a60	ad 0b 4c	lda $4c0b	    lda ARP_CUR_RASTER_LO
.4a63	8d e4 2e	sta $2ee4	    sta NET_TICK_LAST_RASTER_LO
.4a66	ad 0c 4c	lda $4c0c	    lda ARP_CUR_RASTER_HI
.4a69	8d e5 2e	sta $2ee5	    sta NET_TICK_LAST_RASTER_HI
.4a6c	ee e2 2e	inc $2ee2	    inc NET_TICK_LO
.4a6f	d0 03		bne $4a74	    bne _tick_done
.4a71	ee e3 2e	inc $2ee3	    inc NET_TICK_HI
.4a74					_tick_done:
.4a74	60		rts		    rts
.4a75					ETH_STATUS_POLL:
.4a75	20 3e 4a	jsr $4a3e	    jsr NET_TICK_UPDATE
.4a78	a9 08		lda #$08	    lda #ETH_RCV_BURST_MAX
.4a7a	8d b3 21	sta $21b3	    sta ETH_RCV_BURST_LEFT
.4a7d					_rx_burst_loop:
.4a7d	20 a5 63	jsr $63a5	    jsr ETH_RCV
.4a80	ce b3 21	dec $21b3	    dec ETH_RCV_BURST_LEFT
.4a83	f0 07		beq $4a8c	    beq _rx_burst_done
.4a85	ad e1 d6	lda $d6e1	    lda MEGA65_ETH_CTRL2
.4a88	29 20		and #$20	    and #%00100000
.4a8a	d0 f1		bne $4a7d	    bne _rx_burst_loop
.4a8c					_rx_burst_done:
.4a8c	20 70 4f	jsr $4f70	    jsr ARP_CACHE_PURGE
.4a8f	ad 19 21	lda $2119	    lda TCP_STATE
.4a92	c9 04		cmp #$04	    cmp #TCP_STATE_ESTABLISHED
.4a94	d0 06		bne $4a9c	    bne _check_synack_tick
.4a96	20 e5 6a	jsr $6ae5	    jsr TCP_TX_TICK
.4a99	4c b1 4a	jmp $4ab1	    jmp _after_tcp_ticks
.4a9c					_check_synack_tick:
.4a9c	c9 03		cmp #$03	    cmp #TCP_STATE_SYN_RECEIVED
.4a9e	d0 06		bne $4aa6	    bne _check_fin_tick
.4aa0	20 28 68	jsr $6828	    jsr TCP_SYNACK_TICK
.4aa3	4c b1 4a	jmp $4ab1	    jmp _after_tcp_ticks
.4aa6					_check_fin_tick:
.4aa6	c9 05		cmp #$05	    cmp #TCP_STATE_FIN_WAIT_1
.4aa8	f0 04		beq $4aae	    beq _tick_fin_retry
.4aaa	c9 09		cmp #$09	    cmp #TCP_STATE_LAST_ACK
.4aac	d0 03		bne $4ab1	    bne _after_tcp_ticks
.4aae					_tick_fin_retry:
.4aae	20 47 74	jsr $7447	    jsr TCP_FIN_RETRY_TICK
.4ab1					_after_tcp_ticks:
.4ab1	20 aa 4f	jsr $4faa	    jsr ARP_RETRY_TICK
.4ab4	20 6b 54	jsr $546b	    jsr DNS_TICK
.4ab7	20 f1 5a	jsr $5af1	    jsr DHCP_STATUS_TICK
.4aba	20 b6 3c	jsr $3cb6	    jsr TCP_OOO_TRY_FLUSH
.4abd	f0 0a		beq $4ac9	    beq _no_ooo_flush_ack
.4abf	a9 10		lda #$10	    lda #TCP_FLAG_ACK
.4ac1	20 32 43	jsr $4332	    jsr ETH_BUILD_TCPIP_PACKET
.4ac4	b0 03		bcs $4ac9	    bcs _no_ooo_flush_ack
.4ac6	20 d4 3f	jsr $3fd4	    jsr DEFER_CURRENT_TX
.4ac9					_no_ooo_flush_ack:
.4ac9	20 12 4b	jsr $4b12	    jsr ETH_MAYBE_WINUPDATE
.4acc	20 8c 36	jsr $368c	    jsr ETH_PROCESS_DEFERRED
.4acf	ad 19 21	lda $2119	    lda TCP_STATE
.4ad2	c9 0a		cmp #$0a	    cmp #TCP_STATE_TIME_WAIT
.4ad4	d0 03		bne $4ad9	    bne _check_events
.4ad6	20 02 40	jsr $4002	    jsr TIME_WAIT_TICK
.4ad9					_check_events:
.4ad9	ad 3d 4a	lda $4a3d	    lda TCP_EVENT_FLAG
.4adc	f0 0e		beq $4aec	    beq _check_state          ; no events -> fall through
.4ade	48		pha		    pha
.4adf	a9 00		lda #$00	    lda #$00
.4ae1	8d 3d 4a	sta $4a3d	    sta TCP_EVENT_FLAG        ; clear sticky bits after read
.4ae4	68		pla		    pla
.4ae5	ae e8 2e	ldx $2ee8	    ldx TCP_LAST_RTT
.4ae8	ac e9 2e	ldy $2ee9	    ldy TCP_LAST_RETRIES_USED
.4aeb	60		rts		    rts
.4aec					_check_state:
.4aec	ad 19 21	lda $2119	    lda TCP_STATE
.4aef	c9 04		cmp #$04	    cmp #TCP_STATE_ESTABLISHED
.4af1	f0 0d		beq $4b00	    beq _connected
.4af3	c9 00		cmp #$00	    cmp #TCP_STATE_CLOSED
.4af5	f0 12		beq $4b09	    beq _disconnected
.4af7	a9 00		lda #$00	    lda #$00
.4af9	ae e8 2e	ldx $2ee8	    ldx TCP_LAST_RTT
.4afc	ac e9 2e	ldy $2ee9	    ldy TCP_LAST_RETRIES_USED
.4aff	60		rts		    rts
.4b00					_connected:
.4b00	a9 00		lda #$00	    lda #$00
.4b02	ae e8 2e	ldx $2ee8	    ldx TCP_LAST_RTT
.4b05	ac e9 2e	ldy $2ee9	    ldy TCP_LAST_RETRIES_USED
.4b08	60		rts		    rts
.4b09					_disconnected:
.4b09	a9 01		lda #$01	    lda #$01
.4b0b	ae e8 2e	ldx $2ee8	    ldx TCP_LAST_RTT
.4b0e	ac e9 2e	ldy $2ee9	    ldy TCP_LAST_RETRIES_USED
.4b11	60		rts		    rts
.4b12					ETH_MAYBE_WINUPDATE:
.4b12	ad 19 21	lda $2119	    lda TCP_STATE
.4b15	c9 04		cmp #$04	    cmp #TCP_STATE_ESTABLISHED
.4b17	d3 e8 00	bne $4c01	    bne _ret                    ; only while connected
.4b1a	ad 06 21	lda $2106	    lda REMOTE_IP
.4b1d	0d 07 21	ora $2107	    ora REMOTE_IP+1
.4b20	0d 08 21	ora $2108	    ora REMOTE_IP+2
.4b23	0d 09 21	ora $2109	    ora REMOTE_IP+3
.4b26	f3 d9 00	beq $4c01	    beq _ret                    ; don't send if peer IP unknown
.4b29	ad 0a 21	lda $210a	    lda REMOTE_PORT
.4b2c	0d 0b 21	ora $210b	    ora REMOTE_PORT+1
.4b2f	f3 d0 00	beq $4c01	    beq _ret                    ; don't send if peer port unknown
.4b32	20 97 6e	jsr $6e97	    jsr READ_HEAD_ATOMIC              ; fills TMP_HEAD_LO/TMP_HEAD_HI
.4b35	20 82 6e	jsr $6e82	    jsr READ_TAIL_ATOMIC              ; fills TMP_TAIL_LO/TMP_TAIL_HI
.4b38	ad 95 21	lda $2195	    lda TMP_TAIL_LO
.4b3b	38		sec		    sec
.4b3c	ed 97 21	sbc $2197	    sbc TMP_HEAD_LO
.4b3f	8d 02 4c	sta $4c02	    sta _cur_free_lo
.4b42	ad 96 21	lda $2196	    lda TMP_TAIL_HI
.4b45	ed 98 21	sbc $2198	    sbc TMP_HEAD_HI
.4b48	29 0f		and #$0f	    and #RING_BUFFER_PAGE_MASK
.4b4a	8d 03 4c	sta $4c03	    sta _cur_free_hi
.4b4d	38		sec		    sec
.4b4e	ad 02 4c	lda $4c02	    lda _cur_free_lo
.4b51	e9 01		sbc #$01	    sbc #1
.4b53	8d 02 4c	sta $4c02	    sta _cur_free_lo
.4b56	ad 03 4c	lda $4c03	    lda _cur_free_hi
.4b59	e9 00		sbc #$00	    sbc #0
.4b5b	29 0f		and #$0f	    and #RING_BUFFER_PAGE_MASK
.4b5d	8d 03 4c	sta $4c03	    sta _cur_free_hi
.4b60	ad 02 4c	lda $4c02	    lda _cur_free_lo
.4b63	0d 03 4c	ora $4c03	    ora _cur_free_hi
.4b66	f3 99 00	beq $4c01	    beq _ret
.4b69	ad 03 4c	lda $4c03	    lda _cur_free_hi
.4b6c	c9 04		cmp #$04	    cmp #TCP_RECV_WINDOW_CAP_HI
.4b6e	90 13		bcc $4b83	    bcc _cur_window_clamped
.4b70	d0 07		bne $4b79	    bne _cur_window_use_cap
.4b72	ad 02 4c	lda $4c02	    lda _cur_free_lo
.4b75	c9 01		cmp #$01	    cmp #TCP_RECV_WINDOW_CAP_LO+1
.4b77	90 0a		bcc $4b83	    bcc _cur_window_clamped
.4b79					_cur_window_use_cap:
.4b79	a9 00		lda #$00	    lda #TCP_RECV_WINDOW_CAP_LO
.4b7b	8d 02 4c	sta $4c02	    sta _cur_free_lo
.4b7e	a9 04		lda #$04	    lda #TCP_RECV_WINDOW_CAP_HI
.4b80	8d 03 4c	sta $4c03	    sta _cur_free_hi
.4b83					_cur_window_clamped:
.4b83	ad 9f 21	lda $219f	    lda ADV_WINDOW_LAST_LO
.4b86	0d a0 21	ora $21a0	    ora ADV_WINDOW_LAST_HI
.4b89	f0 51		beq $4bdc	    beq _send_update
.4b8b	ad 03 4c	lda $4c03	    lda _cur_free_hi
.4b8e	cd a0 21	cmp $21a0	    cmp ADV_WINDOW_LAST_HI
.4b91	90 6e		bcc $4c01	    bcc _ret
.4b93	d0 0a		bne $4b9f	    bne _cur_gt_last
.4b95	ad 02 4c	lda $4c02	    lda _cur_free_lo
.4b98	cd 9f 21	cmp $219f	    cmp ADV_WINDOW_LAST_LO
.4b9b	90 64		bcc $4c01	    bcc _ret
.4b9d	f0 62		beq $4c01	    beq _ret
.4b9f					_cur_gt_last:
.4b9f	38		sec		    sec
.4ba0	ad 02 4c	lda $4c02	    lda _cur_free_lo
.4ba3	ed 9f 21	sbc $219f	    sbc ADV_WINDOW_LAST_LO
.4ba6	8d 04 4c	sta $4c04	    sta _win_delta_lo
.4ba9	ad 03 4c	lda $4c03	    lda _cur_free_hi
.4bac	ed a0 21	sbc $21a0	    sbc ADV_WINDOW_LAST_HI
.4baf	8d 05 4c	sta $4c05	    sta _win_delta_hi
.4bb2	ad 05 4c	lda $4c05	    lda _win_delta_hi
.4bb5	c9 00		cmp #$00	    cmp #WINUPDATE_GROW_HI
.4bb7	90 48		bcc $4c01	    bcc _ret
.4bb9	d0 21		bne $4bdc	    bne _send_update
.4bbb	ad 04 4c	lda $4c04	    lda _win_delta_lo
.4bbe	c9 80		cmp #$80	    cmp #WINUPDATE_GROW_LO
.4bc0	90 3f		bcc $4c01	    bcc _ret
.4bc2	4c dc 4b	jmp $4bdc	    jmp _send_update
.4bc5	ad 9f 21	lda $219f	    lda ADV_WINDOW_LAST_LO
.4bc8	0d a0 21	ora $21a0	    ora ADV_WINDOW_LAST_HI
.4bcb	d0 34		bne $4c01	    bne _ret                           ; last adv wasn't zero -> nothing to do
.4bcd	ad 02 4c	lda $4c02	    lda _cur_free_lo
.4bd0	0d 03 4c	ora $4c03	    ora _cur_free_hi
.4bd3	f0 2c		beq $4c01	    beq _ret
.4bd5	ad 02 4c	lda $4c02	    lda _cur_free_lo                   ; low byte compare is fine with threshold=1
.4bd8	c9 01		cmp #$01	    cmp #WINUPDATE_THRESHOLD
.4bda	90 25		bcc $4c01	    bcc _ret
.4bdc					_send_update:
.4bdc	a9 00		lda #$00	    lda #$00
.4bde	8d ff 30	sta $30ff	    sta TCP_DATA_PAYLOAD_SIZE
.4be1	8d 00 31	sta $3100	    sta TCP_DATA_PAYLOAD_SIZE+1
.4be4	a9 10		lda #$10	    lda #TCP_FLAG_ACK
.4be6	20 32 43	jsr $4332	    jsr ETH_BUILD_TCPIP_PACKET
.4be9	b0 16		bcs $4c01	    bcs _ret
.4beb	20 94 42	jsr $4294	    jsr ETH_PACKET_SEND
.4bee	b0 11		bcs $4c01	    bcs _ret
.4bf0	a9 00		lda #$00	    lda #$00
.4bf2	8d 52 21	sta $2152	    sta ACK_REPLY_PENDING
.4bf5	ad 02 4c	lda $4c02	    lda _cur_free_lo
.4bf8	8d 9f 21	sta $219f	    sta ADV_WINDOW_LAST_LO
.4bfb	ad 03 4c	lda $4c03	    lda _cur_free_hi
.4bfe	8d a0 21	sta $21a0	    sta ADV_WINDOW_LAST_HI
.4c01					_ret:
.4c01	60		rts		    rts
>4c02	00				_cur_free_lo: .byte 0
>4c03	00				_cur_free_hi: .byte 0
>4c04	00				_win_delta_lo: .byte 0
>4c05	00				_win_delta_hi: .byte 0

;******  Processing file: mega-ip/arp.asm

=$00					ARP_STATE_IDLE      = $00
=$01					ARP_STATE_WAIT      = $01
=15					ARP_TIMEOUT_TICKS   = 15
=8					ARP_MAX_RETRIES     = 8
>4c06	00				ARP_STATE:        .byte $00
>4c07	00				ARP_RETRY_TICKS:  .byte $00
>4c08	00				ARP_RETRY_LEFT:   .byte $00
>4c09	00				ARP_LAST_RASTER_LO: .byte $00
>4c0a	00				ARP_LAST_RASTER_HI: .byte $00
>4c0b	00				ARP_CUR_RASTER_LO:  .byte $00
>4c0c	00				ARP_CUR_RASTER_HI:  .byte $00
.4c0d					ARP_REQUEST_IP:
>4c0d	00 00 00 00			    .byte $00, $00, $00, $00
.4c11					ARP_REQUEST:
.4c11	a9 ff		lda #$ff	    lda #$ff
.4c13	8d 35 22	sta $2235	    sta ETH_TX_FRAME_DEST_MAC
.4c16	8d 36 22	sta $2236	    sta ETH_TX_FRAME_DEST_MAC+1
.4c19	8d 37 22	sta $2237	    sta ETH_TX_FRAME_DEST_MAC+2
.4c1c	8d 38 22	sta $2238	    sta ETH_TX_FRAME_DEST_MAC+3
.4c1f	8d 39 22	sta $2239	    sta ETH_TX_FRAME_DEST_MAC+4
.4c22	8d 3a 22	sta $223a	    sta ETH_TX_FRAME_DEST_MAC+5
.4c25	a9 08		lda #$08	    lda #$08
.4c27	8d 41 22	sta $2241	    sta ETH_TX_TYPE
.4c2a	a9 06		lda #$06	    lda #$06
.4c2c	8d 42 22	sta $2242	    sta ETH_TX_TYPE + 1
.4c2f	a9 00		lda #$00	    lda #$00
.4c31	8d 43 22	sta $2243	    sta ETH_TX_FRAME_PAYLOAD+0     ; HTYPE - hardware type = 1 (Ethernet)
.4c34	a9 01		lda #$01	    lda #$01
.4c36	8d 44 22	sta $2244	    sta ETH_TX_FRAME_PAYLOAD+1
.4c39	a9 08		lda #$08	    lda #$08
.4c3b	8d 45 22	sta $2245	    sta ETH_TX_FRAME_PAYLOAD+2     ; PTYPE - protocol type = 0x0800 (ipv4)
.4c3e	a9 00		lda #$00	    lda #$00
.4c40	8d 46 22	sta $2246	    sta ETH_TX_FRAME_PAYLOAD+3
.4c43	a9 06		lda #$06	    lda #$06
.4c45	8d 47 22	sta $2247	    sta ETH_TX_FRAME_PAYLOAD+4     ; HLEN - hardware size (mac address = 6 bytes)
.4c48	a9 04		lda #$04	    lda #$04
.4c4a	8d 48 22	sta $2248	    sta ETH_TX_FRAME_PAYLOAD+5     ; PLEN - protocol size (ipv4 = 4 bytes)
.4c4d	a9 00		lda #$00	    lda #$00
.4c4f	8d 49 22	sta $2249	    sta ETH_TX_FRAME_PAYLOAD+6     ; OPER - opcode 1 = request
.4c52	a9 01		lda #$01	    lda #$01
.4c54	8d 4a 22	sta $224a	    sta ETH_TX_FRAME_PAYLOAD+7
.4c57	ad e9 d6	lda $d6e9	    lda MEGA65_ETH_MAC+0     ; SHA - src mac address
.4c5a	8d 4b 22	sta $224b	    sta ETH_TX_FRAME_PAYLOAD+8
.4c5d	ad ea d6	lda $d6ea	    lda MEGA65_ETH_MAC+1
.4c60	8d 4c 22	sta $224c	    sta ETH_TX_FRAME_PAYLOAD+9
.4c63	ad eb d6	lda $d6eb	    lda MEGA65_ETH_MAC+2
.4c66	8d 4d 22	sta $224d	    sta ETH_TX_FRAME_PAYLOAD+10
.4c69	ad ec d6	lda $d6ec	    lda MEGA65_ETH_MAC+3
.4c6c	8d 4e 22	sta $224e	    sta ETH_TX_FRAME_PAYLOAD+11
.4c6f	ad ed d6	lda $d6ed	    lda MEGA65_ETH_MAC+4
.4c72	8d 4f 22	sta $224f	    sta ETH_TX_FRAME_PAYLOAD+12
.4c75	ad ee d6	lda $d6ee	    lda MEGA65_ETH_MAC+5
.4c78	8d 50 22	sta $2250	    sta ETH_TX_FRAME_PAYLOAD+13
.4c7b	ad 00 21	lda $2100	    lda LOCAL_IP+0                  ; SPA - src IP address
.4c7e	8d 51 22	sta $2251	    sta ETH_TX_FRAME_PAYLOAD+14
.4c81	ad 01 21	lda $2101	    lda LOCAL_IP+1
.4c84	8d 52 22	sta $2252	    sta ETH_TX_FRAME_PAYLOAD+15
.4c87	ad 02 21	lda $2102	    lda LOCAL_IP+2
.4c8a	8d 53 22	sta $2253	    sta ETH_TX_FRAME_PAYLOAD+16
.4c8d	ad 03 21	lda $2103	    lda LOCAL_IP+3
.4c90	8d 54 22	sta $2254	    sta ETH_TX_FRAME_PAYLOAD+17
.4c93	a9 00		lda #$00	    lda #$00                        ; THA - target mac address (we dont know it yet!)
.4c95	8d 55 22	sta $2255	    sta ETH_TX_FRAME_PAYLOAD+18
.4c98	8d 56 22	sta $2256	    sta ETH_TX_FRAME_PAYLOAD+19
.4c9b	8d 57 22	sta $2257	    sta ETH_TX_FRAME_PAYLOAD+20
.4c9e	8d 58 22	sta $2258	    sta ETH_TX_FRAME_PAYLOAD+21
.4ca1	8d 59 22	sta $2259	    sta ETH_TX_FRAME_PAYLOAD+22
.4ca4	8d 5a 22	sta $225a	    sta ETH_TX_FRAME_PAYLOAD+23
.4ca7	ad 0d 4c	lda $4c0d	    lda ARP_REQUEST_IP+0                 ; TPA - target IP address
.4caa	8d 5b 22	sta $225b	    sta ETH_TX_FRAME_PAYLOAD+24
.4cad	ad 0e 4c	lda $4c0e	    lda ARP_REQUEST_IP+1
.4cb0	8d 5c 22	sta $225c	    sta ETH_TX_FRAME_PAYLOAD+25
.4cb3	ad 0f 4c	lda $4c0f	    lda ARP_REQUEST_IP+2
.4cb6	8d 5d 22	sta $225d	    sta ETH_TX_FRAME_PAYLOAD+26
.4cb9	ad 10 4c	lda $4c10	    lda ARP_REQUEST_IP+3
.4cbc	8d 5e 22	sta $225e	    sta ETH_TX_FRAME_PAYLOAD+27
.4cbf	a0 00		ldy #$00	    ldy #$00
.4cc1	a9 00		lda #$00	    lda #$00
.4cc3	99 5f 22	sta $225f,y	 -  sta ETH_TX_FRAME_PAYLOAD+28,y
.4cc6	c8		iny		    iny
.4cc7	c0 12		cpy #$12	    cpy #18
.4cc9	d0 f8		bne $4cc3	    bne -
.4ccb	a9 3c		lda #$3c	    lda #$3c
.4ccd	8d 46 21	sta $2146	    sta ETH_TX_LEN_LSB
.4cd0	a9 00		lda #$00	    lda #$00
.4cd2	8d 47 21	sta $2147	    sta ETH_TX_LEN_MSB
.4cd5	a9 01		lda #$01	    lda #$01              ; ARP_WAITING
.4cd7	8d 18 21	sta $2118	    sta ETH_STATE
.4cda	20 d4 3f	jsr $3fd4	    jsr DEFER_CURRENT_TX
.4cdd	20 8c 36	jsr $368c	    jsr ETH_PROCESS_DEFERRED
.4ce0	ad 06 4c	lda $4c06	    lda ARP_STATE
.4ce3	c9 01		cmp #$01	    cmp #ARP_STATE_WAIT
.4ce5	f0 05		beq $4cec	    beq _already_waiting          ; if we're already in a wait cycle, don't
.4ce7	a9 08		lda #$08	    lda #ARP_MAX_RETRIES
.4ce9	8d 08 4c	sta $4c08	    sta ARP_RETRY_LEFT
.4cec					_already_waiting:
.4cec	a9 0f		lda #$0f	    lda #ARP_TIMEOUT_TICKS
.4cee	8d 07 4c	sta $4c07	    sta ARP_RETRY_TICKS           ; (re)load the timeout for the next resend
.4cf1	20 9b 4f	jsr $4f9b	    jsr ARP_READ_RASTER
.4cf4	ad 0b 4c	lda $4c0b	    lda ARP_CUR_RASTER_LO
.4cf7	8d 09 4c	sta $4c09	    sta ARP_LAST_RASTER_LO
.4cfa	ad 0c 4c	lda $4c0c	    lda ARP_CUR_RASTER_HI
.4cfd	8d 0a 4c	sta $4c0a	    sta ARP_LAST_RASTER_HI
.4d00	a9 01		lda #$01	    lda #ARP_STATE_WAIT
.4d02	8d 06 4c	sta $4c06	    sta ARP_STATE
.4d05	60		rts		    rts
.4d06					ARP_REPLY:
.4d06	ad 97 28	lda $2897	    lda ETH_RX_FRAME_PAYLOAD+6     ; OPER MSB
.4d09	d0 43		bne $4d4e	    bne _not_ours
.4d0b	ad 98 28	lda $2898	    lda ETH_RX_FRAME_PAYLOAD+7     ; OPER LSB
.4d0e	c9 01		cmp #$01	    cmp #$01                       ; REQUEST?
.4d10	d0 3c		bne $4d4e	    bne _not_ours
.4d12	ad 91 28	lda $2891	    lda ETH_RX_FRAME_PAYLOAD+0
.4d15	c9 00		cmp #$00	    cmp #$00
.4d17	d0 35		bne $4d4e	    bne _not_ours  ; HTYPE msb
.4d19	ad 92 28	lda $2892	    lda ETH_RX_FRAME_PAYLOAD+1
.4d1c	c9 01		cmp #$01	    cmp #$01
.4d1e	d0 2e		bne $4d4e	    bne _not_ours  ; HTYPE=1
.4d20	ad 93 28	lda $2893	    lda ETH_RX_FRAME_PAYLOAD+2
.4d23	c9 08		cmp #$08	    cmp #$08
.4d25	d0 27		bne $4d4e	    bne _not_ours
.4d27	ad 94 28	lda $2894	    lda ETH_RX_FRAME_PAYLOAD+3
.4d2a	c9 00		cmp #$00	    cmp #$00
.4d2c	d0 20		bne $4d4e	    bne _not_ours  ; PTYPE=0x0800
.4d2e	ad 95 28	lda $2895	    lda ETH_RX_FRAME_PAYLOAD+4
.4d31	c9 06		cmp #$06	    cmp #$06
.4d33	d0 19		bne $4d4e	    bne _not_ours  ; HLEN=6
.4d35	ad 96 28	lda $2896	    lda ETH_RX_FRAME_PAYLOAD+5
.4d38	c9 04		cmp #$04	    cmp #$04
.4d3a	d0 12		bne $4d4e	    bne _not_ours  ; PLEN=4
.4d3c					_check_target_ip:
.4d3c	a2 04		ldx #$04	    ldx #$04                            ; count = 4
.4d3e					_loop_compare2:
.4d3e	ca		dex		    dex
.4d3f	bd 00 21	lda $2100,x	    lda LOCAL_IP,x                      ; local IP address byte
.4d42	dd a9 28	cmp $28a9,x	    cmp ETH_RX_FRAME_PAYLOAD+24,x
.4d45	d0 07		bne $4d4e	    bne _not_ours
.4d47	e0 00		cpx #$00	    cpx #$00
.4d49	d0 f3		bne $4d3e	    bne _loop_compare2
.4d4b	4c 4f 4d	jmp $4d4f	    jmp _build_reply
.4d4e					_not_ours:
.4d4e	60		rts		    rts
.4d4f					_build_reply:
.4d4f	ad 89 28	lda $2889	    lda ETH_RX_FRAME_SRC_MAC+0
.4d52	8d 5c 50	sta $505c	    sta ARP_REPLY_PACKET+0
.4d55	ad 8a 28	lda $288a	    lda ETH_RX_FRAME_SRC_MAC+1
.4d58	8d 5d 50	sta $505d	    sta ARP_REPLY_PACKET+1
.4d5b	ad 8b 28	lda $288b	    lda ETH_RX_FRAME_SRC_MAC+2
.4d5e	8d 5e 50	sta $505e	    sta ARP_REPLY_PACKET+2
.4d61	ad 8c 28	lda $288c	    lda ETH_RX_FRAME_SRC_MAC+3
.4d64	8d 5f 50	sta $505f	    sta ARP_REPLY_PACKET+3
.4d67	ad 8d 28	lda $288d	    lda ETH_RX_FRAME_SRC_MAC+4
.4d6a	8d 60 50	sta $5060	    sta ARP_REPLY_PACKET+4
.4d6d	ad 8e 28	lda $288e	    lda ETH_RX_FRAME_SRC_MAC+5
.4d70	8d 61 50	sta $5061	    sta ARP_REPLY_PACKET+5
.4d73	ad e9 d6	lda $d6e9	    lda MEGA65_ETH_MAC+0
.4d76	8d 62 50	sta $5062	    sta ARP_REPLY_PACKET+6
.4d79	ad ea d6	lda $d6ea	    lda MEGA65_ETH_MAC+1
.4d7c	8d 63 50	sta $5063	    sta ARP_REPLY_PACKET+7
.4d7f	ad eb d6	lda $d6eb	    lda MEGA65_ETH_MAC+2
.4d82	8d 64 50	sta $5064	    sta ARP_REPLY_PACKET+8
.4d85	ad ec d6	lda $d6ec	    lda MEGA65_ETH_MAC+3
.4d88	8d 65 50	sta $5065	    sta ARP_REPLY_PACKET+9
.4d8b	ad ed d6	lda $d6ed	    lda MEGA65_ETH_MAC+4
.4d8e	8d 66 50	sta $5066	    sta ARP_REPLY_PACKET+10
.4d91	ad ee d6	lda $d6ee	    lda MEGA65_ETH_MAC+5
.4d94	8d 67 50	sta $5067	    sta ARP_REPLY_PACKET+11
.4d97	a9 08		lda #$08	    lda #$08
.4d99	8d 68 50	sta $5068	    sta ARP_REPLY_PACKET+12
.4d9c	a9 06		lda #$06	    lda #$06
.4d9e	8d 69 50	sta $5069	    sta ARP_REPLY_PACKET+13
.4da1	a9 00		lda #$00	    lda #$00
.4da3	8d 6a 50	sta $506a	    sta ARP_REPLY_PACKET+14
.4da6	a9 01		lda #$01	    lda #$01
.4da8	8d 6b 50	sta $506b	    sta ARP_REPLY_PACKET+15
.4dab	a9 08		lda #$08	    lda #$08
.4dad	8d 6c 50	sta $506c	    sta ARP_REPLY_PACKET+16
.4db0	a9 00		lda #$00	    lda #$00
.4db2	8d 6d 50	sta $506d	    sta ARP_REPLY_PACKET+17
.4db5	a9 06		lda #$06	    lda #$06
.4db7	8d 6e 50	sta $506e	    sta ARP_REPLY_PACKET+18
.4dba	a9 04		lda #$04	    lda #$04
.4dbc	8d 6f 50	sta $506f	    sta ARP_REPLY_PACKET+19
.4dbf	a9 00		lda #$00	    lda #$00
.4dc1	8d 70 50	sta $5070	    sta ARP_REPLY_PACKET+20
.4dc4	a9 02		lda #$02	    lda #$02
.4dc6	8d 71 50	sta $5071	    sta ARP_REPLY_PACKET+21
.4dc9	ad e9 d6	lda $d6e9	    lda MEGA65_ETH_MAC+0
.4dcc	8d 72 50	sta $5072	    sta ARP_REPLY_PACKET+22
.4dcf	ad ea d6	lda $d6ea	    lda MEGA65_ETH_MAC+1
.4dd2	8d 73 50	sta $5073	    sta ARP_REPLY_PACKET+23
.4dd5	ad eb d6	lda $d6eb	    lda MEGA65_ETH_MAC+2
.4dd8	8d 74 50	sta $5074	    sta ARP_REPLY_PACKET+24
.4ddb	ad ec d6	lda $d6ec	    lda MEGA65_ETH_MAC+3
.4dde	8d 75 50	sta $5075	    sta ARP_REPLY_PACKET+25
.4de1	ad ed d6	lda $d6ed	    lda MEGA65_ETH_MAC+4
.4de4	8d 76 50	sta $5076	    sta ARP_REPLY_PACKET+26
.4de7	ad ee d6	lda $d6ee	    lda MEGA65_ETH_MAC+5
.4dea	8d 77 50	sta $5077	    sta ARP_REPLY_PACKET+27
.4ded	ad 00 21	lda $2100	    lda LOCAL_IP+0
.4df0	8d 78 50	sta $5078	    sta ARP_REPLY_PACKET+28
.4df3	ad 01 21	lda $2101	    lda LOCAL_IP+1
.4df6	8d 79 50	sta $5079	    sta ARP_REPLY_PACKET+29
.4df9	ad 02 21	lda $2102	    lda LOCAL_IP+2
.4dfc	8d 7a 50	sta $507a	    sta ARP_REPLY_PACKET+30
.4dff	ad 03 21	lda $2103	    lda LOCAL_IP+3
.4e02	8d 7b 50	sta $507b	    sta ARP_REPLY_PACKET+31
.4e05	ad 89 28	lda $2889	    lda ETH_RX_FRAME_SRC_MAC+0
.4e08	8d 7c 50	sta $507c	    sta ARP_REPLY_PACKET+32
.4e0b	ad 8a 28	lda $288a	    lda ETH_RX_FRAME_SRC_MAC+1
.4e0e	8d 7d 50	sta $507d	    sta ARP_REPLY_PACKET+33
.4e11	ad 8b 28	lda $288b	    lda ETH_RX_FRAME_SRC_MAC+2
.4e14	8d 7e 50	sta $507e	    sta ARP_REPLY_PACKET+34
.4e17	ad 8c 28	lda $288c	    lda ETH_RX_FRAME_SRC_MAC+3
.4e1a	8d 7f 50	sta $507f	    sta ARP_REPLY_PACKET+35
.4e1d	ad 8d 28	lda $288d	    lda ETH_RX_FRAME_SRC_MAC+4
.4e20	8d 80 50	sta $5080	    sta ARP_REPLY_PACKET+36
.4e23	ad 8e 28	lda $288e	    lda ETH_RX_FRAME_SRC_MAC+5
.4e26	8d 81 50	sta $5081	    sta ARP_REPLY_PACKET+37
.4e29	ad 9f 28	lda $289f	    lda ETH_RX_FRAME_PAYLOAD+14
.4e2c	8d 82 50	sta $5082	    sta ARP_REPLY_PACKET+38
.4e2f	ad a0 28	lda $28a0	    lda ETH_RX_FRAME_PAYLOAD+15
.4e32	8d 83 50	sta $5083	    sta ARP_REPLY_PACKET+39
.4e35	ad a1 28	lda $28a1	    lda ETH_RX_FRAME_PAYLOAD+16
.4e38	8d 84 50	sta $5084	    sta ARP_REPLY_PACKET+40
.4e3b	ad a2 28	lda $28a2	    lda ETH_RX_FRAME_PAYLOAD+17
.4e3e	8d 85 50	sta $5085	    sta ARP_REPLY_PACKET+41
.4e41	a9 01		lda #$01	    lda #$01
.4e43	8d 98 50	sta $5098	    sta ARP_REPLY_PENDING
.4e46	60		rts		    rts
.4e47					ARP_UPDATE_CACHE:
.4e47	a2 04		ldx #$04	    ldx #$04
.4e49	ca		dex		-   dex
.4e4a	bd 9f 28	lda $289f,x	    lda ETH_RX_FRAME_PAYLOAD+14,x   ; sender protocol address (SPA)
.4e4d	dd 0d 4c	cmp $4c0d,x	    cmp ARP_REQUEST_IP+0,x
.4e50	d0 07		bne $4e59	    bne _not_for_us
.4e52	e0 00		cpx #$00	    cpx #$00
.4e54	d0 f3		bne $4e49	    bne -
.4e56	4c 5c 4e	jmp $4e5c	    jmp _do_update
.4e59					 _not_for_us
.4e59	4c 66 4e	jmp $4e66	    jmp _update_cache
.4e5c					_do_update
.4e5c	a9 00		lda #$00	    lda #ARP_STATE_IDLE
.4e5e	8d 06 4c	sta $4c06	    sta ARP_STATE
.4e61	a9 00		lda #$00	    lda #$00
.4e63	8d 18 21	sta $2118	    sta ETH_STATE
.4e66					_update_cache:
.4e66	a2 00		ldx #$00	    ldx #$00
.4e68					_find_existing:
.4e68	bd 04 50	lda $5004,x	    lda ARP_CACHE+0, x
.4e6b	f0 20		beq $4e8d	    beq _next_existing
.4e6d	bd 05 50	lda $5005,x	    lda ARP_CACHE+1, x
.4e70	cd 9f 28	cmp $289f	    cmp ETH_RX_FRAME_PAYLOAD+14
.4e73	d0 18		bne $4e8d	    bne _next_existing
.4e75	bd 06 50	lda $5006,x	    lda ARP_CACHE+2, x
.4e78	cd a0 28	cmp $28a0	    cmp ETH_RX_FRAME_PAYLOAD+15
.4e7b	d0 10		bne $4e8d	    bne _next_existing
.4e7d	bd 07 50	lda $5007,x	    lda ARP_CACHE+3, x
.4e80	cd a1 28	cmp $28a1	    cmp ETH_RX_FRAME_PAYLOAD+16
.4e83	d0 08		bne $4e8d	    bne _next_existing
.4e85	bd 08 50	lda $5008,x	    lda ARP_CACHE+4, x
.4e88	cd a2 28	cmp $28a2	    cmp ETH_RX_FRAME_PAYLOAD+17
.4e8b	f0 21		beq $4eae	    beq _found_slot
.4e8d					_next_existing:
.4e8d	8a		txa		    txa
.4e8e	18		clc		    clc
.4e8f	69 0b		adc #$0b	    adc #$0b
.4e91	c9 58		cmp #$58	    cmp #$58
.4e93	b0 04		bcs $4e99	    bcs _find_available
.4e95	aa		tax		    tax
.4e96	4c 68 4e	jmp $4e68	    jmp _find_existing
.4e99					_find_available:
.4e99	a2 00		ldx #$00	    ldx #$00
.4e9b					_loop1
.4e9b	bd 04 50	lda $5004,x	    lda ARP_CACHE, x
.4e9e	f0 0e		beq $4eae	    beq _found_slot
.4ea0	8a		txa		    txa
.4ea1	18		clc		    clc
.4ea2	69 0b		adc #$0b	    adc #$0b                        ; jump 11 bytes ahead to ttl byte
.4ea4	c9 58		cmp #$58	    cmp #$58                        ; > 8 entries... just use slot 0
.4ea6	b0 04		bcs $4eac	    bcs _use_slot_zero
.4ea8	aa		tax		    tax
.4ea9	4c 9b 4e	jmp $4e9b	    jmp _loop1
.4eac					_use_slot_zero
.4eac	a2 00		ldx #$00	    ldx #$00                        ; slot 0 will be used
.4eae					_found_slot:
.4eae	08		php		    php
.4eaf	78		sei		    sei
.4eb0	a9 ff		lda #$ff	    lda #$ff                        ; set slot TTL
.4eb2	9d 04 50	sta $5004,x	    sta ARP_CACHE+0, x
.4eb5	ad 9f 28	lda $289f	    lda ETH_RX_FRAME_PAYLOAD+14
.4eb8	9d 05 50	sta $5005,x	    sta ARP_CACHE+1, x
.4ebb	ad a0 28	lda $28a0	    lda ETH_RX_FRAME_PAYLOAD+15
.4ebe	9d 06 50	sta $5006,x	    sta ARP_CACHE+2, x
.4ec1	ad a1 28	lda $28a1	    lda ETH_RX_FRAME_PAYLOAD+16
.4ec4	9d 07 50	sta $5007,x	    sta ARP_CACHE+3, x
.4ec7	ad a2 28	lda $28a2	    lda ETH_RX_FRAME_PAYLOAD+17
.4eca	9d 08 50	sta $5008,x	    sta ARP_CACHE+4, x
.4ecd	ad 99 28	lda $2899	    lda ETH_RX_FRAME_PAYLOAD+8
.4ed0	9d 09 50	sta $5009,x	    sta ARP_CACHE+5, x
.4ed3	ad 9a 28	lda $289a	    lda ETH_RX_FRAME_PAYLOAD+9
.4ed6	9d 0a 50	sta $500a,x	    sta ARP_CACHE+6, x
.4ed9	ad 9b 28	lda $289b	    lda ETH_RX_FRAME_PAYLOAD+10
.4edc	9d 0b 50	sta $500b,x	    sta ARP_CACHE+7, x
.4edf	ad 9c 28	lda $289c	    lda ETH_RX_FRAME_PAYLOAD+11
.4ee2	9d 0c 50	sta $500c,x	    sta ARP_CACHE+8, x
.4ee5	ad 9d 28	lda $289d	    lda ETH_RX_FRAME_PAYLOAD+12
.4ee8	9d 0d 50	sta $500d,x	    sta ARP_CACHE+9, x
.4eeb	ad 9e 28	lda $289e	    lda ETH_RX_FRAME_PAYLOAD+13
.4eee	9d 0e 50	sta $500e,x	    sta ARP_CACHE+10, x
.4ef1	28		plp		    plp
.4ef2	60		rts		    rts
.4ef3					ARP_QUERY_IP:
>4ef3	00 00 00 00			    .byte $00, $00, $00, $00
.4ef7					ARP_QUERY_CACHE:
.4ef7	a2 00		ldx #$00	    ldx #$00
.4ef9					_loop1
.4ef9	bd 04 50	lda $5004,x	    lda ARP_CACHE+0, x                  ; if this slot is empty or expired, skip it
.4efc	f0 4c		beq $4f4a	    beq _next_cache
.4efe	bd 05 50	lda $5005,x	    lda ARP_CACHE+1, x
.4f01	cd f3 4e	cmp $4ef3	    cmp ARP_QUERY_IP+0
.4f04	d0 44		bne $4f4a	    bne _next_cache
.4f06	bd 06 50	lda $5006,x	    lda ARP_CACHE+2, x
.4f09	cd f4 4e	cmp $4ef4	    cmp ARP_QUERY_IP+1
.4f0c	d0 3c		bne $4f4a	    bne _next_cache
.4f0e	bd 07 50	lda $5007,x	    lda ARP_CACHE+3, x
.4f11	cd f5 4e	cmp $4ef5	    cmp ARP_QUERY_IP+2
.4f14	d0 34		bne $4f4a	    bne _next_cache
.4f16	bd 08 50	lda $5008,x	    lda ARP_CACHE+4, x
.4f19	cd f6 4e	cmp $4ef6	    cmp ARP_QUERY_IP+3
.4f1c	d0 2c		bne $4f4a	    bne _next_cache
.4f1e	bd 09 50	lda $5009,x	    lda ARP_CACHE+5, x
.4f21	8d 35 22	sta $2235	    sta ETH_TX_FRAME_DEST_MAC+0
.4f24	bd 0a 50	lda $500a,x	    lda ARP_CACHE+6, x
.4f27	8d 36 22	sta $2236	    sta ETH_TX_FRAME_DEST_MAC+1
.4f2a	bd 0b 50	lda $500b,x	    lda ARP_CACHE+7, x
.4f2d	8d 37 22	sta $2237	    sta ETH_TX_FRAME_DEST_MAC+2
.4f30	bd 0c 50	lda $500c,x	    lda ARP_CACHE+8, x
.4f33	8d 38 22	sta $2238	    sta ETH_TX_FRAME_DEST_MAC+3
.4f36	bd 0d 50	lda $500d,x	    lda ARP_CACHE+9, x
.4f39	8d 39 22	sta $2239	    sta ETH_TX_FRAME_DEST_MAC+4
.4f3c	bd 0e 50	lda $500e,x	    lda ARP_CACHE+10, x
.4f3f	8d 3a 22	sta $223a	    sta ETH_TX_FRAME_DEST_MAC+5
.4f42	a9 ff		lda #$ff	    lda #$ff                        ; retain this cache entry
.4f44	9d 04 50	sta $5004,x	    sta ARP_CACHE+0, x
.4f47	a9 01		lda #$01	    lda #$01                        ; flag for hit
.4f49	60		rts		    rts
.4f4a					_next_cache:
.4f4a	8a		txa		    txa
.4f4b	18		clc		    clc
.4f4c	69 0b		adc #$0b	    adc #$0b                        ; jump 11 bytes ahead to ttl byte
.4f4e	c9 58		cmp #$58	    cmp #$58                        ; have we gone out of bounds?
.4f50	f0 06		beq $4f58	    beq _cache_miss
.4f52	b0 04		bcs $4f58	    bcs _cache_miss
.4f54	aa		tax		    tax
.4f55	4c f9 4e	jmp $4ef9	    jmp _loop1
.4f58					_cache_miss:
.4f58	a9 00		lda #$00	    lda #$00
.4f5a	8d 35 22	sta $2235	    sta ETH_TX_FRAME_DEST_MAC+0
.4f5d	8d 36 22	sta $2236	    sta ETH_TX_FRAME_DEST_MAC+1
.4f60	8d 37 22	sta $2237	    sta ETH_TX_FRAME_DEST_MAC+2
.4f63	8d 38 22	sta $2238	    sta ETH_TX_FRAME_DEST_MAC+3
.4f66	8d 39 22	sta $2239	    sta ETH_TX_FRAME_DEST_MAC+4
.4f69	8d 3a 22	sta $223a	    sta ETH_TX_FRAME_DEST_MAC+5
.4f6c	a9 00		lda #$00	    lda #$00                        ; flag for miss
.4f6e	60		rts		    rts
.4f6f					ARP_PURGE_TICK:
>4f6f	00				    .byte $00
.4f70					ARP_CACHE_PURGE:
.4f70	ee 6f 4f	inc $4f6f	    inc ARP_PURGE_TICK
.4f73	ad 6f 4f	lda $4f6f	    lda ARP_PURGE_TICK
.4f76	c9 3c		cmp #$3c	    cmp #60
.4f78	d0 20		bne $4f9a	    bne _done                       ; only purge once every 60 IRQs (~1 s)
.4f7a	a9 00		lda #$00	    lda #$00
.4f7c	8d 6f 4f	sta $4f6f	    sta ARP_PURGE_TICK
.4f7f	a2 00		ldx #$00	    ldx #$00
.4f81					_loop1
.4f81	bd 04 50	lda $5004,x	    lda ARP_CACHE+0, x
.4f84	f0 06		beq $4f8c	    beq _next_cache                 ; this slot already expired.  skip it
.4f86	38		sec		    sec
.4f87	e9 01		sbc #$01	    sbc #$01
.4f89	9d 04 50	sta $5004,x	    sta ARP_CACHE+0, x
.4f8c					_next_cache:
.4f8c	8a		txa		    txa
.4f8d	18		clc		    clc
.4f8e	69 0b		adc #$0b	    adc #$0b                        ; jump 11 bytes ahead to ttl byte
.4f90	c9 58		cmp #$58	    cmp #$58                        ; have we gone out of bounds?
.4f92	f0 06		beq $4f9a	    beq _done
.4f94	b0 04		bcs $4f9a	    bcs _done
.4f96	aa		tax		    tax
.4f97	4c 81 4f	jmp $4f81	    jmp _loop1
.4f9a					_done:
.4f9a	60		rts		    rts
.4f9b					ARP_READ_RASTER:
.4f9b	ad 12 d0	lda $d012	    lda MEGA65_VICII_RSTR_CMP
.4f9e	8d 0b 4c	sta $4c0b	    sta ARP_CUR_RASTER_LO
.4fa1	ad 11 d0	lda $d011	    lda MEGA65_VICII_CTRL1
.4fa4	29 80		and #$80	    and #$80
.4fa6	8d 0c 4c	sta $4c0c	    sta ARP_CUR_RASTER_HI
.4fa9	60		rts		    rts
.4faa					ARP_RETRY_TICK:
.4faa	ad 06 4c	lda $4c06	    lda ARP_STATE
.4fad	c9 01		cmp #$01	    cmp #ARP_STATE_WAIT
.4faf	f0 01		beq $4fb2	    beq _in_wait
.4fb1	60		rts		    rts
.4fb2					_in_wait:
.4fb2	a2 03		ldx #$03	    ldx #3
.4fb4					_copy_req_to_query:
.4fb4	bd 0d 4c	lda $4c0d,x	    lda ARP_REQUEST_IP,x
.4fb7	9d f3 4e	sta $4ef3,x	    sta ARP_QUERY_IP,x
.4fba	ca		dex		    dex
.4fbb	10 f7		bpl $4fb4	    bpl _copy_req_to_query
.4fbd	20 f7 4e	jsr $4ef7	    jsr ARP_QUERY_CACHE
.4fc0	d0 37		bne $4ff9	    bne _got_it
.4fc2	ad 07 4c	lda $4c07	    lda ARP_RETRY_TICKS
.4fc5	f0 04		beq $4fcb	    beq _expired
.4fc7	ce 07 4c	dec $4c07	    dec ARP_RETRY_TICKS
.4fca	60		rts		    rts
.4fcb					_expired:
.4fcb	ad 08 4c	lda $4c08	    lda ARP_RETRY_LEFT
.4fce	f0 0c		beq $4fdc	    beq _give_up
.4fd0	ce 08 4c	dec $4c08	    dec ARP_RETRY_LEFT
.4fd3	a9 0f		lda #$0f	    lda #ARP_TIMEOUT_TICKS
.4fd5	8d 07 4c	sta $4c07	    sta ARP_RETRY_TICKS
.4fd8	20 11 4c	jsr $4c11	    jsr ARP_REQUEST           ; resend
.4fdb	60		rts		    rts
.4fdc					_give_up:
.4fdc	a9 00		lda #$00	    lda #ARP_STATE_IDLE
.4fde	8d 06 4c	sta $4c06	    sta ARP_STATE
.4fe1	a9 00		lda #$00	    lda #$00                  ; also release ARP_WAITING
.4fe3	8d 18 21	sta $2118	    sta ETH_STATE
.4fe6	ad 25 21	lda $2125	    lda CONNECT_ACTIVE
.4fe9	f0 0d		beq $4ff8	    beq _ret
.4feb	a9 01		lda #$01	    lda #$01
.4fed	8d 27 21	sta $2127	    sta CONNECT_FAIL_LATCH
.4ff0	ad 3d 4a	lda $4a3d	    lda TCP_EVENT_FLAG
.4ff3	09 10		ora #$10	    ora #EV_CONNECT_FAIL
.4ff5	8d 3d 4a	sta $4a3d	    sta TCP_EVENT_FLAG
.4ff8					_ret:
.4ff8	60		rts		    rts
.4ff9					_got_it:
.4ff9	a9 00		lda #$00	    lda #ARP_STATE_IDLE
.4ffb	8d 06 4c	sta $4c06	    sta ARP_STATE
.4ffe	a9 00		lda #$00	    lda #$00                ; ETH_STATE = IDLE
.5000	8d 18 21	sta $2118	    sta ETH_STATE
.5003	60		rts		    rts
.5004					ARP_CACHE:
>5004	00 00 00 00 00 00 00 00		    .byte $00, $00, $00, $00, $00, $00, $00, $00, $00, $00, $00
>500c	00 00 00
>500f	00 00 00 00 00 00 00 00		    .byte $00, $00, $00, $00, $00, $00, $00, $00, $00, $00, $00
>5017	00 00 00
>501a	00 00 00 00 00 00 00 00		    .byte $00, $00, $00, $00, $00, $00, $00, $00, $00, $00, $00
>5022	00 00 00
>5025	00 00 00 00 00 00 00 00		    .byte $00, $00, $00, $00, $00, $00, $00, $00, $00, $00, $00
>502d	00 00 00
>5030	00 00 00 00 00 00 00 00		    .byte $00, $00, $00, $00, $00, $00, $00, $00, $00, $00, $00
>5038	00 00 00
>503b	00 00 00 00 00 00 00 00		    .byte $00, $00, $00, $00, $00, $00, $00, $00, $00, $00, $00
>5043	00 00 00
>5046	00 00 00 00 00 00 00 00		    .byte $00, $00, $00, $00, $00, $00, $00, $00, $00, $00, $00
>504e	00 00 00
>5051	00 00 00 00 00 00 00 00		    .byte $00, $00, $00, $00, $00, $00, $00, $00, $00, $00, $00
>5059	00 00 00
.505c					ARP_REPLY_PACKET:
>505c	00 00 00 00 00 00 00 00		    .fill 60, $00
>5064	00 00 00 00 00 00 00 00 00 00 00 00 00 00 00 00
;	...repeated 2 times (32 bytes)...
>5094	00 00 00 00
.5098					ARP_REPLY_PENDING:
>5098	00				    .byte $00

;******  Return to file: mega-ip/eth.asm


;******  Processing file: mega-ip/dns.asm

=0					UDP_HDR_SRC_HI          = 0
=1					UDP_HDR_SRC_LO          = 1
=2					UDP_HDR_DST_HI          = 2
=3					UDP_HDR_DST_LO          = 3
=4					UDP_HDR_LEN_HI          = 4
=5					UDP_HDR_LEN_LO          = 5
=6					UDP_HDR_CHK_HI          = 6
=7					UDP_HDR_CHK_LO          = 7
=8					UDP_DATA_BASE           = 8            ; UDP payload starts here
=53					DNS_PORT                = 53
=$00					DNS_STATE_IDLE          = $00
=$01					DNS_STATE_WAIT          = $01
=$02					DNS_STATE_DONE          = $02
=$03					DNS_STATE_FAIL          = $03
=2					DNS_TIMEOUT_TICKS_BASE  = 2     ; ~2 ticks between (re)sends, grows linearly
=8					DNS_MAX_RETRIES         = 8
=8					DNS_CNAME_MAX_HOPS      = 8
=6					DNS_TICK_FRAMES         = 6
>5099	00 00 00 00			DNS_RESULT_IP:          .byte $00, $00, $00, $00
>509d	00				DNS_STATE:              .byte $00
>509e	00				DNS_RETRY_LEFT:         .byte $00
>509f	00				DNS_RETRY_TICKS:        .byte $00
>50a0	00				DNS_LAST_BACKOFF:       .byte $00
>50a1	00				DNS_FRAME_TICKS:        .byte $00
>50a2	00				DNS_LAST_RASTER_LO:     .byte $00
>50a3	00				DNS_LAST_RASTER_HI:     .byte $00
>50a4	00				DNS_CNAME_HOPS:         .byte $00
>50a5	00				DNS_MSG_ID_HI:          .byte $00
>50a6	00				DNS_MSG_ID_LO:          .byte $00
>50a7	31				DNS_CLIENT_PORT_HI:     .byte $31
>50a8	53				DNS_CLIENT_PORT_LO:     .byte $53
>50a9	00 00 00 00 00 00 00 00		DNS_QNAME:              .fill 128, $00
>50b1	00 00 00 00 00 00 00 00 00 00 00 00 00 00 00 00
;	...repeated 6 times (96 bytes)...
>5121	00 00 00 00 00 00 00 00
>5129	00				DNS_QNAME_LEN:          .byte $00
>512a	28				DNS_ARP_DEFERS:         .byte 40   ; ~40 quick defers then give up
.512b					DNS_SEND_UDP:
.512b	a9 08		lda #$08	    lda #$08
.512d	8d 41 22	sta $2241	    sta ETH_TX_TYPE
.5130	a9 00		lda #$00	    lda #$00
.5132	8d 42 22	sta $2242	    sta ETH_TX_TYPE+1
.5135	a9 11		lda #$11	    lda #$11                      ; protocol UDP
.5137	8d f4 44	sta $44f4	    sta IPV4_HDR_PROTO
.513a	ad 00 21	lda $2100	    lda LOCAL_IP+0
.513d	8d f7 44	sta $44f7	    sta IPV4_HDR_SRC_IP+0
.5140	ad 01 21	lda $2101	    lda LOCAL_IP+1
.5143	8d f8 44	sta $44f8	    sta IPV4_HDR_SRC_IP+1
.5146	ad 02 21	lda $2102	    lda LOCAL_IP+2
.5149	8d f9 44	sta $44f9	    sta IPV4_HDR_SRC_IP+2
.514c	ad 03 21	lda $2103	    lda LOCAL_IP+3
.514f	8d fa 44	sta $44fa	    sta IPV4_HDR_SRC_IP+3
.5152	ad 14 21	lda $2114	    lda PRIMARY_DNS+0
.5155	8d fb 44	sta $44fb	    sta IPV4_HDR_DST_IP+0
.5158	ad 15 21	lda $2115	    lda PRIMARY_DNS+1
.515b	8d fc 44	sta $44fc	    sta IPV4_HDR_DST_IP+1
.515e	ad 16 21	lda $2116	    lda PRIMARY_DNS+2
.5161	8d fd 44	sta $44fd	    sta IPV4_HDR_DST_IP+2
.5164	ad 17 21	lda $2117	    lda PRIMARY_DNS+3
.5167	8d fe 44	sta $44fe	    sta IPV4_HDR_DST_IP+3
.516a	ad 5b 22	lda $225b	    lda ETH_TX_FRAME_PAYLOAD+20+UDP_HDR_LEN_HI
.516d	8d ed 44	sta $44ed	    sta IPV4_HDR_LEN
.5170	ad 5c 22	lda $225c	    lda ETH_TX_FRAME_PAYLOAD+20+UDP_HDR_LEN_LO
.5173	8d ee 44	sta $44ee	    sta IPV4_HDR_LEN+1
.5176	18		clc		    clc
.5177	ad ee 44	lda $44ee	    lda IPV4_HDR_LEN+1
.517a	69 14		adc #$14	    adc #20
.517c	8d ee 44	sta $44ee	    sta IPV4_HDR_LEN+1
.517f	ad ed 44	lda $44ed	    lda IPV4_HDR_LEN
.5182	69 00		adc #$00	    adc #0
.5184	8d ed 44	sta $44ed	    sta IPV4_HDR_LEN
.5187	a9 40		lda #$40	    lda #$40
.5189	8d f1 44	sta $44f1	    sta IPV4_HDR_FLGS_OFFS
.518c	a9 00		lda #$00	    lda #$00
.518e	8d f2 44	sta $44f2	    sta IPV4_HDR_FLGS_OFFS+1
.5191	20 ff 44	jsr $44ff	    jsr CALC_IPV4_CHECKSUM
.5194	a2 00		ldx #$00	    ldx #0
.5196					_cpy_ip:
.5196	bd eb 44	lda $44eb,x	    lda IPV4_HEADER,x
.5199	9d 43 22	sta $2243,x	    sta ETH_TX_FRAME_PAYLOAD,x
.519c	e8		inx		    inx
.519d	e0 14		cpx #$14	    cpx #20
.519f	d0 f5		bne $5196	    bne _cpy_ip
.51a1	ad ee 44	lda $44ee	    lda IPV4_HDR_LEN+1
.51a4	18		clc		    clc
.51a5	69 0e		adc #$0e	    adc #14
.51a7	8d 46 21	sta $2146	    sta ETH_TX_LEN_LSB
.51aa	ad ed 44	lda $44ed	    lda IPV4_HDR_LEN
.51ad	69 00		adc #$00	    adc #0
.51af	8d 47 21	sta $2147	    sta ETH_TX_LEN_MSB
.51b2	20 94 42	jsr $4294	    jsr ETH_PACKET_SEND
.51b5	60		rts		    rts
.51b6					DNS_SEND_QUERY:
.51b6	a9 01		lda #$01	    lda #$01
.51b8	20 8a 53	jsr $538a	    jsr DNS_ENSURE_ARP_READY
.51bb	b3 9f 00	bcs $525c	    bcs _no_send          ; not ready -> tick will retry
.51be	ad a5 50	lda $50a5	    lda DNS_MSG_ID_HI
.51c1	8d 5f 22	sta $225f	    sta ETH_TX_FRAME_PAYLOAD+20+UDP_DATA_BASE+0
.51c4	ad a6 50	lda $50a6	    lda DNS_MSG_ID_LO
.51c7	8d 60 22	sta $2260	    sta ETH_TX_FRAME_PAYLOAD+20+UDP_DATA_BASE+1
.51ca	a9 01		lda #$01	    lda #$01
.51cc	8d 61 22	sta $2261	    sta ETH_TX_FRAME_PAYLOAD+20+UDP_DATA_BASE+2
.51cf	a9 00		lda #$00	    lda #$00
.51d1	8d 62 22	sta $2262	    sta ETH_TX_FRAME_PAYLOAD+20+UDP_DATA_BASE+3
.51d4	a9 00		lda #$00	    lda #$00
.51d6	8d 63 22	sta $2263	    sta ETH_TX_FRAME_PAYLOAD+20+UDP_DATA_BASE+4
.51d9	a9 01		lda #$01	    lda #$01
.51db	8d 64 22	sta $2264	    sta ETH_TX_FRAME_PAYLOAD+20+UDP_DATA_BASE+5
.51de	a9 00		lda #$00	    lda #$00
.51e0	8d 65 22	sta $2265	    sta ETH_TX_FRAME_PAYLOAD+20+UDP_DATA_BASE+6
.51e3	8d 66 22	sta $2266	    sta ETH_TX_FRAME_PAYLOAD+20+UDP_DATA_BASE+7
.51e6	8d 67 22	sta $2267	    sta ETH_TX_FRAME_PAYLOAD+20+UDP_DATA_BASE+8
.51e9	8d 68 22	sta $2268	    sta ETH_TX_FRAME_PAYLOAD+20+UDP_DATA_BASE+9
.51ec	8d 69 22	sta $2269	    sta ETH_TX_FRAME_PAYLOAD+20+UDP_DATA_BASE+10
.51ef	8d 6a 22	sta $226a	    sta ETH_TX_FRAME_PAYLOAD+20+UDP_DATA_BASE+11
.51f2	a2 00		ldx #$00	    ldx #0
.51f4					_qcpy:
.51f4	bd a9 50	lda $50a9,x	    lda DNS_QNAME,x
.51f7	9d 6b 22	sta $226b,x	    sta ETH_TX_FRAME_PAYLOAD+20+UDP_DATA_BASE+12,x
.51fa	e8		inx		    inx
.51fb	ec 29 51	cpx $5129	    cpx DNS_QNAME_LEN
.51fe	d0 f4		bne $51f4	    bne _qcpy
.5200	a9 00		lda #$00	    lda #$00
.5202	9d 6b 22	sta $226b,x	    sta ETH_TX_FRAME_PAYLOAD+20+UDP_DATA_BASE+12,x   ; QTYPE hi
.5205	e8		inx		    inx
.5206	a9 01		lda #$01	    lda #$01
.5208	9d 6b 22	sta $226b,x	    sta ETH_TX_FRAME_PAYLOAD+20+UDP_DATA_BASE+12,x   ; QTYPE lo
.520b	e8		inx		    inx
.520c	a9 00		lda #$00	    lda #$00
.520e	9d 6b 22	sta $226b,x	    sta ETH_TX_FRAME_PAYLOAD+20+UDP_DATA_BASE+12,x   ; QCLASS hi
.5211	e8		inx		    inx
.5212	a9 01		lda #$01	    lda #$01
.5214	9d 6b 22	sta $226b,x	    sta ETH_TX_FRAME_PAYLOAD+20+UDP_DATA_BASE+12,x   ; QCLASS lo
.5217	e8		inx		    inx
.5218	8e 60 52	stx $5260	    stx _dns_pay_len
.521b	ad 60 52	lda $5260	    lda _dns_pay_len
.521e	18		clc		    clc
.521f	69 14		adc #$14	    adc #20            ; was #8
.5221	8d 5c 22	sta $225c	    sta ETH_TX_FRAME_PAYLOAD+20+UDP_HDR_LEN_LO
.5224	a9 00		lda #$00	    lda #0
.5226	69 00		adc #$00	    adc #0
.5228	8d 5b 22	sta $225b	    sta ETH_TX_FRAME_PAYLOAD+20+UDP_HDR_LEN_HI
.522b	ad a7 50	lda $50a7	    lda DNS_CLIENT_PORT_HI
.522e	29 1f		and #$1f	    and #$1F
.5230	09 c0		ora #$c0	    ora #$C0
.5232	8d 57 22	sta $2257	    sta ETH_TX_FRAME_PAYLOAD+20+UDP_HDR_SRC_HI
.5235	ad a8 50	lda $50a8	    lda DNS_CLIENT_PORT_LO
.5238	8d 58 22	sta $2258	    sta ETH_TX_FRAME_PAYLOAD+20+UDP_HDR_SRC_LO
.523b	a9 00		lda #$00	    lda #>(DNS_PORT)
.523d	8d 59 22	sta $2259	    sta ETH_TX_FRAME_PAYLOAD+20+UDP_HDR_DST_HI
.5240	a9 35		lda #$35	    lda #<(DNS_PORT)
.5242	8d 5a 22	sta $225a	    sta ETH_TX_FRAME_PAYLOAD+20+UDP_HDR_DST_LO
.5245	a9 00		lda #$00	    lda #0
.5247	8d 5d 22	sta $225d	    sta ETH_TX_FRAME_PAYLOAD+20+UDP_HDR_CHK_HI
.524a	8d 5e 22	sta $225e	    sta ETH_TX_FRAME_PAYLOAD+20+UDP_HDR_CHK_LO
.524d	a9 02		lda #$02	    lda #$02
.524f	20 2b 51	jsr $512b	    jsr DNS_SEND_UDP
.5252	b0 04		bcs $5258	    bcs _tx_fail
.5254	a9 03		lda #$03	    lda #$03
.5256	18		clc		    clc                 ; C=0 - sent
.5257	60		rts		    rts
.5258					_tx_fail:
.5258	a9 04		lda #$04	    lda #$04
.525a	38		sec		    sec
.525b	60		rts		    rts
.525c					_no_send:
.525c	a9 05		lda #$05	    lda #$05
.525e	38		sec		    sec                 ; C=1 - not sent
.525f	60		rts		    rts
>5260	00				_dns_pay_len: .byte 0
.5261					DNS_PACK_HOSTNAME:
.5261	8d 7d 52	sta $527d	    sta _hn_abs+1
.5264	8e 7e 52	stx $527e	    stx _hn_abs+2
.5267	8d c7 52	sta $52c7	    sta _hn_abs2+1          ; <- patch the peek reader too
.526a	8e c8 52	stx $52c8	    stx _hn_abs2+2
.526d	a0 00		ldy #$00	    ldy #0                  ; input index
.526f	a2 01		ldx #$01	    ldx #1                  ; output index (skip first length)
.5271	a9 00		lda #$00	    lda #0
.5273	8d a9 50	sta $50a9	    sta DNS_QNAME+0         ; placeholder for first label length
.5276	8d 88 53	sta $5388	    sta DNS_PACK_LBL_LEN
.5279	8d 89 53	sta $5389	    sta DNS_PACK_LBL_POS            ; where to write current label length (starts at 0)
.527c					_next:
.527c					_hn_abs:
>527c	b9 00 00			    .byte $B9, $00, $00
.527f	f3 b0 00	beq $5331	    beq _end
.5282	20 50 53	jsr $5350	    jsr DNS_HOST_CHAR_TO_ASCII
.5285	90 03		bcc $528a	    bcc _char_ok
.5287	4c 4e 53	jmp $534e	    jmp _toolong
.528a					_char_ok:
.528a	c9 2e		cmp #$2e	    cmp #'.'
.528c	f0 20		beq $52ae	    beq _dot
.528e	e0 80		cpx #$80	    cpx #128
.5290	b3 bc 00	bcs $534e	    bcs _toolong
.5293	9d a9 50	sta $50a9,x	    sta DNS_QNAME,x
.5296	e8		inx		    inx
.5297	ee 88 53	inc $5388	    inc DNS_PACK_LBL_LEN
.529a	ad 88 53	lda $5388	    lda DNS_PACK_LBL_LEN
.529d	c9 40		cmp #$40	    cmp #64                 ; RFC: label length <=63
.529f	b3 ad 00	bcs $534e	    bcs _toolong
.52a2	c8		iny		    iny
.52a3	d0 d7		bne $527c	    bne _next
.52a5	ee 7e 52	inc $527e	    inc _hn_abs+2
.52a8	ee c8 52	inc $52c8	    inc _hn_abs2+2
.52ab	4c 7c 52	jmp $527c	    jmp _next
.52ae					_dot:
.52ae	ad 88 53	lda $5388	    lda DNS_PACK_LBL_LEN
.52b1	d0 54		bne $5307	    bne _dot_normal
.52b3	98		tya		    tya
.52b4	48		pha		    pha
.52b5	a9 00		lda #$00	    lda #0
.52b7	8d 02 5a	sta $5a02	    sta TMP0                        ; TMP0=1 if we wrap+inc high byte
.52ba	c8		iny		    iny
.52bb	d0 09		bne $52c6	    bne +
.52bd	ee 7e 52	inc $527e	    inc _hn_abs+2
.52c0	ee c8 52	inc $52c8	    inc _hn_abs2+2
.52c3	ee 02 5a	inc $5a02	    inc TMP0
.52c6					+
.52c6					_hn_abs2:
>52c6	b9 00 00			    .byte $B9, $00, $00
.52c9	f0 0f		beq $52da	    beq _root_if_first              ; '.' followed by NUL
.52cb	68		pla		    pla
.52cc	a8		tay		    tay
.52cd	ad 02 5a	lda $5a02	    lda TMP0
.52d0	f0 06		beq $52d8	    beq +
.52d2	ce 7e 52	dec $527e	    dec _hn_abs+2
.52d5	ce c8 52	dec $52c8	    dec _hn_abs2+2
.52d8	38		sec		+   sec
.52d9	60		rts		    rts
.52da					_root_if_first:
.52da	ad 89 53	lda $5389	    lda DNS_PACK_LBL_POS
.52dd	d0 19		bne $52f8	    bne _empty_label_error
.52df	a9 00		lda #$00	    lda #0
.52e1	8d a9 50	sta $50a9	    sta DNS_QNAME+0
.52e4	a9 01		lda #$01	    lda #1
.52e6	8d 29 51	sta $5129	    sta DNS_QNAME_LEN
.52e9	68		pla		    pla
.52ea	a8		tay		    tay
.52eb	ad 02 5a	lda $5a02	    lda TMP0
.52ee	f0 06		beq $52f6	    beq +
.52f0	ce 7e 52	dec $527e	    dec _hn_abs+2
.52f3	ce c8 52	dec $52c8	    dec _hn_abs2+2
.52f6	18		clc		+   clc
.52f7	60		rts		    rts
.52f8					_empty_label_error:
.52f8	68		pla		    pla
.52f9	a8		tay		    tay
.52fa	ad 02 5a	lda $5a02	    lda TMP0
.52fd	f0 06		beq $5305	    beq +
.52ff	ce 7e 52	dec $527e	    dec _hn_abs+2
.5302	ce c8 52	dec $52c8	    dec _hn_abs2+2
.5305	38		sec		+   sec
.5306	60		rts		    rts
.5307					_dot_normal:
.5307	98		tya		    tya
.5308	48		pha		    pha
.5309	ac 89 53	ldy $5389	    ldy DNS_PACK_LBL_POS
.530c	ad 88 53	lda $5388	    lda DNS_PACK_LBL_LEN
.530f	99 a9 50	sta $50a9,y	    sta DNS_QNAME,y                ; write length at current label slot
.5312	68		pla		    pla
.5313	a8		tay		    tay
.5314	8e 89 53	stx $5389	    stx DNS_PACK_LBL_POS
.5317	a9 00		lda #$00	    lda #0
.5319	8d 88 53	sta $5388	    sta DNS_PACK_LBL_LEN
.531c	e0 80		cpx #$80	    cpx #128
.531e	b0 2e		bcs $534e	    bcs _toolong
.5320	9d a9 50	sta $50a9,x	    sta DNS_QNAME,x                ; placeholder for next label length
.5323	e8		inx		    inx
.5324	c8		iny		    iny
.5325	d3 55 ff	bne $527c	    bne _next
.5328	ee 7e 52	inc $527e	    inc _hn_abs+2
.532b	ee c8 52	inc $52c8	    inc _hn_abs2+2
.532e	4c 7c 52	jmp $527c	    jmp _next
.5331					_end:
.5331	ac 89 53	ldy $5389	    ldy DNS_PACK_LBL_POS
.5334	ad 88 53	lda $5388	    lda DNS_PACK_LBL_LEN
.5337	99 a9 50	sta $50a9,y	    sta DNS_QNAME,y
.533a	ad 88 53	lda $5388	    lda DNS_PACK_LBL_LEN
.533d	f0 0a		beq $5349	    beq +
.533f	a9 00		lda #$00	    lda #0
.5341	e0 80		cpx #$80	    cpx #128
.5343	b0 09		bcs $534e	    bcs _toolong
.5345	9d a9 50	sta $50a9,x	    sta DNS_QNAME,x
.5348	e8		inx		    inx
.5349					+
.5349	8e 29 51	stx $5129	    stx DNS_QNAME_LEN
.534c	18		clc		    clc
.534d	60		rts		    rts
.534e					_toolong:
.534e	38		sec		    sec
.534f	60		rts		    rts
.5350					DNS_HOST_CHAR_TO_ASCII:
.5350	8d 02 5a	sta $5a02	    sta TMP0
.5353	c9 80		cmp #$80	    cmp #$80
.5355	90 02		bcc $5359	    bcc DNS_HOST_NOT_HIGH_BIT
.5357	29 7f		and #$7f	    and #$7F
.5359					DNS_HOST_NOT_HIGH_BIT:
.5359	c9 41		cmp #$41	    cmp #'A'
.535b	90 08		bcc $5365	    bcc DNS_HOST_NOT_UPPER
.535d	c9 5b		cmp #$5b	    cmp #'Z'+1
.535f	b0 04		bcs $5365	    bcs DNS_HOST_NOT_UPPER
.5361	09 20		ora #$20	    ora #$20
.5363	18		clc		    clc
.5364	60		rts		    rts
.5365					DNS_HOST_NOT_UPPER:
.5365	c9 61		cmp #$61	    cmp #'a'
.5367	90 06		bcc $536f	    bcc DNS_HOST_NOT_LOWER
.5369	c9 7b		cmp #$7b	    cmp #'z'+1
.536b	b0 02		bcs $536f	    bcs DNS_HOST_NOT_LOWER
.536d	18		clc		    clc
.536e	60		rts		    rts
.536f					DNS_HOST_NOT_LOWER:
.536f	c9 30		cmp #$30	    cmp #'0'
.5371	90 06		bcc $5379	    bcc DNS_HOST_NOT_DIGIT
.5373	c9 3a		cmp #$3a	    cmp #'9'+1
.5375	b0 02		bcs $5379	    bcs DNS_HOST_NOT_DIGIT
.5377	18		clc		    clc
.5378	60		rts		    rts
.5379					DNS_HOST_NOT_DIGIT:
.5379	c9 2e		cmp #$2e	    cmp #'.'
.537b	f0 09		beq $5386	    beq DNS_HOST_OK_CHAR
.537d	c9 2d		cmp #$2d	    cmp #'-'
.537f	f0 05		beq $5386	    beq DNS_HOST_OK_CHAR
.5381					DNS_HOST_BAD_CHAR:
.5381	ad 02 5a	lda $5a02	    lda TMP0
.5384	38		sec		    sec
.5385	60		rts		    rts
.5386					DNS_HOST_OK_CHAR:
.5386	18		clc		    clc
.5387	60		rts		    rts
>5388	00				DNS_PACK_LBL_LEN:  .byte 0
>5389	00				DNS_PACK_LBL_POS:  .byte 0
.538a					DNS_ENSURE_ARP_READY:
.538a	a2 03		ldx #$03	    ldx #3
.538c					_dns_netloop:
.538c	bd 14 21	lda $2114,x	    lda PRIMARY_DNS,x
.538f	3d 10 21	and $2110,x	    and SUBNET_MASK,x
.5392	8d da 53	sta $53da	    sta _dns_tmp
.5395	bd 00 21	lda $2100,x	    lda LOCAL_IP,x
.5398	3d 10 21	and $2110,x	    and SUBNET_MASK,x
.539b	cd da 53	cmp $53da	    cmp _dns_tmp
.539e	d0 11		bne $53b1	    bne _use_gw
.53a0	ca		dex		    dex
.53a1	10 e9		bpl $538c	    bpl _dns_netloop
.53a3	a2 03		ldx #$03	    ldx #3
.53a5					_copy_dns_ip:
.53a5	bd 14 21	lda $2114,x	    lda PRIMARY_DNS,x
.53a8	9d f3 4e	sta $4ef3,x	    sta ARP_QUERY_IP,x
.53ab	ca		dex		    dex
.53ac	10 f7		bpl $53a5	    bpl _copy_dns_ip
.53ae	4c bc 53	jmp $53bc	    jmp _have_nexthop
.53b1					_use_gw:
.53b1	a2 03		ldx #$03	    ldx #3
.53b3					_copy_gw_ip:
.53b3	bd 0c 21	lda $210c,x	    lda GATEWAY_IP,x
.53b6	9d f3 4e	sta $4ef3,x	    sta ARP_QUERY_IP,x
.53b9	ca		dex		    dex
.53ba	10 f7		bpl $53b3	    bpl _copy_gw_ip
.53bc					_have_nexthop:
.53bc	20 f7 4e	jsr $4ef7	    jsr ARP_QUERY_CACHE
.53bf	d0 17		bne $53d8	    bne _ready
.53c1	ad 18 21	lda $2118	    lda ETH_STATE
.53c4	c9 01		cmp #$01	    cmp #ETH_STATE_ARP_WAITING
.53c6	f0 0e		beq $53d6	    beq _not_ready
.53c8	a2 03		ldx #$03	    ldx #3
.53ca					_cpy_req:
.53ca	bd f3 4e	lda $4ef3,x	    lda ARP_QUERY_IP,x
.53cd	9d 0d 4c	sta $4c0d,x	    sta ARP_REQUEST_IP,x
.53d0	ca		dex		    dex
.53d1	10 f7		bpl $53ca	    bpl _cpy_req
.53d3	20 11 4c	jsr $4c11	    jsr ARP_REQUEST
.53d6					_not_ready:
.53d6	38		sec		    sec         ; C=1 not ready
.53d7	60		rts		    rts
.53d8					_ready:
.53d8	18		clc		    clc         ; C=0 MAC ready, ETH_TX_FRAME_DEST_MAC populated
.53d9	60		rts		    rts
>53da	00				_dns_tmp: .byte 0
.53db					DNS_RESOLVE_START:
.53db	a9 28		lda #$28	    lda #40
.53dd	8d 2a 51	sta $512a	    sta DNS_ARP_DEFERS
.53e0	a9 00		lda #$00	    lda #0
.53e2	8d 99 50	sta $5099	    sta DNS_RESULT_IP+0
.53e5	8d 9a 50	sta $509a	    sta DNS_RESULT_IP+1
.53e8	8d 9b 50	sta $509b	    sta DNS_RESULT_IP+2
.53eb	8d 9c 50	sta $509c	    sta DNS_RESULT_IP+3
.53ee	a9 08		lda #$08	    lda #DNS_CNAME_MAX_HOPS
.53f0	8d a4 50	sta $50a4	    sta DNS_CNAME_HOPS
.53f3	a9 10		lda #$10	    lda #$10
.53f5	a9 b5		lda #$b5	    lda #<host_str
.53f7	a2 21		ldx #$21	    ldx #>host_str
.53f9	20 61 52	jsr $5261	    jsr DNS_PACK_HOSTNAME
.53fc	90 05		bcc $5403	    bcc _pack_ok
.53fe	a9 11		lda #$11	    lda #$11
.5400	4c 52 54	jmp $5452	    jmp _start_fail
.5403					_pack_ok:
.5403	ee a7 50	inc $50a7	    inc DNS_CLIENT_PORT_HI
.5406	ad a8 50	lda $50a8	    lda DNS_CLIENT_PORT_LO
.5409	18		clc		    clc
.540a	69 3d		adc #$3d	    adc #$3D
.540c	8d a8 50	sta $50a8	    sta DNS_CLIENT_PORT_LO
.540f	90 03		bcc $5414	    bcc _dns_port_ok
.5411	ee a7 50	inc $50a7	    inc DNS_CLIENT_PORT_HI
.5414					_dns_port_ok:
.5414	a9 08		lda #$08	    lda #DNS_MAX_RETRIES
.5416	8d 9e 50	sta $509e	    sta DNS_RETRY_LEFT
.5419	a9 02		lda #$02	    lda #DNS_TIMEOUT_TICKS_BASE
.541b	8d 9f 50	sta $509f	    sta DNS_RETRY_TICKS
.541e	a9 02		lda #$02	    lda #DNS_TIMEOUT_TICKS_BASE
.5420	8d a0 50	sta $50a0	    sta DNS_LAST_BACKOFF
.5423	a9 06		lda #$06	    lda #DNS_TICK_FRAMES
.5425	8d a1 50	sta $50a1	    sta DNS_FRAME_TICKS
.5428	20 9b 4f	jsr $4f9b	    jsr ARP_READ_RASTER
.542b	ad 0b 4c	lda $4c0b	    lda ARP_CUR_RASTER_LO
.542e	8d a2 50	sta $50a2	    sta DNS_LAST_RASTER_LO
.5431	ad 0c 4c	lda $4c0c	    lda ARP_CUR_RASTER_HI
.5434	8d a3 50	sta $50a3	    sta DNS_LAST_RASTER_HI
.5437	a9 01		lda #$01	    lda #DNS_STATE_WAIT
.5439	8d 9d 50	sta $509d	    sta DNS_STATE
.543c	ad a6 50	lda $50a6	    lda DNS_MSG_ID_LO
.543f	18		clc		    clc
.5440	69 01		adc #$01	    adc #1
.5442	8d a6 50	sta $50a6	    sta DNS_MSG_ID_LO
.5445	ad a5 50	lda $50a5	    lda DNS_MSG_ID_HI
.5448	69 00		adc #$00	    adc #0
.544a	8d a5 50	sta $50a5	    sta DNS_MSG_ID_HI
.544d	20 b6 51	jsr $51b6	    jsr DNS_SEND_QUERY
.5450	18		clc		    clc
.5451	60		rts		    rts
.5452					_start_fail:
.5452	a9 03		lda #$03	    lda #DNS_STATE_FAIL
.5454	8d 9d 50	sta $509d	    sta DNS_STATE
.5457	a9 00		lda #$00	    lda #0
.5459	8d 99 50	sta $5099	    sta DNS_RESULT_IP+0
.545c	8d 9a 50	sta $509a	    sta DNS_RESULT_IP+1
.545f	8d 9b 50	sta $509b	    sta DNS_RESULT_IP+2
.5462	8d 9c 50	sta $509c	    sta DNS_RESULT_IP+3
.5465	38		sec		    sec
.5466	60		rts		    rts
.5467					DNS_POLL:
.5467	ad 9d 50	lda $509d	    lda DNS_STATE
.546a	60		rts		    rts
.546b					DNS_TICK:
.546b	ad 9d 50	lda $509d	    lda DNS_STATE
.546e	c9 01		cmp #$01	    cmp #DNS_STATE_WAIT
.5470	d0 43		bne $54b5	    bne _tick_done
.5472	20 b6 54	jsr $54b6	    jsr DNS_FRAME_TICK
.5475	90 3e		bcc $54b5	    bcc _tick_done
.5477	ad 9f 50	lda $509f	    lda DNS_RETRY_TICKS
.547a	f0 04		beq $5480	    beq _expired
.547c	ce 9f 50	dec $509f	    dec DNS_RETRY_TICKS
.547f	60		rts		    rts
.5480					_expired:
.5480	ad 9e 50	lda $509e	    lda DNS_RETRY_LEFT
.5483	f0 29		beq $54ae	    beq _give_up
.5485	20 8a 53	jsr $538a	    jsr DNS_ENSURE_ARP_READY
.5488	b0 16		bcs $54a0	    bcs _defer                 ; C=1 -> not ready
.548a	ce 9e 50	dec $509e	    dec DNS_RETRY_LEFT
.548d	ad a0 50	lda $50a0	    lda DNS_LAST_BACKOFF
.5490	18		clc		    clc
.5491	69 01		adc #$01	    adc #1
.5493	8d a0 50	sta $50a0	    sta DNS_LAST_BACKOFF
.5496	ad a0 50	lda $50a0	    lda DNS_LAST_BACKOFF
.5499	8d 9f 50	sta $509f	    sta DNS_RETRY_TICKS
.549c	20 b6 51	jsr $51b6	    jsr DNS_SEND_QUERY
.549f	60		rts		    rts
.54a0					_defer:
.54a0	ad 2a 51	lda $512a	    lda DNS_ARP_DEFERS
.54a3	f0 09		beq $54ae	    beq _give_up
.54a5	ce 2a 51	dec $512a	    dec DNS_ARP_DEFERS
.54a8	a9 02		lda #$02	    lda #DNS_TIMEOUT_TICKS_BASE     ;#1
.54aa	8d 9f 50	sta $509f	    sta DNS_RETRY_TICKS
.54ad	60		rts		    rts
.54ae					_give_up:
.54ae	a9 f1		lda #$f1	    lda #$f1
.54b0	a9 03		lda #$03	    lda #DNS_STATE_FAIL
.54b2	8d 9d 50	sta $509d	    sta DNS_STATE
.54b5					_tick_done:
.54b5	60		rts		    rts
.54b6					DNS_FRAME_TICK:
.54b6	20 9b 4f	jsr $4f9b	    jsr ARP_READ_RASTER
.54b9	ad 0c 4c	lda $4c0c	    lda ARP_CUR_RASTER_HI
.54bc	cd a3 50	cmp $50a3	    cmp DNS_LAST_RASTER_HI
.54bf	90 18		bcc $54d9	    bcc _dns_frame_elapsed
.54c1	d0 08		bne $54cb	    bne _dns_no_frame
.54c3	ad 0b 4c	lda $4c0b	    lda ARP_CUR_RASTER_LO
.54c6	cd a2 50	cmp $50a2	    cmp DNS_LAST_RASTER_LO
.54c9	90 0e		bcc $54d9	    bcc _dns_frame_elapsed
.54cb					_dns_no_frame:
.54cb	ad 0b 4c	lda $4c0b	    lda ARP_CUR_RASTER_LO
.54ce	8d a2 50	sta $50a2	    sta DNS_LAST_RASTER_LO
.54d1	ad 0c 4c	lda $4c0c	    lda ARP_CUR_RASTER_HI
.54d4	8d a3 50	sta $50a3	    sta DNS_LAST_RASTER_HI
.54d7	18		clc		    clc
.54d8	60		rts		    rts
.54d9					_dns_frame_elapsed:
.54d9	ad 0b 4c	lda $4c0b	    lda ARP_CUR_RASTER_LO
.54dc	8d a2 50	sta $50a2	    sta DNS_LAST_RASTER_LO
.54df	ad 0c 4c	lda $4c0c	    lda ARP_CUR_RASTER_HI
.54e2	8d a3 50	sta $50a3	    sta DNS_LAST_RASTER_HI
.54e5	ad a1 50	lda $50a1	    lda DNS_FRAME_TICKS
.54e8	f0 07		beq $54f1	    beq _dns_emit_tick
.54ea	ce a1 50	dec $50a1	    dec DNS_FRAME_TICKS
.54ed	f0 02		beq $54f1	    beq _dns_emit_tick
.54ef	18		clc		    clc
.54f0	60		rts		    rts
.54f1					_dns_emit_tick:
.54f1	a9 06		lda #$06	    lda #DNS_TICK_FRAMES
.54f3	8d a1 50	sta $50a1	    sta DNS_FRAME_TICKS
.54f6	38		sec		    sec
.54f7	60		rts		    rts
.54f8					DNS_UDP_IN:
.54f8	ad 9d 50	lda $509d	    lda DNS_STATE
.54fb	c9 01		cmp #$01	    cmp #DNS_STATE_WAIT
.54fd	d3 26 02	bne $5725	    bne DNS2_NOT_DNS
.5500	a9 10		lda #$10	    lda #$10
.5502	ad 91 28	lda $2891	    lda ETH_RX_FRAME_PAYLOAD+0
.5505	29 0f		and #$0f	    and #$0F
.5507	0a		asl a		    asl
.5508	0a		asl a		    asl
.5509	8d f9 59	sta $59f9	    sta ihl
.550c	ac f9 59	ldy $59f9	    ldy ihl
.550f	ad a7 50	lda $50a7	    lda DNS_CLIENT_PORT_HI
.5512	29 1f		and #$1f	    and #$1F
.5514	09 c0		ora #$c0	    ora #$C0
.5516	8d fa 59	sta $59fa	    sta expected_port_hi
.5519	b9 93 28	lda $2893,y	    lda ETH_RX_FRAME_PAYLOAD+2,y
.551c	cd fa 59	cmp $59fa	    cmp expected_port_hi
.551f	d3 04 02	bne $5725	    bne DNS2_NOT_DNS
.5522	b9 94 28	lda $2894,y	    lda ETH_RX_FRAME_PAYLOAD+3,y
.5525	cd a8 50	cmp $50a8	    cmp DNS_CLIENT_PORT_LO
.5528	d3 fb 01	bne $5725	    bne DNS2_NOT_DNS
.552b	a9 11		lda #$11	    lda #$11
.552d	b9 91 28	lda $2891,y	    lda ETH_RX_FRAME_PAYLOAD+0,y
.5530	c9 00		cmp #$00	    cmp #$00
.5532	d3 f1 01	bne $5725	    bne DNS2_NOT_DNS
.5535	b9 92 28	lda $2892,y	    lda ETH_RX_FRAME_PAYLOAD+1,y
.5538	c9 35		cmp #$35	    cmp #DNS_PORT
.553a	d3 e9 01	bne $5725	    bne DNS2_NOT_DNS
.553d	a2 03		ldx #$03	    ldx #3
.553f					DNS2_SRC_CHECK:
.553f	bd 9d 28	lda $289d,x	    lda ETH_RX_FRAME_PAYLOAD+12,x
.5542	dd 14 21	cmp $2114,x	    cmp PRIMARY_DNS,x
.5545	d3 de 01	bne $5725	    bne DNS2_NOT_DNS
.5548	ca		dex		    dex
.5549	10 f4		bpl $553f	    bpl DNS2_SRC_CHECK
.554b	a9 12		lda #$12	    lda #$12
.554d	a9 00		lda #$00	    lda #$00
.554f	8d 1c 5a	sta $5a1c	    sta DNS2_BOUNDS_FAIL
.5552	b9 96 28	lda $2896,y	    lda ETH_RX_FRAME_PAYLOAD+UDP_HDR_LEN_LO,y
.5555	38		sec		    sec
.5556	e9 08		sbc #$08	    sbc #UDP_DATA_BASE
.5558	8d 18 5a	sta $5a18	    sta DNS2_SKIP_LO
.555b	b9 95 28	lda $2895,y	    lda ETH_RX_FRAME_PAYLOAD+UDP_HDR_LEN_HI,y
.555e	e9 00		sbc #$00	    sbc #$00
.5560	93 be 01	bcc $5720	    bcc DNS2_FAIL
.5563	8d 19 5a	sta $5a19	    sta DNS2_SKIP_HI
.5566	d0 08		bne $5570	    bne DNS2_UDP_LEN_NONZERO
.5568	ad 18 5a	lda $5a18	    lda DNS2_SKIP_LO
.556b	c9 0c		cmp #$0c	    cmp #$0c
.556d	93 b1 01	bcc $5720	    bcc DNS2_FAIL
.5570					DNS2_UDP_LEN_NONZERO:
.5570	ad 1e 46	lda $461e	    lda IPV4_RX_TOTAL_LO
.5573	38		sec		    sec
.5574	ed f9 59	sbc $59f9	    sbc ihl
.5577	8d 1a 5a	sta $5a1a	    sta DNS2_PTR_LO
.557a	ad 1d 46	lda $461d	    lda IPV4_RX_TOTAL_HI
.557d	e9 00		sbc #$00	    sbc #$00
.557f	93 9f 01	bcc $5720	    bcc DNS2_FAIL
.5582	8d 1b 5a	sta $5a1b	    sta DNS2_PTR_HI
.5585	ad 1a 5a	lda $5a1a	    lda DNS2_PTR_LO
.5588	38		sec		    sec
.5589	e9 08		sbc #$08	    sbc #UDP_DATA_BASE
.558b	8d 1a 5a	sta $5a1a	    sta DNS2_PTR_LO
.558e	ad 1b 5a	lda $5a1b	    lda DNS2_PTR_HI
.5591	e9 00		sbc #$00	    sbc #$00
.5593	93 8b 01	bcc $5720	    bcc DNS2_FAIL
.5596	8d 1b 5a	sta $5a1b	    sta DNS2_PTR_HI
.5599	d0 08		bne $55a3	    bne DNS2_REAL_LEN_OK
.559b	ad 1a 5a	lda $5a1a	    lda DNS2_PTR_LO
.559e	c9 0c		cmp #$0c	    cmp #$0c
.55a0	93 7e 01	bcc $5720	    bcc DNS2_FAIL
.55a3					DNS2_REAL_LEN_OK:
.55a3	ad 1b 5a	lda $5a1b	    lda DNS2_PTR_HI
.55a6	cd 19 5a	cmp $5a19	    cmp DNS2_SKIP_HI
.55a9	90 0a		bcc $55b5	    bcc DNS2_CLAMP_LEN
.55ab	d0 14		bne $55c1	    bne DNS2_UDP_LEN_OK
.55ad	ad 1a 5a	lda $5a1a	    lda DNS2_PTR_LO
.55b0	cd 18 5a	cmp $5a18	    cmp DNS2_SKIP_LO
.55b3	b0 0c		bcs $55c1	    bcs DNS2_UDP_LEN_OK
.55b5					DNS2_CLAMP_LEN:
.55b5	ad 1a 5a	lda $5a1a	    lda DNS2_PTR_LO
.55b8	8d 18 5a	sta $5a18	    sta DNS2_SKIP_LO
.55bb	ad 1b 5a	lda $5a1b	    lda DNS2_PTR_HI
.55be	8d 19 5a	sta $5a19	    sta DNS2_SKIP_HI
.55c1					DNS2_UDP_LEN_OK:
.55c1	a9 99		lda #$99	    lda #<ETH_RX_FRAME_PAYLOAD+UDP_DATA_BASE
.55c3	18		clc		    clc
.55c4	6d f9 59	adc $59f9	    adc ihl
.55c7	8d 03 5a	sta $5a03	    sta DNS2_BASE_LO
.55ca	8d 05 5a	sta $5a05	    sta DNS2_RD_LO
.55cd	a9 28		lda #$28	    lda #>ETH_RX_FRAME_PAYLOAD+UDP_DATA_BASE
.55cf	69 00		adc #$00	    adc #$00
.55d1	8d 04 5a	sta $5a04	    sta DNS2_BASE_HI
.55d4	8d 06 5a	sta $5a06	    sta DNS2_RD_HI
.55d7	ad 03 5a	lda $5a03	    lda DNS2_BASE_LO
.55da	18		clc		    clc
.55db	6d 18 5a	adc $5a18	    adc DNS2_SKIP_LO
.55de	8d 07 5a	sta $5a07	    sta DNS2_END_LO
.55e1	ad 04 5a	lda $5a04	    lda DNS2_BASE_HI
.55e4	6d 19 5a	adc $5a19	    adc DNS2_SKIP_HI
.55e7	8d 08 5a	sta $5a08	    sta DNS2_END_HI
.55ea	20 c3 59	jsr $59c3	    jsr DNS2_READ_BYTE
.55ed	cd a5 50	cmp $50a5	    cmp DNS_MSG_ID_HI
.55f0	d3 33 01	bne $5725	    bne DNS2_NOT_DNS
.55f3	20 c3 59	jsr $59c3	    jsr DNS2_READ_BYTE
.55f6	cd a6 50	cmp $50a6	    cmp DNS_MSG_ID_LO
.55f9	d3 2a 01	bne $5725	    bne DNS2_NOT_DNS
.55fc	a9 13		lda #$13	    lda #$13
.55fe	20 c3 59	jsr $59c3	    jsr DNS2_READ_BYTE
.5601	8d 09 5a	sta $5a09	    sta DNS2_FLAGS_HI
.5604	20 c3 59	jsr $59c3	    jsr DNS2_READ_BYTE
.5607	8d 0a 5a	sta $5a0a	    sta DNS2_FLAGS_LO
.560a	ad 09 5a	lda $5a09	    lda DNS2_FLAGS_HI
.560d	29 80		and #$80	    and #%10000000
.560f	f3 14 01	beq $5725	    beq DNS2_NOT_DNS
.5612	ad 09 5a	lda $5a09	    lda DNS2_FLAGS_HI
.5615	29 02		and #$02	    and #%00000010
.5617	d3 07 01	bne $5720	    bne DNS2_FAIL
.561a	ad 0a 5a	lda $5a0a	    lda DNS2_FLAGS_LO
.561d	29 0f		and #$0f	    and #$0F
.561f	d3 ff 00	bne $5720	    bne DNS2_FAIL
.5622	a9 14		lda #$14	    lda #$14
.5624	20 c3 59	jsr $59c3	    jsr DNS2_READ_BYTE
.5627	d3 f7 00	bne $5720	    bne DNS2_FAIL
.562a	20 c3 59	jsr $59c3	    jsr DNS2_READ_BYTE
.562d	8d 0b 5a	sta $5a0b	    sta DNS2_QD_LEFT
.5630	20 c3 59	jsr $59c3	    jsr DNS2_READ_BYTE
.5633	8d 0c 5a	sta $5a0c	    sta DNS2_ANS_HI
.5636	20 c3 59	jsr $59c3	    jsr DNS2_READ_BYTE
.5639	8d 0d 5a	sta $5a0d	    sta DNS2_ANS_LEFT
.563c	20 c3 59	jsr $59c3	    jsr DNS2_READ_BYTE
.563f	8d 0e 5a	sta $5a0e	    sta DNS2_NS_HI
.5642	20 c3 59	jsr $59c3	    jsr DNS2_READ_BYTE
.5645	8d 0f 5a	sta $5a0f	    sta DNS2_NS_LEFT
.5648	20 c3 59	jsr $59c3	    jsr DNS2_READ_BYTE
.564b	8d 10 5a	sta $5a10	    sta DNS2_AR_HI
.564e	20 c3 59	jsr $59c3	    jsr DNS2_READ_BYTE
.5651	8d 11 5a	sta $5a11	    sta DNS2_AR_LEFT
.5654	ad 0b 5a	lda $5a0b	    lda DNS2_QD_LEFT
.5657	f3 c7 00	beq $5720	    beq DNS2_FAIL
.565a					DNS2_SKIP_QUESTIONS:
.565a	ad 0b 5a	lda $5a0b	    lda DNS2_QD_LEFT
.565d	f0 16		beq $5675	    beq DNS2_PREP_ANSWERS
.565f	20 44 59	jsr $5944	    jsr DNS2_SKIP_NAME
.5662	b3 bc 00	bcs $5720	    bcs DNS2_FAIL
.5665	a9 04		lda #$04	    lda #$04
.5667	a2 00		ldx #$00	    ldx #$00
.5669	20 7f 59	jsr $597f	    jsr DNS2_SKIP_BYTES
.566c	b3 b2 00	bcs $5720	    bcs DNS2_FAIL
.566f	ce 0b 5a	dec $5a0b	    dec DNS2_QD_LEFT
.5672	4c 5a 56	jmp $565a	    jmp DNS2_SKIP_QUESTIONS
.5675					DNS2_PREP_ANSWERS:
.5675	ad 0c 5a	lda $5a0c	    lda DNS2_ANS_HI
.5678	f0 05		beq $567f	    beq DNS2_ANS_LOW_ONLY
.567a	a9 ff		lda #$ff	    lda #$FF
.567c	8d 0d 5a	sta $5a0d	    sta DNS2_ANS_LEFT
.567f					DNS2_ANS_LOW_ONLY:
.567f	ad 0d 5a	lda $5a0d	    lda DNS2_ANS_LEFT
.5682	f3 9c 00	beq $5720	    beq DNS2_FAIL
.5685	a9 00		lda #$00	    lda #$00
.5687	8d fe 59	sta $59fe	    sta seen_cname
.568a	a9 15		lda #$15	    lda #$15
.568c					DNS2_ANSWER_LOOP:
.568c	20 18 58	jsr $5818	    jsr DNS2_MATCH_QNAME
.568f	b3 8f 00	bcs $5720	    bcs DNS2_FAIL
.5692	20 c3 59	jsr $59c3	    jsr DNS2_READ_BYTE
.5695	8d 12 5a	sta $5a12	    sta DNS2_TYPE_HI
.5698	20 c3 59	jsr $59c3	    jsr DNS2_READ_BYTE
.569b	8d 13 5a	sta $5a13	    sta DNS2_TYPE_LO
.569e	20 c3 59	jsr $59c3	    jsr DNS2_READ_BYTE
.56a1	8d 14 5a	sta $5a14	    sta DNS2_CLASS_HI
.56a4	20 c3 59	jsr $59c3	    jsr DNS2_READ_BYTE
.56a7	8d 15 5a	sta $5a15	    sta DNS2_CLASS_LO
.56aa	a9 04		lda #$04	    lda #$04
.56ac	a2 00		ldx #$00	    ldx #$00
.56ae	20 7f 59	jsr $597f	    jsr DNS2_SKIP_BYTES
.56b1	b0 6d		bcs $5720	    bcs DNS2_FAIL
.56b3	20 c3 59	jsr $59c3	    jsr DNS2_READ_BYTE
.56b6	8d 16 5a	sta $5a16	    sta DNS2_RDLEN_HI
.56b9	20 c3 59	jsr $59c3	    jsr DNS2_READ_BYTE
.56bc	8d 17 5a	sta $5a17	    sta DNS2_RDLEN_LO
.56bf	ad 12 5a	lda $5a12	    lda DNS2_TYPE_HI
.56c2	d0 46		bne $570a	    bne DNS2_SKIP_RDATA
.56c4	ad 13 5a	lda $5a13	    lda DNS2_TYPE_LO
.56c7	c9 05		cmp #$05	    cmp #$05
.56c9	f0 24		beq $56ef	    beq DNS2_CHECK_CNAME
.56cb	c9 01		cmp #$01	    cmp #$01
.56cd	d0 3b		bne $570a	    bne DNS2_SKIP_RDATA
.56cf					DNS2_CHECK_A:
.56cf	ad 20 5a	lda $5a20	    lda DNS2_OWNER_MATCH
.56d2	f0 36		beq $570a	    beq DNS2_SKIP_RDATA
.56d4	ad 14 5a	lda $5a14	    lda DNS2_CLASS_HI
.56d7	d0 31		bne $570a	    bne DNS2_SKIP_RDATA
.56d9	ad 15 5a	lda $5a15	    lda DNS2_CLASS_LO
.56dc	c9 01		cmp #$01	    cmp #$01
.56de	d0 2a		bne $570a	    bne DNS2_SKIP_RDATA
.56e0	ad 16 5a	lda $5a16	    lda DNS2_RDLEN_HI
.56e3	d0 25		bne $570a	    bne DNS2_SKIP_RDATA
.56e5	ad 17 5a	lda $5a17	    lda DNS2_RDLEN_LO
.56e8	c9 04		cmp #$04	    cmp #$04
.56ea	d0 1e		bne $570a	    bne DNS2_SKIP_RDATA
.56ec	4c 26 57	jmp $5726	    jmp DNS2_ACCEPT_A
.56ef					DNS2_CHECK_CNAME:
.56ef	ad 20 5a	lda $5a20	    lda DNS2_OWNER_MATCH
.56f2	f0 16		beq $570a	    beq DNS2_SKIP_RDATA
.56f4	ad 14 5a	lda $5a14	    lda DNS2_CLASS_HI
.56f7	d0 11		bne $570a	    bne DNS2_SKIP_RDATA
.56f9	ad 15 5a	lda $5a15	    lda DNS2_CLASS_LO
.56fc	c9 01		cmp #$01	    cmp #$01
.56fe	d0 0a		bne $570a	    bne DNS2_SKIP_RDATA
.5700	20 d3 6f	jsr $6fd3	    jsr DNS2_COPY_CNAME_RDATA
.5703	b0 1b		bcs $5720	    bcs DNS2_FAIL
.5705	a9 01		lda #$01	    lda #$01
.5707	8d fe 59	sta $59fe	    sta seen_cname
.570a					DNS2_SKIP_RDATA:
.570a	ad 17 5a	lda $5a17	    lda DNS2_RDLEN_LO
.570d	ae 16 5a	ldx $5a16	    ldx DNS2_RDLEN_HI
.5710	20 7f 59	jsr $597f	    jsr DNS2_SKIP_BYTES
.5713	b0 0b		bcs $5720	    bcs DNS2_FAIL
.5715	ce 0d 5a	dec $5a0d	    dec DNS2_ANS_LEFT
.5718	d3 72 ff	bne $568c	    bne DNS2_ANSWER_LOOP
.571b	ad fe 59	lda $59fe	    lda seen_cname
.571e	d0 2b		bne $574b	    bne DNS2_PREP_AUTHORITY
.5720					DNS2_FAIL:
.5720	a9 03		lda #$03	    lda #DNS_STATE_FAIL
.5722	8d 9d 50	sta $509d	    sta DNS_STATE
.5725					DNS2_NOT_DNS:
.5725	60		rts		    rts
.5726					DNS2_ACCEPT_A:
.5726	20 c3 59	jsr $59c3	    jsr DNS2_READ_BYTE
.5729	8d 99 50	sta $5099	    sta DNS_RESULT_IP+0
.572c	20 c3 59	jsr $59c3	    jsr DNS2_READ_BYTE
.572f	8d 9a 50	sta $509a	    sta DNS_RESULT_IP+1
.5732	20 c3 59	jsr $59c3	    jsr DNS2_READ_BYTE
.5735	8d 9b 50	sta $509b	    sta DNS_RESULT_IP+2
.5738	20 c3 59	jsr $59c3	    jsr DNS2_READ_BYTE
.573b	8d 9c 50	sta $509c	    sta DNS_RESULT_IP+3
.573e	ad 1c 5a	lda $5a1c	    lda DNS2_BOUNDS_FAIL
.5741	d0 dd		bne $5720	    bne DNS2_FAIL
.5743	a9 02		lda #$02	    lda #DNS_STATE_DONE
.5745	8d 9d 50	sta $509d	    sta DNS_STATE
.5748	a9 20		lda #$20	    lda #$20
.574a	60		rts		    rts
.574b					DNS2_PREP_AUTHORITY:
.574b	ad 0e 5a	lda $5a0e	    lda DNS2_NS_HI
.574e	f0 05		beq $5755	    beq DNS2_NS_LOW_ONLY
.5750	a9 ff		lda #$ff	    lda #$FF
.5752	8d 0f 5a	sta $5a0f	    sta DNS2_NS_LEFT
.5755					DNS2_NS_LOW_ONLY:
.5755	ad 0f 5a	lda $5a0f	    lda DNS2_NS_LEFT
.5758	f0 0c		beq $5766	    beq DNS2_PREP_ADDITIONAL
.575a	a9 17		lda #$17	    lda #$17
.575c					DNS2_AUTHORITY_LOOP:
.575c	20 ea 57	jsr $57ea	    jsr DNS2_SKIP_RR
.575f	b0 bf		bcs $5720	    bcs DNS2_FAIL
.5761	ce 0f 5a	dec $5a0f	    dec DNS2_NS_LEFT
.5764	d0 f6		bne $575c	    bne DNS2_AUTHORITY_LOOP
.5766					DNS2_PREP_ADDITIONAL:
.5766	ad 10 5a	lda $5a10	    lda DNS2_AR_HI
.5769	f0 05		beq $5770	    beq DNS2_AR_LOW_ONLY
.576b	a9 ff		lda #$ff	    lda #$FF
.576d	8d 11 5a	sta $5a11	    sta DNS2_AR_LEFT
.5770					DNS2_AR_LOW_ONLY:
.5770	ad 11 5a	lda $5a11	    lda DNS2_AR_LEFT
.5773	f3 49 19	beq $70be	    beq DNS2_REQUERY_CNAME
.5776	a9 16		lda #$16	    lda #$16
.5778					DNS2_ADDITIONAL_LOOP:
.5778	20 18 58	jsr $5818	    jsr DNS2_MATCH_QNAME
.577b	b0 a3		bcs $5720	    bcs DNS2_FAIL
.577d	20 c3 59	jsr $59c3	    jsr DNS2_READ_BYTE
.5780	8d 12 5a	sta $5a12	    sta DNS2_TYPE_HI
.5783	20 c3 59	jsr $59c3	    jsr DNS2_READ_BYTE
.5786	8d 13 5a	sta $5a13	    sta DNS2_TYPE_LO
.5789	20 c3 59	jsr $59c3	    jsr DNS2_READ_BYTE
.578c	8d 14 5a	sta $5a14	    sta DNS2_CLASS_HI
.578f	20 c3 59	jsr $59c3	    jsr DNS2_READ_BYTE
.5792	8d 15 5a	sta $5a15	    sta DNS2_CLASS_LO
.5795	a9 04		lda #$04	    lda #$04
.5797	a2 00		ldx #$00	    ldx #$00
.5799	20 7f 59	jsr $597f	    jsr DNS2_SKIP_BYTES
.579c	b0 82		bcs $5720	    bcs DNS2_FAIL
.579e	20 c3 59	jsr $59c3	    jsr DNS2_READ_BYTE
.57a1	8d 16 5a	sta $5a16	    sta DNS2_RDLEN_HI
.57a4	20 c3 59	jsr $59c3	    jsr DNS2_READ_BYTE
.57a7	8d 17 5a	sta $5a17	    sta DNS2_RDLEN_LO
.57aa	ad 12 5a	lda $5a12	    lda DNS2_TYPE_HI
.57ad	d0 27		bne $57d6	    bne DNS2_SKIP_AR_RDATA
.57af	ad 13 5a	lda $5a13	    lda DNS2_TYPE_LO
.57b2	c9 01		cmp #$01	    cmp #$01
.57b4	d0 20		bne $57d6	    bne DNS2_SKIP_AR_RDATA
.57b6	ad 20 5a	lda $5a20	    lda DNS2_OWNER_MATCH
.57b9	f0 1b		beq $57d6	    beq DNS2_SKIP_AR_RDATA
.57bb	ad 14 5a	lda $5a14	    lda DNS2_CLASS_HI
.57be	d0 16		bne $57d6	    bne DNS2_SKIP_AR_RDATA
.57c0	ad 15 5a	lda $5a15	    lda DNS2_CLASS_LO
.57c3	c9 01		cmp #$01	    cmp #$01
.57c5	d0 0f		bne $57d6	    bne DNS2_SKIP_AR_RDATA
.57c7	ad 16 5a	lda $5a16	    lda DNS2_RDLEN_HI
.57ca	d0 0a		bne $57d6	    bne DNS2_SKIP_AR_RDATA
.57cc	ad 17 5a	lda $5a17	    lda DNS2_RDLEN_LO
.57cf	c9 04		cmp #$04	    cmp #$04
.57d1	d0 03		bne $57d6	    bne DNS2_SKIP_AR_RDATA
.57d3	4c 26 57	jmp $5726	    jmp DNS2_ACCEPT_A
.57d6					DNS2_SKIP_AR_RDATA:
.57d6	ad 17 5a	lda $5a17	    lda DNS2_RDLEN_LO
.57d9	ae 16 5a	ldx $5a16	    ldx DNS2_RDLEN_HI
.57dc	20 7f 59	jsr $597f	    jsr DNS2_SKIP_BYTES
.57df	b3 3f ff	bcs $5720	    bcs DNS2_FAIL
.57e2	ce 11 5a	dec $5a11	    dec DNS2_AR_LEFT
.57e5	d0 91		bne $5778	    bne DNS2_ADDITIONAL_LOOP
.57e7	4c be 70	jmp $70be	    jmp DNS2_REQUERY_CNAME
.57ea					DNS2_SKIP_RR:
.57ea	20 44 59	jsr $5944	    jsr DNS2_SKIP_NAME
.57ed	b0 27		bcs $5816	    bcs DNS2_SKIP_RR_BAD
.57ef	a9 08		lda #$08	    lda #$08
.57f1	a2 00		ldx #$00	    ldx #$00
.57f3	20 7f 59	jsr $597f	    jsr DNS2_SKIP_BYTES
.57f6	b0 1e		bcs $5816	    bcs DNS2_SKIP_RR_BAD
.57f8	20 c3 59	jsr $59c3	    jsr DNS2_READ_BYTE
.57fb	8d 16 5a	sta $5a16	    sta DNS2_RDLEN_HI
.57fe	20 c3 59	jsr $59c3	    jsr DNS2_READ_BYTE
.5801	8d 17 5a	sta $5a17	    sta DNS2_RDLEN_LO
.5804	ad 17 5a	lda $5a17	    lda DNS2_RDLEN_LO
.5807	ae 16 5a	ldx $5a16	    ldx DNS2_RDLEN_HI
.580a	20 7f 59	jsr $597f	    jsr DNS2_SKIP_BYTES
.580d	b0 07		bcs $5816	    bcs DNS2_SKIP_RR_BAD
.580f	ad 1c 5a	lda $5a1c	    lda DNS2_BOUNDS_FAIL
.5812	d0 02		bne $5816	    bne DNS2_SKIP_RR_BAD
.5814	18		clc		    clc
.5815	60		rts		    rts
.5816					DNS2_SKIP_RR_BAD:
.5816	38		sec		    sec
.5817	60		rts		    rts
.5818					DNS2_MATCH_QNAME:
.5818	a9 01		lda #$01	    lda #$01
.581a	8d 20 5a	sta $5a20	    sta DNS2_OWNER_MATCH
.581d	a9 00		lda #$00	    lda #$00
.581f	8d 21 5a	sta $5a21	    sta DNS2_MATCH_IDX
.5822	8d 1d 5a	sta $5a1d	    sta DNS2_NAME_GUARD
.5825					DNS2_MATCH_MAIN_LOOP:
.5825	ee 1d 5a	inc $5a1d	    inc DNS2_NAME_GUARD
.5828	ad 1d 5a	lda $5a1d	    lda DNS2_NAME_GUARD
.582b	c9 40		cmp #$40	    cmp #$40
.582d	b3 c9 00	bcs $58f8	    bcs DNS2_MATCH_BAD
.5830	20 c3 59	jsr $59c3	    jsr DNS2_READ_BYTE
.5833	aa		tax		    tax
.5834	ad 1c 5a	lda $5a1c	    lda DNS2_BOUNDS_FAIL
.5837	d3 bf 00	bne $58f8	    bne DNS2_MATCH_BAD
.583a	8a		txa		    txa
.583b	29 c0		and #$c0	    and #$C0
.583d	f0 07		beq $5846	    beq DNS2_MATCH_MAIN_LABEL
.583f	c9 c0		cmp #$c0	    cmp #$C0
.5841	f0 2a		beq $586d	    beq DNS2_MATCH_MAIN_POINTER
.5843	4c f8 58	jmp $58f8	    jmp DNS2_MATCH_BAD
.5846					DNS2_MATCH_MAIN_LABEL:
.5846	8a		txa		    txa
.5847	29 3f		and #$3f	    and #$3F
.5849	20 0e 59	jsr $590e	    jsr DNS2_MATCH_COMPARE_BYTE
.584c	ad 23 5a	lda $5a23	    lda DNS2_MATCH_BYTE
.584f	29 3f		and #$3f	    and #$3F
.5851	f3 8c 00	beq $58df	    beq DNS2_MATCH_DONE
.5854	8d 22 5a	sta $5a22	    sta DNS2_MATCH_COUNT
.5857					DNS2_MATCH_MAIN_LABEL_BYTE:
.5857	20 c3 59	jsr $59c3	    jsr DNS2_READ_BYTE
.585a	aa		tax		    tax
.585b	ad 1c 5a	lda $5a1c	    lda DNS2_BOUNDS_FAIL
.585e	d3 98 00	bne $58f8	    bne DNS2_MATCH_BAD
.5861	8a		txa		    txa
.5862	20 0e 59	jsr $590e	    jsr DNS2_MATCH_COMPARE_BYTE
.5865	ce 22 5a	dec $5a22	    dec DNS2_MATCH_COUNT
.5868	d0 ed		bne $5857	    bne DNS2_MATCH_MAIN_LABEL_BYTE
.586a	4c 25 58	jmp $5825	    jmp DNS2_MATCH_MAIN_LOOP
.586d					DNS2_MATCH_MAIN_POINTER:
.586d	8a		txa		    txa
.586e	29 3f		and #$3f	    and #$3F
.5870	8d 1b 5a	sta $5a1b	    sta DNS2_PTR_HI
.5873	20 c3 59	jsr $59c3	    jsr DNS2_READ_BYTE
.5876	8d 1a 5a	sta $5a1a	    sta DNS2_PTR_LO
.5879	ad 1c 5a	lda $5a1c	    lda DNS2_BOUNDS_FAIL
.587c	d0 7a		bne $58f8	    bne DNS2_MATCH_BAD
.587e	20 fa 58	jsr $58fa	    jsr DNS2_MATCH_SET_NAME_PTR
.5881	4c 84 58	jmp $5884	    jmp DNS2_MATCH_PTR_LOOP
.5884					DNS2_MATCH_PTR_LOOP:
.5884	ee 1d 5a	inc $5a1d	    inc DNS2_NAME_GUARD
.5887	ad 1d 5a	lda $5a1d	    lda DNS2_NAME_GUARD
.588a	c9 40		cmp #$40	    cmp #$40
.588c	b0 6a		bcs $58f8	    bcs DNS2_MATCH_BAD
.588e	20 88 70	jsr $7088	    jsr DNS2_READ_NAME_BYTE
.5891	aa		tax		    tax
.5892	ad 1c 5a	lda $5a1c	    lda DNS2_BOUNDS_FAIL
.5895	d0 61		bne $58f8	    bne DNS2_MATCH_BAD
.5897	8a		txa		    txa
.5898	29 c0		and #$c0	    and #$C0
.589a	f0 07		beq $58a3	    beq DNS2_MATCH_PTR_LABEL
.589c	c9 c0		cmp #$c0	    cmp #$C0
.589e	f0 28		beq $58c8	    beq DNS2_MATCH_PTR_POINTER
.58a0	4c f8 58	jmp $58f8	    jmp DNS2_MATCH_BAD
.58a3					DNS2_MATCH_PTR_LABEL:
.58a3	8a		txa		    txa
.58a4	29 3f		and #$3f	    and #$3F
.58a6	20 0e 59	jsr $590e	    jsr DNS2_MATCH_COMPARE_BYTE
.58a9	ad 23 5a	lda $5a23	    lda DNS2_MATCH_BYTE
.58ac	29 3f		and #$3f	    and #$3F
.58ae	f0 2f		beq $58df	    beq DNS2_MATCH_DONE
.58b0	8d 22 5a	sta $5a22	    sta DNS2_MATCH_COUNT
.58b3					DNS2_MATCH_PTR_LABEL_BYTE:
.58b3	20 88 70	jsr $7088	    jsr DNS2_READ_NAME_BYTE
.58b6	aa		tax		    tax
.58b7	ad 1c 5a	lda $5a1c	    lda DNS2_BOUNDS_FAIL
.58ba	d0 3c		bne $58f8	    bne DNS2_MATCH_BAD
.58bc	8a		txa		    txa
.58bd	20 0e 59	jsr $590e	    jsr DNS2_MATCH_COMPARE_BYTE
.58c0	ce 22 5a	dec $5a22	    dec DNS2_MATCH_COUNT
.58c3	d0 ee		bne $58b3	    bne DNS2_MATCH_PTR_LABEL_BYTE
.58c5	4c 84 58	jmp $5884	    jmp DNS2_MATCH_PTR_LOOP
.58c8					DNS2_MATCH_PTR_POINTER:
.58c8	8a		txa		    txa
.58c9	29 3f		and #$3f	    and #$3F
.58cb	8d 1b 5a	sta $5a1b	    sta DNS2_PTR_HI
.58ce	20 88 70	jsr $7088	    jsr DNS2_READ_NAME_BYTE
.58d1	8d 1a 5a	sta $5a1a	    sta DNS2_PTR_LO
.58d4	ad 1c 5a	lda $5a1c	    lda DNS2_BOUNDS_FAIL
.58d7	d0 1f		bne $58f8	    bne DNS2_MATCH_BAD
.58d9	20 fa 58	jsr $58fa	    jsr DNS2_MATCH_SET_NAME_PTR
.58dc	4c 84 58	jmp $5884	    jmp DNS2_MATCH_PTR_LOOP
.58df					DNS2_MATCH_DONE:
.58df	ad 1c 5a	lda $5a1c	    lda DNS2_BOUNDS_FAIL
.58e2	d0 14		bne $58f8	    bne DNS2_MATCH_BAD
.58e4	ad 20 5a	lda $5a20	    lda DNS2_OWNER_MATCH
.58e7	f0 0d		beq $58f6	    beq DNS2_MATCH_OK
.58e9	ad 21 5a	lda $5a21	    lda DNS2_MATCH_IDX
.58ec	cd 29 51	cmp $5129	    cmp DNS_QNAME_LEN
.58ef	f0 05		beq $58f6	    beq DNS2_MATCH_OK
.58f1	a9 00		lda #$00	    lda #$00
.58f3	8d 20 5a	sta $5a20	    sta DNS2_OWNER_MATCH
.58f6					DNS2_MATCH_OK:
.58f6	18		clc		    clc
.58f7	60		rts		    rts
.58f8					DNS2_MATCH_BAD:
.58f8	38		sec		    sec
.58f9	60		rts		    rts
.58fa					DNS2_MATCH_SET_NAME_PTR:
.58fa	ad 03 5a	lda $5a03	    lda DNS2_BASE_LO
.58fd	18		clc		    clc
.58fe	6d 1a 5a	adc $5a1a	    adc DNS2_PTR_LO
.5901	8d 1e 5a	sta $5a1e	    sta DNS2_NAME_LO
.5904	ad 04 5a	lda $5a04	    lda DNS2_BASE_HI
.5907	6d 1b 5a	adc $5a1b	    adc DNS2_PTR_HI
.590a	8d 1f 5a	sta $5a1f	    sta DNS2_NAME_HI
.590d	60		rts		    rts
.590e					DNS2_MATCH_COMPARE_BYTE:
.590e	20 39 59	jsr $5939	    jsr DNS2_MATCH_LOWER_A
.5911	8d 23 5a	sta $5a23	    sta DNS2_MATCH_BYTE
.5914	ad 20 5a	lda $5a20	    lda DNS2_OWNER_MATCH
.5917	f0 1f		beq $5938	    beq DNS2_MATCH_COMPARE_DONE
.5919	ae 21 5a	ldx $5a21	    ldx DNS2_MATCH_IDX
.591c	ec 29 51	cpx $5129	    cpx DNS_QNAME_LEN
.591f	90 06		bcc $5927	    bcc DNS2_MATCH_COMPARE_IDX_OK
.5921	a9 00		lda #$00	    lda #$00
.5923	8d 20 5a	sta $5a20	    sta DNS2_OWNER_MATCH
.5926	60		rts		    rts
.5927					DNS2_MATCH_COMPARE_IDX_OK:
.5927	ad 23 5a	lda $5a23	    lda DNS2_MATCH_BYTE
.592a	dd a9 50	cmp $50a9,x	    cmp DNS_QNAME,x
.592d	f0 06		beq $5935	    beq DNS2_MATCH_COMPARE_SAME
.592f	a9 00		lda #$00	    lda #$00
.5931	8d 20 5a	sta $5a20	    sta DNS2_OWNER_MATCH
.5934	60		rts		    rts
.5935					DNS2_MATCH_COMPARE_SAME:
.5935	ee 21 5a	inc $5a21	    inc DNS2_MATCH_IDX
.5938					DNS2_MATCH_COMPARE_DONE:
.5938	60		rts		    rts
.5939					DNS2_MATCH_LOWER_A:
.5939	c9 41		cmp #$41	    cmp #'A'
.593b	90 06		bcc $5943	    bcc DNS2_MATCH_LOWER_DONE
.593d	c9 5b		cmp #$5b	    cmp #'Z'+1
.593f	b0 02		bcs $5943	    bcs DNS2_MATCH_LOWER_DONE
.5941	09 20		ora #$20	    ora #$20
.5943					DNS2_MATCH_LOWER_DONE:
.5943	60		rts		    rts
.5944					DNS2_SKIP_NAME:
.5944	a9 00		lda #$00	    lda #$00
.5946	8d 1d 5a	sta $5a1d	    sta DNS2_NAME_GUARD
.5949					DNS2_NAME_LOOP:
.5949	ee 1d 5a	inc $5a1d	    inc DNS2_NAME_GUARD
.594c	ad 1d 5a	lda $5a1d	    lda DNS2_NAME_GUARD
.594f	c9 40		cmp #$40	    cmp #$40
.5951	b0 2a		bcs $597d	    bcs DNS2_NAME_BAD
.5953	20 c3 59	jsr $59c3	    jsr DNS2_READ_BYTE
.5956	f0 1e		beq $5976	    beq DNS2_NAME_DONE
.5958	aa		tax		    tax
.5959	29 c0		and #$c0	    and #$C0
.595b	f0 07		beq $5964	    beq DNS2_NAME_LABEL
.595d	c9 c0		cmp #$c0	    cmp #$C0
.595f	f0 12		beq $5973	    beq DNS2_NAME_POINTER
.5961	4c 7d 59	jmp $597d	    jmp DNS2_NAME_BAD
.5964					DNS2_NAME_LABEL:
.5964	8a		txa		    txa
.5965	29 3f		and #$3f	    and #$3F
.5967	f0 14		beq $597d	    beq DNS2_NAME_BAD
.5969	a2 00		ldx #$00	    ldx #$00
.596b	20 7f 59	jsr $597f	    jsr DNS2_SKIP_BYTES
.596e	b0 0d		bcs $597d	    bcs DNS2_NAME_BAD
.5970	4c 49 59	jmp $5949	    jmp DNS2_NAME_LOOP
.5973					DNS2_NAME_POINTER:
.5973	20 c3 59	jsr $59c3	    jsr DNS2_READ_BYTE
.5976					DNS2_NAME_DONE:
.5976	ad 1c 5a	lda $5a1c	    lda DNS2_BOUNDS_FAIL
.5979	d0 02		bne $597d	    bne DNS2_NAME_BAD
.597b	18		clc		    clc
.597c	60		rts		    rts
.597d					DNS2_NAME_BAD:
.597d	38		sec		    sec
.597e	60		rts		    rts
.597f					DNS2_SKIP_BYTES:
.597f	8d 18 5a	sta $5a18	    sta DNS2_SKIP_LO
.5982	8e 19 5a	stx $5a19	    stx DNS2_SKIP_HI
.5985	ad 05 5a	lda $5a05	    lda DNS2_RD_LO
.5988	18		clc		    clc
.5989	6d 18 5a	adc $5a18	    adc DNS2_SKIP_LO
.598c	8d 1a 5a	sta $5a1a	    sta DNS2_PTR_LO
.598f	ad 06 5a	lda $5a06	    lda DNS2_RD_HI
.5992	6d 19 5a	adc $5a19	    adc DNS2_SKIP_HI
.5995	b0 25		bcs $59bc	    bcs DNS2_SKIP_BAD
.5997	8d 1b 5a	sta $5a1b	    sta DNS2_PTR_HI
.599a	ad 1b 5a	lda $5a1b	    lda DNS2_PTR_HI
.599d	cd 08 5a	cmp $5a08	    cmp DNS2_END_HI
.59a0	90 0c		bcc $59ae	    bcc DNS2_SKIP_DONE
.59a2	d0 18		bne $59bc	    bne DNS2_SKIP_BAD
.59a4	ad 1a 5a	lda $5a1a	    lda DNS2_PTR_LO
.59a7	cd 07 5a	cmp $5a07	    cmp DNS2_END_LO
.59aa	f0 02		beq $59ae	    beq DNS2_SKIP_DONE
.59ac	b0 0e		bcs $59bc	    bcs DNS2_SKIP_BAD
.59ae					DNS2_SKIP_DONE:
.59ae	ad 1a 5a	lda $5a1a	    lda DNS2_PTR_LO
.59b1	8d 05 5a	sta $5a05	    sta DNS2_RD_LO
.59b4	ad 1b 5a	lda $5a1b	    lda DNS2_PTR_HI
.59b7	8d 06 5a	sta $5a06	    sta DNS2_RD_HI
.59ba	18		clc		    clc
.59bb	60		rts		    rts
.59bc					DNS2_SKIP_BAD:
.59bc	a9 01		lda #$01	    lda #$01
.59be	8d 1c 5a	sta $5a1c	    sta DNS2_BOUNDS_FAIL
.59c1	38		sec		    sec
.59c2	60		rts		    rts
.59c3					DNS2_READ_BYTE:
.59c3	ad 06 5a	lda $5a06	    lda DNS2_RD_HI
.59c6	cd 08 5a	cmp $5a08	    cmp DNS2_END_HI
.59c9	90 13		bcc $59de	    bcc DNS2_READ_OK
.59cb	d0 08		bne $59d5	    bne DNS2_READ_BAD
.59cd	ad 05 5a	lda $5a05	    lda DNS2_RD_LO
.59d0	cd 07 5a	cmp $5a07	    cmp DNS2_END_LO
.59d3	90 09		bcc $59de	    bcc DNS2_READ_OK
.59d5					DNS2_READ_BAD:
.59d5	a9 01		lda #$01	    lda #$01
.59d7	8d 1c 5a	sta $5a1c	    sta DNS2_BOUNDS_FAIL
.59da	a9 00		lda #$00	    lda #$00
.59dc	38		sec		    sec
.59dd	60		rts		    rts
.59de					DNS2_READ_OK:
.59de	ad 05 5a	lda $5a05	    lda DNS2_RD_LO
.59e1	8d eb 59	sta $59eb	    sta DNS2_READ_ABS+1
.59e4	ad 06 5a	lda $5a06	    lda DNS2_RD_HI
.59e7	8d ec 59	sta $59ec	    sta DNS2_READ_ABS+2
.59ea					DNS2_READ_ABS:
.59ea	ad ff ff	lda $ffff	    lda $ffff
.59ed	48		pha		    pha
.59ee	ee 05 5a	inc $5a05	    inc DNS2_RD_LO
.59f1	d0 03		bne $59f6	    bne DNS2_READ_ADV_DONE
.59f3	ee 06 5a	inc $5a06	    inc DNS2_RD_HI
.59f6					DNS2_READ_ADV_DONE:
.59f6	68		pla		    pla
.59f7	18		clc		    clc
.59f8	60		rts		    rts
=8					_dns_ofs_base       = UDP_DATA_BASE
=10					_dns_ofs_flags      = UDP_DATA_BASE + 2
=14					_dns_ofs_ancount    = UDP_DATA_BASE + 6
=12					_dns_ofs_qdcount    = UDP_DATA_BASE + 4
>59f9	00				ihl:                .byte $00
>59fa	00				expected_port_hi:   .byte $00
>59fb	00				q_out:              .byte $00
>59fc	00				q_guard:            .byte $00
>59fd	00				lbl_len:            .byte $00
>59fe	00				seen_cname:         .byte $00
>59ff	00				ptr_hi:             .byte $00
>5a00	00				ptr_lo:             .byte $00
>5a01	00				lbl_cnt:            .byte $00
>5a02	00				TMP0:               .byte $00
>5a03	00				DNS2_BASE_LO:       .byte $00
>5a04	00				DNS2_BASE_HI:       .byte $00
>5a05	00				DNS2_RD_LO:         .byte $00
>5a06	00				DNS2_RD_HI:         .byte $00
>5a07	00				DNS2_END_LO:        .byte $00
>5a08	00				DNS2_END_HI:        .byte $00
>5a09	00				DNS2_FLAGS_HI:      .byte $00
>5a0a	00				DNS2_FLAGS_LO:      .byte $00
>5a0b	00				DNS2_QD_LEFT:       .byte $00
>5a0c	00				DNS2_ANS_HI:        .byte $00
>5a0d	00				DNS2_ANS_LEFT:      .byte $00
>5a0e	00				DNS2_NS_HI:         .byte $00
>5a0f	00				DNS2_NS_LEFT:       .byte $00
>5a10	00				DNS2_AR_HI:         .byte $00
>5a11	00				DNS2_AR_LEFT:       .byte $00
>5a12	00				DNS2_TYPE_HI:       .byte $00
>5a13	00				DNS2_TYPE_LO:       .byte $00
>5a14	00				DNS2_CLASS_HI:      .byte $00
>5a15	00				DNS2_CLASS_LO:      .byte $00
>5a16	00				DNS2_RDLEN_HI:      .byte $00
>5a17	00				DNS2_RDLEN_LO:      .byte $00
>5a18	00				DNS2_SKIP_LO:       .byte $00
>5a19	00				DNS2_SKIP_HI:       .byte $00
>5a1a	00				DNS2_PTR_LO:        .byte $00
>5a1b	00				DNS2_PTR_HI:        .byte $00
>5a1c	00				DNS2_BOUNDS_FAIL:   .byte $00
>5a1d	00				DNS2_NAME_GUARD:    .byte $00
>5a1e	00				DNS2_NAME_LO:       .byte $00
>5a1f	00				DNS2_NAME_HI:       .byte $00
>5a20	00				DNS2_OWNER_MATCH:   .byte $00
>5a21	00				DNS2_MATCH_IDX:     .byte $00
>5a22	00				DNS2_MATCH_COUNT:   .byte $00
>5a23	00				DNS2_MATCH_BYTE:    .byte $00

;******  Return to file: mega-ip/eth.asm


;******  Processing file: mega-ip/dhcp.asm

=$11					UDP_PROTO                   = $11
=67					UDP_PORT_DHCP_SERVER        = 67
=68					UDP_PORT_DHCP_CLIENT        = 68
=1					BOOTP_OP_BOOTREQUEST        = 1
=2					BOOTP_OP_BOOTREPLY          = 2
=$63					DHCP_MAGIC_0                = $63
=$82					DHCP_MAGIC_1                = $82
=$53					DHCP_MAGIC_2                = $53
=$63					DHCP_MAGIC_3                = $63
=53					DHCP_OPT_MESSAGE_TYPE       = 53
=50					DHCP_OPT_REQUESTED_IP       = 50
=54					DHCP_OPT_SERVER_ID          = 54
=55					DHCP_OPT_PARAM_REQ_LIST     = 55
=1					DHCP_OPT_SUBNET_MASK        = 1
=3					DHCPopt_router             = 3
=6					DHCPopt_dns                = 6
=51					DHCP_OPT_LEASE_TIME         = 51
=255					DHCP_OPT_END                = 255
=1					DHCPDISCOVER                = 1
=2					DHCPOFFER                   = 2
=3					DHCPREQUEST                 = 3
=4					DHCPDECLINE                 = 4
=5					DHCPACK                     = 5
=6					DHCPNAK                     = 6
=$00					DHCP_STATE_OFF              = $00
=$01					DHCP_STATE_DISCOVER_SENT    = $01
=$02					DHCP_STATE_OFFER_SEEN       = $02
=$03					DHCP_STATE_REQUEST_SENT     = $03
=$04					DHCP_STATE_BOUND            = $04
=$7f					DHCP_STATE_FAILED           = $7F
=6					DHCP_TICK_FRAMES            = 6
=1					DHCP_TX_BUSY_TICK_FRAMES    = 1
=10					DHCP_INITIAL_BACKOFF        = 10       ; ~1s with DHCP_TICK_FRAMES=6 at 60Hz
=$50					DHCP_MAX_BACKOFF            = $50      ; ~8s cap at 60Hz
=236					BOOTP_FIXED_SIZE            = 236          ; up to 'options' field
=248					DHCP_MIN_UDP_LEN            = UDP_DATA_BASE + BOOTP_FIXED_SIZE + 4
>5a24	00				DHCP_IN_PROGRESS:           .byte 0
>5a25	00				DHCP_STATE:                 .byte $00
>5a26	00				DHCP_RETRY_TICKS:           .byte $00
>5a27	0a				DHCP_RETRY_BACKOFF:         .byte DHCP_INITIAL_BACKOFF
>5a28	00				DHCP_FRAME_TICKS:           .byte $00
>5a29	00				DHCP_LAST_RASTER_LO:        .byte $00
>5a2a	00				DHCP_LAST_RASTER_HI:        .byte $00
>5a2b	12 34 56 78			DHCP_XID:                   .byte $12,$34,$56,$78
>5a2f	00 00 00 00			DHCP_SERVER_ID:             .byte $00,$00,$00,$00
>5a33	00 00 00 00			DHCP_SELECTED_SERVER_ID:    .byte $00,$00,$00,$00
>5a37	00 00 00 00			DHCP_OFFER_IP:              .byte $00,$00,$00,$00  ; yiaddr from OFFER
>5a3b	00 00 00 00			DHCP_LEASE_SECS:            .byte $00,$00,$00,$00
>5a3f	80 00				DHCP_FLAGS:                 .byte $80,$00           ; broadcast bit 0x8000
>5a41	00				DHCP_OPT_END_OFS:           .byte 0
>5a42	14				DHCP_IP_IHL_BYTES:          .byte 20       ; holds IP header length in bytes
>5a43	00				DHCP_OPTS_PTR_LO:           .byte 0
>5a44	00				DHCP_OPTS_PTR_HI:           .byte 0
>5a45	00				DHCP_OPTS_BASE_LO           .byte 0
>5a46	00				DHCP_OPTS_BASE_HI           .byte 0
>5a47	00				DHCP_OPTS_MAXY              .byte 0
>5a48	00				DHCP_RENEW_ACTIVE:          .byte 0
>5a49	00				DHCP_RENEW_SUBTICKS:        .byte 0
>5a4a	00				DHCP_RENEW_SECS_LO:         .byte 0
>5a4b	00				DHCP_RENEW_SECS_HI:         .byte 0
>5a4c	00				DHCP_RENEW_TMP0:            .byte 0
>5a4d	00				DHCP_RENEW_TMP1:            .byte 0
>5a4e	00				DHCP_REQUEST_IS_RENEW:      .byte 0
>5a4f	00 00				pl_len:                     .byte 0,0
>5a51	00 00 00 00			opt_mask:                   .byte 0,0,0,0
>5a55	00 00 00 00			opt_router:                 .byte 0,0,0,0
>5a59	00 00 00 00			opt_dns:                    .byte 0,0,0,0
>5a5d	00				dhcp_msg_type:              .byte 0
.5a5e					ETH_DHCP_START:
.5a5e	a9 00		lda #$00	    lda #$00
.5a60	8d 5d 5a	sta $5a5d	    sta dhcp_msg_type
.5a63					DHCP_RESTART_DISCOVERY:
.5a63	a0 00		ldy #$00	    ldy #$00
.5a65					_loop:
.5a65	99 2f 5a	sta $5a2f,y	    sta DHCP_SERVER_ID,y
.5a68	99 33 5a	sta $5a33,y	    sta DHCP_SELECTED_SERVER_ID,y
.5a6b	99 37 5a	sta $5a37,y	    sta DHCP_OFFER_IP,y
.5a6e	99 3b 5a	sta $5a3b,y	    sta DHCP_LEASE_SECS,y
.5a71	99 00 21	sta $2100,y	    sta LOCAL_IP,Y
.5a74	99 0c 21	sta $210c,y	    sta GATEWAY_IP,Y
.5a77	99 10 21	sta $2110,y	    sta SUBNET_MASK,Y
.5a7a	99 51 5a	sta $5a51,y	    sta opt_mask,y
.5a7d	99 55 5a	sta $5a55,y	    sta opt_router,y
.5a80	99 59 5a	sta $5a59,y	    sta opt_dns,y
.5a83	c8		iny		    iny
.5a84	c0 04		cpy #$04	    cpy #$04
.5a86	d0 dd		bne $5a65	    bne _loop
.5a88	a2 03		ldx #$03	    ldx #3
.5a8a					_inc_xid:
.5a8a	fe 2b 5a	inc $5a2b,x	    inc DHCP_XID,x
.5a8d	d0 03		bne $5a92	    bne _xid_ok
.5a8f	ca		dex		    dex
.5a90	10 f8		bpl $5a8a	    bpl _inc_xid
.5a92					_xid_ok:
.5a92	a9 80		lda #$80	    lda #$80
.5a94	8d 3f 5a	sta $5a3f	    sta DHCP_FLAGS
.5a97	a9 00		lda #$00	    lda #$00
.5a99	8d 40 5a	sta $5a40	    sta DHCP_FLAGS+1
.5a9c	a9 00		lda #$00	    lda #DHCP_STATE_OFF
.5a9e	8d 25 5a	sta $5a25	    sta DHCP_STATE
.5aa1	a9 00		lda #$00	    lda #$00
.5aa3	8d 26 5a	sta $5a26	    sta DHCP_RETRY_TICKS
.5aa6	8d 48 5a	sta $5a48	    sta DHCP_RENEW_ACTIVE
.5aa9	8d 49 5a	sta $5a49	    sta DHCP_RENEW_SUBTICKS
.5aac	8d 4a 5a	sta $5a4a	    sta DHCP_RENEW_SECS_LO
.5aaf	8d 4b 5a	sta $5a4b	    sta DHCP_RENEW_SECS_HI
.5ab2	8d 4e 5a	sta $5a4e	    sta DHCP_REQUEST_IS_RENEW
.5ab5	a9 0a		lda #$0a	    lda #DHCP_INITIAL_BACKOFF
.5ab7	8d 27 5a	sta $5a27	    sta DHCP_RETRY_BACKOFF
.5aba	a9 06		lda #$06	    lda #DHCP_TICK_FRAMES
.5abc	8d 28 5a	sta $5a28	    sta DHCP_FRAME_TICKS
.5abf	20 9b 4f	jsr $4f9b	    jsr ARP_READ_RASTER
.5ac2	ad 0b 4c	lda $4c0b	    lda ARP_CUR_RASTER_LO
.5ac5	8d 29 5a	sta $5a29	    sta DHCP_LAST_RASTER_LO
.5ac8	ad 0c 4c	lda $4c0c	    lda ARP_CUR_RASTER_HI
.5acb	8d 2a 5a	sta $5a2a	    sta DHCP_LAST_RASTER_HI
.5ace	a9 01		lda #$01	    lda #1
.5ad0	8d 24 5a	sta $5a24	    sta DHCP_IN_PROGRESS
.5ad3	20 d2 5b	jsr $5bd2	    jsr DHCP_SEND_DISCOVER
.5ad6	b0 06		bcs $5ade	    bcs _start_tx_busy
.5ad8	a9 01		lda #$01	    lda #DHCP_STATE_DISCOVER_SENT
.5ada	8d 25 5a	sta $5a25	    sta DHCP_STATE
.5add	60		rts		    rts
.5ade					_start_tx_busy:
.5ade	a9 00		lda #$00	    lda #DHCP_STATE_OFF
.5ae0	8d 25 5a	sta $5a25	    sta DHCP_STATE
.5ae3	20 b2 5b	jsr $5bb2	    jsr DHCP_RETRY_SOON
.5ae6	60		rts		    rts
.5ae7					ETH_DHCP_POLL:
.5ae7	20 a5 63	jsr $63a5	    jsr ETH_RCV                        ; keep RX flowing
.5aea	20 05 5b	jsr $5b05	    jsr DHCP_TICK
.5aed	ad 25 5a	lda $5a25	    lda DHCP_STATE
.5af0	60		rts		    rts
.5af1					DHCP_STATUS_TICK:
.5af1	ad 25 5a	lda $5a25	    lda DHCP_STATE
.5af4	c9 04		cmp #$04	    cmp #DHCP_STATE_BOUND
.5af6	f0 64		beq $5b5c	    beq DHCP_BOUND_TICK
.5af8	ad 24 5a	lda $5a24	    lda DHCP_IN_PROGRESS
.5afb	f0 03		beq $5b00	    beq _dhcp_status_done
.5afd	4c 05 5b	jmp $5b05	    jmp DHCP_TICK
.5b00					_dhcp_status_done:
.5b00	60		rts		    rts
.5b01					ETH_GET_DHCP_STATE:
.5b01	ad 25 5a	lda $5a25	    lda DHCP_STATE
.5b04	60		rts		    rts
.5b05					DHCP_TICK:
.5b05	ad 25 5a	lda $5a25	    lda DHCP_STATE
.5b08	c9 04		cmp #$04	    cmp #DHCP_STATE_BOUND
.5b0a	f0 4f		beq $5b5b	    beq _done
.5b0c	c9 7f		cmp #$7f	    cmp #DHCP_STATE_FAILED
.5b0e	f0 4b		beq $5b5b	    beq _done
.5b10	20 62 5b	jsr $5b62	    jsr DHCP_FRAME_TICK
.5b13	90 46		bcc $5b5b	    bcc _done
.5b15	ee 26 5a	inc $5a26	    inc DHCP_RETRY_TICKS
.5b18	ad 26 5a	lda $5a26	    lda DHCP_RETRY_TICKS
.5b1b	cd 27 5a	cmp $5a27	    cmp DHCP_RETRY_BACKOFF
.5b1e	90 3b		bcc $5b5b	    bcc _done
.5b20	a9 00		lda #$00	    lda #$00
.5b22	8d 26 5a	sta $5a26	    sta DHCP_RETRY_TICKS
.5b25	ad 25 5a	lda $5a25	    lda DHCP_STATE
.5b28	c9 00		cmp #$00	    cmp #DHCP_STATE_OFF
.5b2a	f0 0f		beq $5b3b	    beq _resend_discover
.5b2c	c9 01		cmp #$01	    cmp #DHCP_STATE_DISCOVER_SENT
.5b2e	f0 0b		beq $5b3b	    beq _resend_discover
.5b30	c9 02		cmp #$02	    cmp #DHCP_STATE_OFFER_SEEN
.5b32	f0 15		beq $5b49	    beq _resend_request
.5b34	c9 03		cmp #$03	    cmp #DHCP_STATE_REQUEST_SENT
.5b36	f0 11		beq $5b49	    beq _resend_request
.5b38	4c 5b 5b	jmp $5b5b	    jmp _done
.5b3b					_resend_discover:
.5b3b	20 d2 5b	jsr $5bd2	    jsr DHCP_SEND_DISCOVER
.5b3e	b0 17		bcs $5b57	    bcs _retry_tx_soon
.5b40	a9 01		lda #$01	    lda #DHCP_STATE_DISCOVER_SENT
.5b42	8d 25 5a	sta $5a25	    sta DHCP_STATE
.5b45	20 a4 5b	jsr $5ba4	    jsr DHCP_BACKOFF
.5b48	60		rts		    rts
.5b49					_resend_request:
.5b49	20 82 5c	jsr $5c82	    jsr DHCP_SEND_REQUEST
.5b4c	b0 09		bcs $5b57	    bcs _retry_tx_soon
.5b4e	a9 03		lda #$03	    lda #DHCP_STATE_REQUEST_SENT
.5b50	8d 25 5a	sta $5a25	    sta DHCP_STATE
.5b53	20 a4 5b	jsr $5ba4	    jsr DHCP_BACKOFF
.5b56	60		rts		    rts
.5b57					_retry_tx_soon:
.5b57	20 b2 5b	jsr $5bb2	    jsr DHCP_RETRY_SOON
.5b5a	60		rts		    rts
.5b5b					_done:
.5b5b	60		rts		    rts
.5b5c					DHCP_BOUND_TICK:
.5b5c	4c f3 71	jmp $71f3	    jmp DHCP_BOUND_TICK_IMPL
.5b5f					DHCP_SCHEDULE_RENEWAL:
.5b5f	4c 64 73	jmp $7364	    jmp DHCP_SCHEDULE_RENEWAL_IMPL
.5b62					DHCP_FRAME_TICK:
.5b62	20 9b 4f	jsr $4f9b	    jsr ARP_READ_RASTER
.5b65	ad 0c 4c	lda $4c0c	    lda ARP_CUR_RASTER_HI
.5b68	cd 2a 5a	cmp $5a2a	    cmp DHCP_LAST_RASTER_HI
.5b6b	90 18		bcc $5b85	    bcc _dhcp_frame_elapsed
.5b6d	d0 08		bne $5b77	    bne _dhcp_no_frame
.5b6f	ad 0b 4c	lda $4c0b	    lda ARP_CUR_RASTER_LO
.5b72	cd 29 5a	cmp $5a29	    cmp DHCP_LAST_RASTER_LO
.5b75	90 0e		bcc $5b85	    bcc _dhcp_frame_elapsed
.5b77					_dhcp_no_frame:
.5b77	ad 0b 4c	lda $4c0b	    lda ARP_CUR_RASTER_LO
.5b7a	8d 29 5a	sta $5a29	    sta DHCP_LAST_RASTER_LO
.5b7d	ad 0c 4c	lda $4c0c	    lda ARP_CUR_RASTER_HI
.5b80	8d 2a 5a	sta $5a2a	    sta DHCP_LAST_RASTER_HI
.5b83	18		clc		    clc
.5b84	60		rts		    rts
.5b85					_dhcp_frame_elapsed:
.5b85	ad 0b 4c	lda $4c0b	    lda ARP_CUR_RASTER_LO
.5b88	8d 29 5a	sta $5a29	    sta DHCP_LAST_RASTER_LO
.5b8b	ad 0c 4c	lda $4c0c	    lda ARP_CUR_RASTER_HI
.5b8e	8d 2a 5a	sta $5a2a	    sta DHCP_LAST_RASTER_HI
.5b91	ad 28 5a	lda $5a28	    lda DHCP_FRAME_TICKS
.5b94	f0 07		beq $5b9d	    beq _dhcp_emit_tick
.5b96	ce 28 5a	dec $5a28	    dec DHCP_FRAME_TICKS
.5b99	f0 02		beq $5b9d	    beq _dhcp_emit_tick
.5b9b	18		clc		    clc
.5b9c	60		rts		    rts
.5b9d					_dhcp_emit_tick:
.5b9d	a9 06		lda #$06	    lda #DHCP_TICK_FRAMES
.5b9f	8d 28 5a	sta $5a28	    sta DHCP_FRAME_TICKS
.5ba2	38		sec		    sec
.5ba3	60		rts		    rts
.5ba4					DHCP_BACKOFF:
.5ba4	ad 27 5a	lda $5a27	    lda DHCP_RETRY_BACKOFF
.5ba7	0a		asl a		    asl
.5ba8	c9 50		cmp #$50	    cmp #DHCP_MAX_BACKOFF
.5baa	90 02		bcc $5bae	    bcc +
.5bac	a9 50		lda #$50	    lda #DHCP_MAX_BACKOFF
.5bae	8d 27 5a	sta $5a27	+   sta DHCP_RETRY_BACKOFF
.5bb1	60		rts		    rts
.5bb2					DHCP_RETRY_SOON:
.5bb2	ad 27 5a	lda $5a27	    lda DHCP_RETRY_BACKOFF
.5bb5	f0 03		beq $5bba	    beq +
.5bb7	38		sec		    sec
.5bb8	e9 01		sbc #$01	    sbc #$01
.5bba	8d 26 5a	sta $5a26	+   sta DHCP_RETRY_TICKS
.5bbd	a9 01		lda #$01	    lda #DHCP_TX_BUSY_TICK_FRAMES
.5bbf	8d 28 5a	sta $5a28	    sta DHCP_FRAME_TICKS
.5bc2	20 9b 4f	jsr $4f9b	    jsr ARP_READ_RASTER
.5bc5	ad 0b 4c	lda $4c0b	    lda ARP_CUR_RASTER_LO
.5bc8	8d 29 5a	sta $5a29	    sta DHCP_LAST_RASTER_LO
.5bcb	ad 0c 4c	lda $4c0c	    lda ARP_CUR_RASTER_HI
.5bce	8d 2a 5a	sta $5a2a	    sta DHCP_LAST_RASTER_HI
.5bd1	60		rts		    rts
.5bd2					DHCP_SEND_DISCOVER:
.5bd2	20 6e 5d	jsr $5d6e	    jsr DHCP_BUILD_BOOTP_COMMON
.5bd5	a9 01		lda #$01	    lda #BOOTP_OP_BOOTREQUEST
.5bd7	8d 5f 22	sta $225f	    sta ETH_TX_FRAME_PAYLOAD+20+8+0  ; op
.5bda	a9 63		lda #$63	    lda #DHCP_MAGIC_0
.5bdc	8d 4b 23	sta $234b	    sta ETH_TX_FRAME_PAYLOAD+20+8+236
.5bdf	a9 82		lda #$82	    lda #DHCP_MAGIC_1
.5be1	8d 4c 23	sta $234c	    sta ETH_TX_FRAME_PAYLOAD+20+8+237
.5be4	a9 53		lda #$53	    lda #DHCP_MAGIC_2
.5be6	8d 4d 23	sta $234d	    sta ETH_TX_FRAME_PAYLOAD+20+8+238
.5be9	a9 63		lda #$63	    lda #DHCP_MAGIC_3
.5beb	8d 4e 23	sta $234e	    sta ETH_TX_FRAME_PAYLOAD+20+8+239
.5bee	a2 00		ldx #$00	    ldx #$00
.5bf0	a9 35		lda #$35	    lda #DHCP_OPT_MESSAGE_TYPE
.5bf2	20 b6 5d	jsr $5db6	    jsr opt_put_code
.5bf5	a9 01		lda #$01	    lda #$01
.5bf7	20 bb 5d	jsr $5dbb	    jsr opt_put_len
.5bfa	a9 01		lda #$01	    lda #DHCPDISCOVER
.5bfc	20 c0 5d	jsr $5dc0	    jsr opt_put_byte
.5bff	a9 37		lda #$37	    lda #DHCP_OPT_PARAM_REQ_LIST
.5c01	20 b6 5d	jsr $5db6	    jsr opt_put_code
.5c04	a9 05		lda #$05	    lda #$05
.5c06	20 bb 5d	jsr $5dbb	    jsr opt_put_len
.5c09	a9 01		lda #$01	    lda #DHCP_OPT_SUBNET_MASK
.5c0b	20 c0 5d	jsr $5dc0	    jsr opt_put_byte
.5c0e	a9 03		lda #$03	    lda #DHCPopt_router
.5c10	20 c0 5d	jsr $5dc0	    jsr opt_put_byte
.5c13	a9 06		lda #$06	    lda #DHCPopt_dns
.5c15	20 c0 5d	jsr $5dc0	    jsr opt_put_byte
.5c18	a9 33		lda #$33	    lda #DHCP_OPT_LEASE_TIME
.5c1a	20 c0 5d	jsr $5dc0	    jsr opt_put_byte
.5c1d	a9 1a		lda #$1a	    lda #$1a
.5c1f	20 c0 5d	jsr $5dc0	    jsr opt_put_byte                    ; interface MTU
.5c22	a9 3d		lda #$3d	    lda #$3d                           ; 61
.5c24	20 b6 5d	jsr $5db6	    jsr opt_put_code
.5c27	a9 07		lda #$07	    lda #$07                           ; len=7 (htype 1 + 6 bytes MAC)
.5c29	20 bb 5d	jsr $5dbb	    jsr opt_put_len
.5c2c	a9 01		lda #$01	    lda #$01                           ; htype=Ethernet (1)
.5c2e	20 c0 5d	jsr $5dc0	    jsr opt_put_byte
.5c31	a0 00		ldy #$00	    ldy #$00
.5c33	b9 3b 22	lda $223b,y	-   lda ETH_TX_FRAME_SRC_MAC,y
.5c36	20 c0 5d	jsr $5dc0	    jsr opt_put_byte
.5c39	c8		iny		    iny
.5c3a	c0 06		cpy #$06	    cpy #6
.5c3c	d0 f5		bne $5c33	    bne -
.5c3e	a9 ff		lda #$ff	    lda #DHCP_OPT_END
.5c40	20 b6 5d	jsr $5db6	    jsr opt_put_code
.5c43	8e 41 5a	stx $5a41	    stx DHCP_OPT_END_OFS               ; keep for size calc
.5c46	a9 f0		lda #$f0	    lda #<(BOOTP_FIXED_SIZE+4)         ; base (236 + 4 cookie)
.5c48	18		clc		    clc
.5c49	6d 41 5a	adc $5a41	    adc DHCP_OPT_END_OFS
.5c4c	8d 4f 5a	sta $5a4f	    sta pl_len
.5c4f	a9 00		lda #$00	    lda #>(BOOTP_FIXED_SIZE+4)
.5c51	69 00		adc #$00	    adc #$00
.5c53	8d 50 5a	sta $5a50	    sta pl_len+1
.5c56	20 c5 5d	jsr $5dc5	    jsr DHCP_BUILD_IPV4_UDP_BROADCAST
.5c59	20 4a 5e	jsr $5e4a	    jsr UDP_WRITE_LENGTH_AND_CHECKSUM
.5c5c	ad 4f 5a	lda $5a4f	    lda pl_len
.5c5f	18		clc		    clc
.5c60	69 2a		adc #$2a	    adc #<(14+20+8)
.5c62	8d 46 21	sta $2146	    sta ETH_TX_LEN_LSB
.5c65	ad 50 5a	lda $5a50	    lda pl_len+1
.5c68	69 00		adc #$00	    adc #>(14+20+8)
.5c6a	8d 47 21	sta $2147	    sta ETH_TX_LEN_MSB
.5c6d	a0 00		ldy #$00	    ldy #0
.5c6f	a9 ff		lda #$ff	    lda #$ff
.5c71					_bcast_fill:
.5c71	99 35 22	sta $2235,y	    sta ETH_TX_FRAME_DEST_MAC,y
.5c74	c8		iny		    iny
.5c75	c0 06		cpy #$06	    cpy #6
.5c77	d0 f8		bne $5c71	    bne _bcast_fill
.5c79	20 94 42	jsr $4294	    jsr ETH_PACKET_SEND
.5c7c	b0 02		bcs $5c80	    bcs _discover_tx_fail
.5c7e	18		clc		    clc
.5c7f	60		rts		    rts
.5c80					_discover_tx_fail:
.5c80	38		sec		    sec
.5c81	60		rts		    rts
.5c82					DHCP_SEND_REQUEST:
.5c82	20 6e 5d	jsr $5d6e	    jsr DHCP_BUILD_BOOTP_COMMON
.5c85	a9 01		lda #$01	    lda #BOOTP_OP_BOOTREQUEST
.5c87	8d 5f 22	sta $225f	    sta ETH_TX_FRAME_PAYLOAD+20+8+0
.5c8a	a9 63		lda #$63	    lda #DHCP_MAGIC_0
.5c8c	8d 4b 23	sta $234b	    sta ETH_TX_FRAME_PAYLOAD+20+8+236
.5c8f	a9 82		lda #$82	    lda #DHCP_MAGIC_1
.5c91	8d 4c 23	sta $234c	    sta ETH_TX_FRAME_PAYLOAD+20+8+237
.5c94	a9 53		lda #$53	    lda #DHCP_MAGIC_2
.5c96	8d 4d 23	sta $234d	    sta ETH_TX_FRAME_PAYLOAD+20+8+238
.5c99	a9 63		lda #$63	    lda #DHCP_MAGIC_3
.5c9b	8d 4e 23	sta $234e	    sta ETH_TX_FRAME_PAYLOAD+20+8+239
.5c9e	a2 00		ldx #$00	    ldx #$00
.5ca0	a9 35		lda #$35	    lda #DHCP_OPT_MESSAGE_TYPE
.5ca2	20 b6 5d	jsr $5db6	    jsr opt_put_code
.5ca5	a9 01		lda #$01	    lda #$01
.5ca7	20 bb 5d	jsr $5dbb	    jsr opt_put_len
.5caa	a9 03		lda #$03	    lda #DHCPREQUEST
.5cac	20 c0 5d	jsr $5dc0	    jsr opt_put_byte
.5caf	a9 32		lda #$32	    lda #DHCP_OPT_REQUESTED_IP
.5cb1	20 b6 5d	jsr $5db6	    jsr opt_put_code
.5cb4	a9 04		lda #$04	    lda #$04
.5cb6	20 bb 5d	jsr $5dbb	    jsr opt_put_len
.5cb9	a0 00		ldy #$00	    ldy #$00
.5cbb	b9 37 5a	lda $5a37,y	-   lda DHCP_OFFER_IP,y
.5cbe	20 c0 5d	jsr $5dc0	    jsr opt_put_byte
.5cc1	c8		iny		    iny
.5cc2	c0 04		cpy #$04	    cpy #4
.5cc4	d0 f5		bne $5cbb	    bne -
.5cc6	ad 2f 5a	lda $5a2f	    lda DHCP_SERVER_ID+0
.5cc9	0d 30 5a	ora $5a30	    ora DHCP_SERVER_ID+1
.5ccc	0d 31 5a	ora $5a31	    ora DHCP_SERVER_ID+2
.5ccf	0d 32 5a	ora $5a32	    ora DHCP_SERVER_ID+3
.5cd2	f0 17		beq $5ceb	    beq _skip_svid
.5cd4	a9 36		lda #$36	    lda #DHCP_OPT_SERVER_ID
.5cd6	20 b6 5d	jsr $5db6	    jsr opt_put_code
.5cd9	a9 04		lda #$04	    lda #$04
.5cdb	20 bb 5d	jsr $5dbb	    jsr opt_put_len
.5cde	a0 00		ldy #$00	    ldy #$00
.5ce0	b9 2f 5a	lda $5a2f,y	-   lda DHCP_SERVER_ID,y
.5ce3	20 c0 5d	jsr $5dc0	    jsr opt_put_byte
.5ce6	c8		iny		    iny
.5ce7	c0 04		cpy #$04	    cpy #4
.5ce9	d0 f5		bne $5ce0	    bne -
.5ceb					_skip_svid:
.5ceb	a9 37		lda #$37	    lda #DHCP_OPT_PARAM_REQ_LIST
.5ced	20 b6 5d	jsr $5db6	    jsr opt_put_code
.5cf0	a9 05		lda #$05	    lda #$05
.5cf2	20 bb 5d	jsr $5dbb	    jsr opt_put_len
.5cf5	a9 01		lda #$01	    lda #DHCP_OPT_SUBNET_MASK
.5cf7	20 c0 5d	jsr $5dc0	    jsr opt_put_byte
.5cfa	a9 03		lda #$03	    lda #DHCPopt_router
.5cfc	20 c0 5d	jsr $5dc0	    jsr opt_put_byte
.5cff	a9 06		lda #$06	    lda #DHCPopt_dns
.5d01	20 c0 5d	jsr $5dc0	    jsr opt_put_byte
.5d04	a9 33		lda #$33	    lda #DHCP_OPT_LEASE_TIME
.5d06	20 c0 5d	jsr $5dc0	    jsr opt_put_byte
.5d09	a9 1a		lda #$1a	    lda #$1a
.5d0b	20 c0 5d	jsr $5dc0	    jsr opt_put_byte                    ; interface MTU
.5d0e	a9 3d		lda #$3d	    lda #$3d
.5d10	20 b6 5d	jsr $5db6	    jsr opt_put_code
.5d13	a9 07		lda #$07	    lda #$07
.5d15	20 bb 5d	jsr $5dbb	    jsr opt_put_len
.5d18	a9 01		lda #$01	    lda #$01
.5d1a	20 c0 5d	jsr $5dc0	    jsr opt_put_byte
.5d1d	a0 00		ldy #$00	    ldy #$00
.5d1f	b9 3b 22	lda $223b,y	-   lda ETH_TX_FRAME_SRC_MAC,y
.5d22	20 c0 5d	jsr $5dc0	    jsr opt_put_byte
.5d25	c8		iny		    iny
.5d26	c0 06		cpy #$06	    cpy #6
.5d28	d0 f5		bne $5d1f	    bne -
.5d2a	a9 ff		lda #$ff	    lda #DHCP_OPT_END
.5d2c	20 b6 5d	jsr $5db6	    jsr opt_put_code
.5d2f	8e 41 5a	stx $5a41	    stx DHCP_OPT_END_OFS
.5d32	a9 f0		lda #$f0	    lda #<(BOOTP_FIXED_SIZE+4)
.5d34	18		clc		    clc
.5d35	6d 41 5a	adc $5a41	    adc DHCP_OPT_END_OFS
.5d38	8d 4f 5a	sta $5a4f	    sta pl_len
.5d3b	a9 00		lda #$00	    lda #>(BOOTP_FIXED_SIZE+4)
.5d3d	69 00		adc #$00	    adc #$00
.5d3f	8d 50 5a	sta $5a50	    sta pl_len+1
.5d42	20 c5 5d	jsr $5dc5	    jsr DHCP_BUILD_IPV4_UDP_BROADCAST
.5d45	20 4a 5e	jsr $5e4a	    jsr UDP_WRITE_LENGTH_AND_CHECKSUM
.5d48	ad 4f 5a	lda $5a4f	    lda pl_len
.5d4b	18		clc		    clc
.5d4c	69 2a		adc #$2a	    adc #<(14+20+8)
.5d4e	8d 46 21	sta $2146	    sta ETH_TX_LEN_LSB
.5d51	ad 50 5a	lda $5a50	    lda pl_len+1
.5d54	69 00		adc #$00	    adc #>(14+20+8)
.5d56	8d 47 21	sta $2147	    sta ETH_TX_LEN_MSB
.5d59	a0 00		ldy #$00	    ldy #0
.5d5b	a9 ff		lda #$ff	    lda #$ff
.5d5d					_bcast_fill:
.5d5d	99 35 22	sta $2235,y	    sta ETH_TX_FRAME_DEST_MAC,y
.5d60	c8		iny		    iny
.5d61	c0 06		cpy #$06	    cpy #6
.5d63	d0 f8		bne $5d5d	    bne _bcast_fill
.5d65	20 94 42	jsr $4294	    jsr ETH_PACKET_SEND
.5d68	b0 02		bcs $5d6c	    bcs _request_tx_fail
.5d6a	18		clc		    clc
.5d6b	60		rts		    rts
.5d6c					_request_tx_fail:
.5d6c	38		sec		    sec
.5d6d	60		rts		    rts
.5d6e					DHCP_BUILD_BOOTP_COMMON:
.5d6e	a0 00		ldy #$00	    ldy #$00
.5d70	a9 00		lda #$00	    lda #$00
.5d72					_clear:
.5d72	99 5f 22	sta $225f,y	    sta ETH_TX_FRAME_PAYLOAD+20+8,y
.5d75	c8		iny		    iny
.5d76	c0 f0		cpy #$f0	    cpy #$F0          ; 240 bytes (236 + 4 cookie), options set later
.5d78	d0 f8		bne $5d72	    bne _clear
.5d7a	a9 01		lda #$01	    lda #$01
.5d7c	8d 60 22	sta $2260	    sta ETH_TX_FRAME_PAYLOAD+20+8+1      ; htype
.5d7f	a9 06		lda #$06	    lda #$06
.5d81	8d 61 22	sta $2261	    sta ETH_TX_FRAME_PAYLOAD+20+8+2      ; hlen
.5d84	ad 2b 5a	lda $5a2b	    lda DHCP_XID+0
.5d87	8d 63 22	sta $2263	    sta ETH_TX_FRAME_PAYLOAD+20+8+$04
.5d8a	ad 2c 5a	lda $5a2c	    lda DHCP_XID+1
.5d8d	8d 64 22	sta $2264	    sta ETH_TX_FRAME_PAYLOAD+20+8+$05
.5d90	ad 2d 5a	lda $5a2d	    lda DHCP_XID+2
.5d93	8d 65 22	sta $2265	    sta ETH_TX_FRAME_PAYLOAD+20+8+$06
.5d96	ad 2e 5a	lda $5a2e	    lda DHCP_XID+3
.5d99	8d 66 22	sta $2266	    sta ETH_TX_FRAME_PAYLOAD+20+8+$07
.5d9c	ad 3f 5a	lda $5a3f	    lda DHCP_FLAGS+0
.5d9f	8d 69 22	sta $2269	    sta ETH_TX_FRAME_PAYLOAD+20+8+$0A
.5da2	ad 40 5a	lda $5a40	    lda DHCP_FLAGS+1
.5da5	8d 6a 22	sta $226a	    sta ETH_TX_FRAME_PAYLOAD+20+8+$0B
.5da8	a0 00		ldy #$00	    ldy #$00
.5daa	b9 3b 22	lda $223b,y	-   lda ETH_TX_FRAME_SRC_MAC,y
.5dad	99 7b 22	sta $227b,y	    sta ETH_TX_FRAME_PAYLOAD+20+8+28,y
.5db0	c8		iny		    iny
.5db1	c0 06		cpy #$06	    cpy #6
.5db3	d0 f5		bne $5daa	    bne -
.5db5	60		rts		    rts
.5db6					opt_put_code:
.5db6	9d 4f 23	sta $234f,x	    sta ETH_TX_FRAME_PAYLOAD+20+8+240,x
.5db9	e8		inx		    inx
.5dba	60		rts		    rts
.5dbb					opt_put_len:
.5dbb	9d 4f 23	sta $234f,x	    sta ETH_TX_FRAME_PAYLOAD+20+8+240,x
.5dbe	e8		inx		    inx
.5dbf	60		rts		    rts
.5dc0					opt_put_byte:
.5dc0	9d 4f 23	sta $234f,x	    sta ETH_TX_FRAME_PAYLOAD+20+8+240,x
.5dc3	e8		inx		    inx
.5dc4	60		rts		    rts
.5dc5					DHCP_BUILD_IPV4_UDP_BROADCAST:
.5dc5	a9 08		lda #$08	    lda #$08
.5dc7	8d 41 22	sta $2241	    sta ETH_TX_TYPE
.5dca	a9 00		lda #$00	    lda #$00
.5dcc	8d 42 22	sta $2242	    sta ETH_TX_TYPE+1
.5dcf	a9 45		lda #$45	    lda #$45
.5dd1	8d 43 22	sta $2243	    sta ETH_TX_FRAME_PAYLOAD+0
.5dd4	a9 00		lda #$00	    lda #$00
.5dd6	8d 44 22	sta $2244	    sta ETH_TX_FRAME_PAYLOAD+1
.5dd9	a9 00		lda #$00	    lda #$00
.5ddb	8d 45 22	sta $2245	    sta ETH_TX_FRAME_PAYLOAD+2
.5dde	a9 00		lda #$00	    lda #$00
.5de0	8d 46 22	sta $2246	    sta ETH_TX_FRAME_PAYLOAD+3
.5de3	a9 00		lda #$00	    lda #$00
.5de5	8d 47 22	sta $2247	    sta ETH_TX_FRAME_PAYLOAD+4
.5de8	a9 00		lda #$00	    lda #$00
.5dea	8d 48 22	sta $2248	    sta ETH_TX_FRAME_PAYLOAD+5
.5ded	a9 40		lda #$40	    lda #$40
.5def	8d 49 22	sta $2249	    sta ETH_TX_FRAME_PAYLOAD+6
.5df2	a9 00		lda #$00	    lda #$00
.5df4	8d 4a 22	sta $224a	    sta ETH_TX_FRAME_PAYLOAD+7
.5df7	a9 40		lda #$40	    lda #$40
.5df9	8d 4b 22	sta $224b	    sta ETH_TX_FRAME_PAYLOAD+8
.5dfc	a9 11		lda #$11	    lda #UDP_PROTO
.5dfe	8d 4c 22	sta $224c	    sta ETH_TX_FRAME_PAYLOAD+9
.5e01	a9 00		lda #$00	    lda #$00
.5e03	8d 4d 22	sta $224d	    sta ETH_TX_FRAME_PAYLOAD+10
.5e06	a9 00		lda #$00	    lda #$00
.5e08	8d 4e 22	sta $224e	    sta ETH_TX_FRAME_PAYLOAD+11
.5e0b	a9 00		lda #$00	    lda #$00
.5e0d	8d 4f 22	sta $224f	    sta ETH_TX_FRAME_PAYLOAD+12
.5e10	8d 50 22	sta $2250	    sta ETH_TX_FRAME_PAYLOAD+13
.5e13	8d 51 22	sta $2251	    sta ETH_TX_FRAME_PAYLOAD+14
.5e16	8d 52 22	sta $2252	    sta ETH_TX_FRAME_PAYLOAD+15
.5e19	a9 ff		lda #$ff	    lda #$FF
.5e1b	8d 53 22	sta $2253	    sta ETH_TX_FRAME_PAYLOAD+16
.5e1e	8d 54 22	sta $2254	    sta ETH_TX_FRAME_PAYLOAD+17
.5e21	8d 55 22	sta $2255	    sta ETH_TX_FRAME_PAYLOAD+18
.5e24	8d 56 22	sta $2256	    sta ETH_TX_FRAME_PAYLOAD+19
.5e27	a9 00		lda #$00	    lda #>(UDP_PORT_DHCP_CLIENT)
.5e29	8d 57 22	sta $2257	    sta ETH_TX_FRAME_PAYLOAD+20+0
.5e2c	a9 44		lda #$44	    lda #<(UDP_PORT_DHCP_CLIENT)
.5e2e	8d 58 22	sta $2258	    sta ETH_TX_FRAME_PAYLOAD+20+1
.5e31	a9 00		lda #$00	    lda #>(UDP_PORT_DHCP_SERVER)
.5e33	8d 59 22	sta $2259	    sta ETH_TX_FRAME_PAYLOAD+20+2
.5e36	a9 43		lda #$43	    lda #<(UDP_PORT_DHCP_SERVER)
.5e38	8d 5a 22	sta $225a	    sta ETH_TX_FRAME_PAYLOAD+20+3
.5e3b	a9 00		lda #$00	    lda #$00
.5e3d	8d 5b 22	sta $225b	    sta ETH_TX_FRAME_PAYLOAD+20+4
.5e40	8d 5c 22	sta $225c	    sta ETH_TX_FRAME_PAYLOAD+20+5
.5e43	8d 5d 22	sta $225d	    sta ETH_TX_FRAME_PAYLOAD+20+6
.5e46	8d 5e 22	sta $225e	    sta ETH_TX_FRAME_PAYLOAD+20+7
.5e49	60		rts		    rts
.5e4a					UDP_WRITE_LENGTH_AND_CHECKSUM:
.5e4a	ad 4f 5a	lda $5a4f	    lda pl_len
.5e4d	18		clc		    clc
.5e4e	69 08		adc #$08	    adc #8
.5e50	8d 5c 22	sta $225c	    sta ETH_TX_FRAME_PAYLOAD+20+5
.5e53	ad 50 5a	lda $5a50	    lda pl_len+1
.5e56	69 00		adc #$00	    adc #0
.5e58	8d 5b 22	sta $225b	    sta ETH_TX_FRAME_PAYLOAD+20+4
.5e5b	ad 5c 22	lda $225c	    lda ETH_TX_FRAME_PAYLOAD+20+5
.5e5e	18		clc		    clc
.5e5f	69 14		adc #$14	    adc #20
.5e61	8d 46 22	sta $2246	    sta ETH_TX_FRAME_PAYLOAD+3
.5e64	ad 5b 22	lda $225b	    lda ETH_TX_FRAME_PAYLOAD+20+4
.5e67	69 00		adc #$00	    adc #0
.5e69	8d 45 22	sta $2245	    sta ETH_TX_FRAME_PAYLOAD+2
.5e6c	20 2b 45	jsr $452b	    jsr CALC_IPV4_TX_CHECKSUM
.5e6f	a9 00		lda #$00	    lda #$00
.5e71	8d 5d 22	sta $225d	    sta ETH_TX_FRAME_PAYLOAD+20+6
.5e74	8d 5e 22	sta $225e	    sta ETH_TX_FRAME_PAYLOAD+20+7
.5e77	60		rts		    rts
.5e78					DHCP_ON_UDP:
.5e78	a9 01		lda #$01	    lda #$01
.5e7a	ac 42 5a	ldy $5a42	    ldy DHCP_IP_IHL_BYTES        ; Y = IP header length in bytes
.5e7d	ad 1e 46	lda $461e	    lda IPV4_RX_TOTAL_LO
.5e80	38		sec		    sec
.5e81	ed 42 5a	sbc $5a42	    sbc DHCP_IP_IHL_BYTES
.5e84	8d 4f 5a	sta $5a4f	    sta pl_len
.5e87	ad 1d 46	lda $461d	    lda IPV4_RX_TOTAL_HI
.5e8a	e9 00		sbc #$00	    sbc #$00
.5e8c	8d 50 5a	sta $5a50	    sta pl_len+1
.5e8f	d0 08		bne $5e99	    bne _dhcp_actual_len_ok
.5e91	ad 4f 5a	lda $5a4f	    lda pl_len
.5e94	c9 f8		cmp #$f8	    cmp #DHCP_MIN_UDP_LEN
.5e96	93 68 01	bcc $6000	    bcc _out
.5e99					_dhcp_actual_len_ok:
.5e99	b9 95 28	lda $2895,y	    lda ETH_RX_FRAME_PAYLOAD+4,y
.5e9c	d0 08		bne $5ea6	    bne _dhcp_claimed_len_ok
.5e9e	b9 96 28	lda $2896,y	    lda ETH_RX_FRAME_PAYLOAD+5,y
.5ea1	c9 f8		cmp #$f8	    cmp #DHCP_MIN_UDP_LEN
.5ea3	93 5b 01	bcc $6000	    bcc _out
.5ea6					_dhcp_claimed_len_ok:
.5ea6	ad 50 5a	lda $5a50	    lda pl_len+1
.5ea9	d9 95 28	cmp $2895,y	    cmp ETH_RX_FRAME_PAYLOAD+4,y
.5eac	93 52 01	bcc $6000	    bcc _out
.5eaf	d0 09		bne $5eba	    bne _dhcp_udp_len_ok
.5eb1	ad 4f 5a	lda $5a4f	    lda pl_len
.5eb4	d9 96 28	cmp $2896,y	    cmp ETH_RX_FRAME_PAYLOAD+5,y
.5eb7	93 47 01	bcc $6000	    bcc _out
.5eba					_dhcp_udp_len_ok:
.5eba	a9 02		lda #$02	    lda #$02
.5ebc	b9 99 28	lda $2899,y	    lda ETH_RX_FRAME_PAYLOAD+8+0,y
.5ebf	c9 02		cmp #$02	    cmp #BOOTP_OP_BOOTREPLY
.5ec1	d3 3d 01	bne $6000	    bne _out
.5ec4	a9 03		lda #$03	    lda #$03
.5ec6	b9 9d 28	lda $289d,y	    lda ETH_RX_FRAME_PAYLOAD+8+$04,y
.5ec9	cd 2b 5a	cmp $5a2b	    cmp DHCP_XID+0
.5ecc	d3 32 01	bne $6000	    bne _out
.5ecf	b9 9e 28	lda $289e,y	    lda ETH_RX_FRAME_PAYLOAD+8+$05,y
.5ed2	cd 2c 5a	cmp $5a2c	    cmp DHCP_XID+1
.5ed5	d3 29 01	bne $6000	    bne _out
.5ed8	b9 9f 28	lda $289f,y	    lda ETH_RX_FRAME_PAYLOAD+8+$06,y
.5edb	cd 2d 5a	cmp $5a2d	    cmp DHCP_XID+2
.5ede	d3 20 01	bne $6000	    bne _out
.5ee1	b9 a0 28	lda $28a0,y	    lda ETH_RX_FRAME_PAYLOAD+8+$07,y
.5ee4	cd 2e 5a	cmp $5a2e	    cmp DHCP_XID+3
.5ee7	d3 17 01	bne $6000	    bne _out
.5eea	a9 04		lda #$04	    lda #$04
.5eec	b9 a9 28	lda $28a9,y	    lda ETH_RX_FRAME_PAYLOAD+8+$10,y
.5eef	8d 37 5a	sta $5a37	    sta DHCP_OFFER_IP+0
.5ef2	b9 aa 28	lda $28aa,y	    lda ETH_RX_FRAME_PAYLOAD+8+$11,y
.5ef5	8d 38 5a	sta $5a38	    sta DHCP_OFFER_IP+1
.5ef8	b9 ab 28	lda $28ab,y	    lda ETH_RX_FRAME_PAYLOAD+8+$12,y
.5efb	8d 39 5a	sta $5a39	    sta DHCP_OFFER_IP+2
.5efe	b9 ac 28	lda $28ac,y	    lda ETH_RX_FRAME_PAYLOAD+8+$13,y
.5f01	8d 3a 5a	sta $5a3a	    sta DHCP_OFFER_IP+3
.5f04	a9 05		lda #$05	    lda #$05
.5f06	b9 85 29	lda $2985,y	    lda ETH_RX_FRAME_PAYLOAD+8+236,y
.5f09	c9 63		cmp #$63	    cmp #DHCP_MAGIC_0
.5f0b	d3 f3 00	bne $6000	    bne _out
.5f0e	b9 86 29	lda $2986,y	    lda ETH_RX_FRAME_PAYLOAD+8+237,y
.5f11	c9 82		cmp #$82	    cmp #DHCP_MAGIC_1
.5f13	d3 eb 00	bne $6000	    bne _out
.5f16	b9 87 29	lda $2987,y	    lda ETH_RX_FRAME_PAYLOAD+8+238,y
.5f19	c9 53		cmp #$53	    cmp #DHCP_MAGIC_2
.5f1b	d3 e3 00	bne $6000	    bne _out
.5f1e	b9 88 29	lda $2988,y	    lda ETH_RX_FRAME_PAYLOAD+8+239,y
.5f21	c9 63		cmp #$63	    cmp #DHCP_MAGIC_3
.5f23	d3 db 00	bne $6000	    bne _out
.5f26	a9 06		lda #$06	    lda #$06
.5f28	20 01 60	jsr $6001	    jsr DHCP_PARSE_OPTIONS
.5f2b	a9 07		lda #$07	    lda #$07
.5f2d	ad 5d 5a	lda $5a5d	    lda dhcp_msg_type
.5f30	c9 02		cmp #$02	    cmp #DHCPOFFER
.5f32	f0 09		beq $5f3d	    beq _maybe_offer
.5f34	c9 05		cmp #$05	    cmp #DHCPACK
.5f36	f0 0d		beq $5f45	    beq _maybe_ack
.5f38	c9 06		cmp #$06	    cmp #DHCPNAK
.5f3a	f0 11		beq $5f4d	    beq _maybe_nak
.5f3c	60		rts		    rts
.5f3d					_maybe_offer:
.5f3d	ad 25 5a	lda $5a25	    lda DHCP_STATE
.5f40	c9 01		cmp #$01	    cmp #DHCP_STATE_DISCOVER_SENT
.5f42	f0 12		beq $5f56	    beq _got_offer
.5f44	60		rts		    rts
.5f45					_maybe_ack:
.5f45	ad 25 5a	lda $5a25	    lda DHCP_STATE
.5f48	c9 03		cmp #$03	    cmp #DHCP_STATE_REQUEST_SENT
.5f4a	f0 58		beq $5fa4	    beq _got_ack
.5f4c	60		rts		    rts
.5f4d					_maybe_nak:
.5f4d	ad 25 5a	lda $5a25	    lda DHCP_STATE
.5f50	c9 03		cmp #$03	    cmp #DHCP_STATE_REQUEST_SENT
.5f52	f3 a2 00	beq $5ff6	    beq _got_nak
.5f55	60		rts		    rts
.5f56					_got_offer:
.5f56	a9 08		lda #$08	    lda #$08
.5f58	a9 02		lda #$02	    lda #DHCP_STATE_OFFER_SEEN
.5f5a	8d 25 5a	sta $5a25	    sta DHCP_STATE
.5f5d	a0 00		ldy #$00	    ldy #0
.5f5f	ad 2f 5a	lda $5a2f	    lda DHCP_SERVER_ID+0
.5f62	0d 30 5a	ora $5a30	    ora DHCP_SERVER_ID+1
.5f65	0d 31 5a	ora $5a31	    ora DHCP_SERVER_ID+2
.5f68	0d 32 5a	ora $5a32	    ora DHCP_SERVER_ID+3
.5f6b	d0 18		bne $5f85	    bne _srv_ok
.5f6d	ad 9d 28	lda $289d	    lda ETH_RX_FRAME_PAYLOAD+12
.5f70	8d 2f 5a	sta $5a2f	    sta DHCP_SERVER_ID+0
.5f73	ad 9e 28	lda $289e	    lda ETH_RX_FRAME_PAYLOAD+13
.5f76	8d 30 5a	sta $5a30	    sta DHCP_SERVER_ID+1
.5f79	ad 9f 28	lda $289f	    lda ETH_RX_FRAME_PAYLOAD+14
.5f7c	8d 31 5a	sta $5a31	    sta DHCP_SERVER_ID+2
.5f7f	ad a0 28	lda $28a0	    lda ETH_RX_FRAME_PAYLOAD+15
.5f82	8d 32 5a	sta $5a32	    sta DHCP_SERVER_ID+3
.5f85					_srv_ok:
.5f85	20 64 72	jsr $7264	    jsr DHCP_REMEMBER_OFFER_SERVER_IMPL
.5f88	90 01		bcc $5f8b	    bcc +
.5f8a	60		rts		    rts
.5f8b					+
.5f8b	20 82 5c	jsr $5c82	    jsr DHCP_SEND_REQUEST
.5f8e	b0 10		bcs $5fa0	    bcs _offer_request_tx_busy
.5f90	a9 00		lda #$00	    lda #$00
.5f92	8d 4e 5a	sta $5a4e	    sta DHCP_REQUEST_IS_RENEW
.5f95	a9 03		lda #$03	    lda #DHCP_STATE_REQUEST_SENT
.5f97	8d 25 5a	sta $5a25	    sta DHCP_STATE
.5f9a	a9 00		lda #$00	    lda #$00
.5f9c	8d 26 5a	sta $5a26	    sta DHCP_RETRY_TICKS
.5f9f	60		rts		    rts
.5fa0					_offer_request_tx_busy:
.5fa0	20 b2 5b	jsr $5bb2	    jsr DHCP_RETRY_SOON
.5fa3	60		rts		    rts
.5fa4					_got_ack:
.5fa4	a9 09		lda #$09	    lda #$09
.5fa6	20 f3 5f	jsr $5ff3	    jsr _dhcp_ack_sanity
.5fa9	90 03		bcc $5fae	    bcc _ack_sane
.5fab	a9 0b		lda #$0b	    lda #$0b
.5fad	60		rts		    rts
.5fae					_ack_sane:
.5fae	a0 00		ldy #$00	    ldy #0
.5fb0	b9 37 5a	lda $5a37,y	-   lda DHCP_OFFER_IP,y
.5fb3	99 00 21	sta $2100,y	    sta LOCAL_IP,y
.5fb6	b9 51 5a	lda $5a51,y	    lda opt_mask,y
.5fb9	99 10 21	sta $2110,y	    sta SUBNET_MASK,y
.5fbc	b9 55 5a	lda $5a55,y	    lda opt_router,y
.5fbf	99 0c 21	sta $210c,y	    sta GATEWAY_IP,y
.5fc2	c8		iny		    iny
.5fc3	c0 04		cpy #$04	    cpy #4
.5fc5	d0 e9		bne $5fb0	    bne -
.5fc7	ad 59 5a	lda $5a59	    lda opt_dns+0
.5fca	0d 5a 5a	ora $5a5a	    ora opt_dns+1
.5fcd	0d 5b 5a	ora $5a5b	    ora opt_dns+2
.5fd0	0d 5c 5a	ora $5a5c	    ora opt_dns+3
.5fd3	f0 0d		beq $5fe2	    beq _ack_dns_done
.5fd5	a0 00		ldy #$00	    ldy #0
.5fd7	b9 59 5a	lda $5a59,y	-   lda opt_dns,y
.5fda	99 14 21	sta $2114,y	    sta PRIMARY_DNS,y
.5fdd	c8		iny		    iny
.5fde	c0 04		cpy #$04	    cpy #4
.5fe0	d0 f5		bne $5fd7	    bne -
.5fe2					_ack_dns_done:
.5fe2	20 5f 5b	jsr $5b5f	    jsr DHCP_SCHEDULE_RENEWAL
.5fe5	a9 04		lda #$04	    lda #DHCP_STATE_BOUND
.5fe7	8d 25 5a	sta $5a25	    sta DHCP_STATE
.5fea	a9 00		lda #$00	    lda #0
.5fec	8d 4e 5a	sta $5a4e	    sta DHCP_REQUEST_IS_RENEW
.5fef	8d 24 5a	sta $5a24	    sta DHCP_IN_PROGRESS
.5ff2	60		rts		    rts
.5ff3					_dhcp_ack_sanity:
.5ff3	4c 83 72	jmp $7283	    jmp DHCP_ACK_SANITY_IMPL
.5ff6					_got_nak:
.5ff6	a9 0a		lda #$0a	    lda #$0a
.5ff8	a9 00		lda #$00	    lda #0
.5ffa	8d 5d 5a	sta $5a5d	    sta dhcp_msg_type
.5ffd	4c 63 5a	jmp $5a63	    jmp DHCP_RESTART_DISCOVERY
.6000					_out:
.6000	60		rts		    rts
.6001					DHCP_PARSE_OPTIONS:
.6001	a9 00		lda #$00	    lda #0
.6003	8d 5d 5a	sta $5a5d	    sta dhcp_msg_type
.6006	a0 00		ldy #$00	    ldy #0
.6008					_clear4:
.6008	99 51 5a	sta $5a51,y	    sta opt_mask,y
.600b	99 55 5a	sta $5a55,y	    sta opt_router,y
.600e	99 59 5a	sta $5a59,y	    sta opt_dns,y
.6011	99 2f 5a	sta $5a2f,y	    sta DHCP_SERVER_ID,y
.6014	99 3b 5a	sta $5a3b,y	    sta DHCP_LEASE_SECS,y
.6017	c8		iny		    iny
.6018	c0 04		cpy #$04	    cpy #4
.601a	d0 ec		bne $6008	    bne _clear4
.601c	a9 91		lda #$91	    lda #<ETH_RX_FRAME_PAYLOAD
.601e	8d 45 5a	sta $5a45	    sta DHCP_OPTS_BASE_LO
.6021	a9 28		lda #$28	    lda #>ETH_RX_FRAME_PAYLOAD
.6023	8d 46 5a	sta $5a46	    sta DHCP_OPTS_BASE_HI
.6026	ad 45 5a	lda $5a45	    lda DHCP_OPTS_BASE_LO
.6029	18		clc		    clc
.602a	6d 42 5a	adc $5a42	    adc DHCP_IP_IHL_BYTES
.602d	8d 45 5a	sta $5a45	    sta DHCP_OPTS_BASE_LO
.6030	ad 46 5a	lda $5a46	    lda DHCP_OPTS_BASE_HI
.6033	69 00		adc #$00	    adc #0
.6035	8d 46 5a	sta $5a46	    sta DHCP_OPTS_BASE_HI
.6038	ac 42 5a	ldy $5a42	    ldy DHCP_IP_IHL_BYTES
.603b	b9 95 28	lda $2895,y	    lda ETH_RX_FRAME_PAYLOAD+4,y      ; UDP length hi
.603e	8d 77 62	sta $6277	    sta _tmp_hi
.6041	b9 96 28	lda $2896,y	    lda ETH_RX_FRAME_PAYLOAD+5,y      ; UDP length lo
.6044	8d 78 62	sta $6278	    sta _tmp_lo
.6047	38		sec		    sec
.6048	ad 78 62	lda $6278	    lda _tmp_lo
.604b	e9 08		sbc #$08	    sbc #8
.604d	8d 78 62	sta $6278	    sta _tmp_lo
.6050	ad 77 62	lda $6277	    lda _tmp_hi
.6053	e9 00		sbc #$00	    sbc #0
.6055	8d 77 62	sta $6277	    sta _tmp_hi
.6058	38		sec		    sec
.6059	ad 78 62	lda $6278	    lda _tmp_lo
.605c	e9 f0		sbc #$f0	    sbc #240
.605e	8d 78 62	sta $6278	    sta _tmp_lo
.6061	ad 77 62	lda $6277	    lda _tmp_hi
.6064	e9 00		sbc #$00	    sbc #0
.6066	8d 77 62	sta $6277	    sta _tmp_hi
.6069	ad 77 62	lda $6277	    lda _tmp_hi
.606c	30 0c		bmi $607a	    bmi _opts_none              ; negative
.606e	d0 06		bne $6076	    bne _opts_ff                ; > 255
.6070	ad 78 62	lda $6278	    lda _tmp_lo                 ; 0..255
.6073	4c 7c 60	jmp $607c	    jmp _opts_store
.6076					_opts_ff:
.6076	a9 ff		lda #$ff	    lda #$FF
.6078	d0 02		bne $607c	    bne _opts_store
.607a					_opts_none:
.607a	a9 00		lda #$00	    lda #$00
.607c					_opts_store:
.607c	8d 47 5a	sta $5a47	    sta DHCP_OPTS_MAXY
.607f	ad 45 5a	lda $5a45	    lda DHCP_OPTS_BASE_LO
.6082	18		clc		    clc
.6083	69 08		adc #$08	    adc #8
.6085	8d 45 5a	sta $5a45	    sta DHCP_OPTS_BASE_LO
.6088	ad 46 5a	lda $5a46	    lda DHCP_OPTS_BASE_HI
.608b	69 00		adc #$00	    adc #0
.608d	8d 46 5a	sta $5a46	    sta DHCP_OPTS_BASE_HI
.6090	ad 45 5a	lda $5a45	    lda DHCP_OPTS_BASE_LO
.6093	18		clc		    clc
.6094	69 f0		adc #$f0	    adc #240
.6096	8d 45 5a	sta $5a45	    sta DHCP_OPTS_BASE_LO
.6099	ad 46 5a	lda $5a46	    lda DHCP_OPTS_BASE_HI
.609c	69 00		adc #$00	    adc #0
.609e	8d 46 5a	sta $5a46	    sta DHCP_OPTS_BASE_HI
.60a1	ad 45 5a	lda $5a45	    lda DHCP_OPTS_BASE_LO
.60a4	8d 7a 62	sta $627a	    sta OPTRD+1
.60a7	ad 46 5a	lda $5a46	    lda DHCP_OPTS_BASE_HI
.60aa	8d 7b 62	sta $627b	    sta OPTRD+2
.60ad	a0 00		ldy #$00	    ldy #0
.60af					_next:
.60af	cc 47 5a	cpy $5a47	    cpy DHCP_OPTS_MAXY
.60b2	b3 bf 01	bcs $6273	    bcs _done
.60b5	20 79 62	jsr $6279	    jsr DHCP_OPTS_RD_A           ; A = option code
.60b8	c9 ff		cmp #$ff	    cmp #DHCP_OPT_END
.60ba	f3 b7 01	beq $6273	    beq _done
.60bd	c9 00		cmp #$00	    cmp #$00
.60bf	f0 42		beq $6103	    beq _pad
.60c1	8d 74 62	sta $6274	    sta _code
.60c4	c8		iny		    iny
.60c5	cc 47 5a	cpy $5a47	    cpy DHCP_OPTS_MAXY
.60c8	b3 a9 01	bcs $6273	    bcs _done                     ; avoid overrun if malformed at end
.60cb	20 79 62	jsr $6279	    jsr DHCP_OPTS_RD_A           ; A = length
.60ce	8d 75 62	sta $6275	    sta _len
.60d1	c8		iny		    iny
.60d2	ad 74 62	lda $6274	    lda _code
.60d5	c9 35		cmp #$35	    cmp #DHCP_OPT_MESSAGE_TYPE
.60d7	f0 34		beq $610d	    beq _opt_msg
.60d9	c9 36		cmp #$36	    cmp #DHCP_OPT_SERVER_ID
.60db	f0 5a		beq $6137	    beq _opt_svid
.60dd	c9 01		cmp #$01	    cmp #DHCP_OPT_SUBNET_MASK
.60df	f3 96 00	beq $6177	    beq _opt_mask
.60e2	c9 03		cmp #$03	    cmp #DHCPopt_router
.60e4	f3 d1 00	beq $61b7	    beq _opt_rtr
.60e7	c9 06		cmp #$06	    cmp #DHCPopt_dns
.60e9	f3 0c 01	beq $61f7	    beq _opt_dns
.60ec	c9 33		cmp #$33	    cmp #DHCP_OPT_LEASE_TIME
.60ee	f3 45 01	beq $6235	    beq _opt_lease
.60f1	ae 75 62	ldx $6275	    ldx _len
.60f4	f0 b9		beq $60af	    beq _next
.60f6					_skip_unknown:
.60f6	c8		iny		    iny
.60f7	cc 47 5a	cpy $5a47	    cpy DHCP_OPTS_MAXY
.60fa	b3 77 01	bcs $6273	    bcs _done
.60fd	ca		dex		    dex
.60fe	d0 f6		bne $60f6	    bne _skip_unknown
.6100	4c af 60	jmp $60af	    jmp _next
.6103					_pad:
.6103	c8		iny		    iny
.6104	cc 47 5a	cpy $5a47	    cpy DHCP_OPTS_MAXY
.6107	b3 6a 01	bcs $6273	    bcs _done
.610a	4c af 60	jmp $60af	    jmp _next
.610d					_opt_msg:
.610d	ad 75 62	lda $6275	    lda _len
.6110	f0 9d		beq $60af	    beq _next
.6112	cc 47 5a	cpy $5a47	    cpy DHCP_OPTS_MAXY
.6115	b3 5c 01	bcs $6273	    bcs _done
.6118	20 79 62	jsr $6279	    jsr DHCP_OPTS_RD_A
.611b	8d 5d 5a	sta $5a5d	    sta dhcp_msg_type
.611e	c8		iny		    iny
.611f	ad 75 62	lda $6275	    lda _len
.6122	38		sec		    sec
.6123	e9 01		sbc #$01	    sbc #1
.6125	aa		tax		    tax
.6126					_opt_msg_skip_extra:
.6126	e0 00		cpx #$00	    cpx #0
.6128	f0 85		beq $60af	    beq _next
.612a	cc 47 5a	cpy $5a47	    cpy DHCP_OPTS_MAXY
.612d	b3 44 01	bcs $6273	    bcs _done
.6130	c8		iny		    iny
.6131	ca		dex		    dex
.6132	d0 f2		bne $6126	    bne _opt_msg_skip_extra
.6134	4c af 60	jmp $60af	    jmp _next
.6137					_opt_svid:
.6137	ad 75 62	lda $6275	    lda _len
.613a	f3 73 ff	beq $60af	    beq _next
.613d	c9 04		cmp #$04	    cmp #4
.613f	90 02		bcc $6143	    bcc _svid_len_ok
.6141	a9 04		lda #$04	    lda #4
.6143					_svid_len_ok:
.6143	8d 76 62	sta $6276	    sta _cp                      ; copy count
.6146	a2 00		ldx #$00	    ldx #0
.6148					_svid_copy_loop:
.6148	ec 76 62	cpx $6276	    cpx _cp
.614b	f0 10		beq $615d	    beq _svid_after_copy
.614d	cc 47 5a	cpy $5a47	    cpy DHCP_OPTS_MAXY
.6150	b3 21 01	bcs $6273	    bcs _done
.6153	20 79 62	jsr $6279	    jsr DHCP_OPTS_RD_A
.6156	9d 2f 5a	sta $5a2f,x	    sta DHCP_SERVER_ID,x
.6159	c8		iny		    iny
.615a	e8		inx		    inx
.615b	d0 eb		bne $6148	    bne _svid_copy_loop
.615d					_svid_after_copy:
.615d	ad 75 62	lda $6275	    lda _len
.6160	38		sec		    sec
.6161	ed 76 62	sbc $6276	    sbc _cp
.6164	aa		tax		    tax
.6165					_svid_skip_extra:
.6165	e0 00		cpx #$00	    cpx #0
.6167	f3 46 ff	beq $60af	    beq _next
.616a	c8		iny		    iny
.616b	cc 47 5a	cpy $5a47	    cpy DHCP_OPTS_MAXY
.616e	b3 03 01	bcs $6273	    bcs _done
.6171	ca		dex		    dex
.6172	d0 f1		bne $6165	    bne _svid_skip_extra
.6174	4c af 60	jmp $60af	    jmp _next
.6177					_opt_mask:
.6177	ad 75 62	lda $6275	    lda _len
.617a	f3 33 ff	beq $60af	    beq _next
.617d	c9 04		cmp #$04	    cmp #4
.617f	90 02		bcc $6183	    bcc _mask_len_ok
.6181	a9 04		lda #$04	    lda #4
.6183					_mask_len_ok:
.6183	8d 76 62	sta $6276	    sta _cp
.6186	a2 00		ldx #$00	    ldx #0
.6188					_mask_copy_loop:
.6188	ec 76 62	cpx $6276	    cpx _cp
.618b	f0 10		beq $619d	    beq _mask_after_copy
.618d	cc 47 5a	cpy $5a47	    cpy DHCP_OPTS_MAXY
.6190	b3 e1 00	bcs $6273	    bcs _done
.6193	20 79 62	jsr $6279	    jsr DHCP_OPTS_RD_A
.6196	9d 51 5a	sta $5a51,x	    sta opt_mask,x
.6199	c8		iny		    iny
.619a	e8		inx		    inx
.619b	d0 eb		bne $6188	    bne _mask_copy_loop
.619d					_mask_after_copy:
.619d	ad 75 62	lda $6275	    lda _len
.61a0	38		sec		    sec
.61a1	ed 76 62	sbc $6276	    sbc _cp
.61a4	aa		tax		    tax
.61a5					_mask_skip_extra:
.61a5	e0 00		cpx #$00	    cpx #0
.61a7	f3 06 ff	beq $60af	    beq _next
.61aa	c8		iny		    iny
.61ab	cc 47 5a	cpy $5a47	    cpy DHCP_OPTS_MAXY
.61ae	b3 c3 00	bcs $6273	    bcs _done
.61b1	ca		dex		    dex
.61b2	d0 f1		bne $61a5	    bne _mask_skip_extra
.61b4	4c af 60	jmp $60af	    jmp _next
.61b7					_opt_rtr:
.61b7	ad 75 62	lda $6275	    lda _len
.61ba	f3 f3 fe	beq $60af	    beq _next
.61bd	c9 04		cmp #$04	    cmp #4
.61bf	90 02		bcc $61c3	    bcc _rtr_len_ok
.61c1	a9 04		lda #$04	    lda #4
.61c3					_rtr_len_ok:
.61c3	8d 76 62	sta $6276	    sta _cp
.61c6	a2 00		ldx #$00	    ldx #0
.61c8					_rtr_copy_loop:
.61c8	ec 76 62	cpx $6276	    cpx _cp
.61cb	f0 10		beq $61dd	    beq _rtr_after_copy
.61cd	cc 47 5a	cpy $5a47	    cpy DHCP_OPTS_MAXY
.61d0	b3 a1 00	bcs $6273	    bcs _done
.61d3	20 79 62	jsr $6279	    jsr DHCP_OPTS_RD_A
.61d6	9d 55 5a	sta $5a55,x	    sta opt_router,x
.61d9	c8		iny		    iny
.61da	e8		inx		    inx
.61db	d0 eb		bne $61c8	    bne _rtr_copy_loop
.61dd					_rtr_after_copy:
.61dd	ad 75 62	lda $6275	    lda _len
.61e0	38		sec		    sec
.61e1	ed 76 62	sbc $6276	    sbc _cp
.61e4	aa		tax		    tax
.61e5					_rtr_skip_loop:
.61e5	e0 00		cpx #$00	    cpx #0
.61e7	f3 c6 fe	beq $60af	    beq _next
.61ea	c8		iny		    iny
.61eb	cc 47 5a	cpy $5a47	    cpy DHCP_OPTS_MAXY
.61ee	b3 83 00	bcs $6273	    bcs _done
.61f1	ca		dex		    dex
.61f2	d0 f1		bne $61e5	    bne _rtr_skip_loop
.61f4	4c af 60	jmp $60af	    jmp _next
.61f7					_opt_dns:
.61f7	ad 75 62	lda $6275	    lda _len
.61fa	f3 b3 fe	beq $60af	    beq _next
.61fd	c9 04		cmp #$04	    cmp #4
.61ff	90 02		bcc $6203	    bcc _dns_len_ok
.6201	a9 04		lda #$04	    lda #4
.6203					_dns_len_ok:
.6203	8d 76 62	sta $6276	    sta _cp
.6206	a2 00		ldx #$00	    ldx #0
.6208					_dns_copy_loop:
.6208	ec 76 62	cpx $6276	    cpx _cp
.620b	f0 0f		beq $621c	    beq _dns_after_copy
.620d	cc 47 5a	cpy $5a47	    cpy DHCP_OPTS_MAXY
.6210	b0 61		bcs $6273	    bcs _done
.6212	20 79 62	jsr $6279	    jsr DHCP_OPTS_RD_A
.6215	9d 59 5a	sta $5a59,x	    sta opt_dns,x
.6218	c8		iny		    iny
.6219	e8		inx		    inx
.621a	d0 ec		bne $6208	    bne _dns_copy_loop
.621c					_dns_after_copy:
.621c	ad 75 62	lda $6275	    lda _len
.621f	38		sec		    sec
.6220	ed 76 62	sbc $6276	    sbc _cp
.6223	aa		tax		    tax
.6224					_dns_skip_loop:
.6224	e0 00		cpx #$00	    cpx #0
.6226	f3 87 fe	beq $60af	    beq _next
.6229	c8		iny		    iny
.622a	cc 47 5a	cpy $5a47	    cpy DHCP_OPTS_MAXY
.622d	b0 44		bcs $6273	    bcs _done
.622f	ca		dex		    dex
.6230	d0 f2		bne $6224	    bne _dns_skip_loop
.6232	4c af 60	jmp $60af	    jmp _next
.6235					_opt_lease:
.6235	ad 75 62	lda $6275	    lda _len
.6238	f3 75 fe	beq $60af	    beq _next
.623b	c9 04		cmp #$04	    cmp #4
.623d	90 02		bcc $6241	    bcc _lease_len_ok
.623f	a9 04		lda #$04	    lda #4
.6241					_lease_len_ok:
.6241	8d 76 62	sta $6276	    sta _cp
.6244	a2 00		ldx #$00	    ldx #0
.6246					_lease_copy_loop:
.6246	ec 76 62	cpx $6276	    cpx _cp
.6249	f0 0f		beq $625a	    beq _lease_after_copy
.624b	cc 47 5a	cpy $5a47	    cpy DHCP_OPTS_MAXY
.624e	b0 23		bcs $6273	    bcs _done
.6250	20 79 62	jsr $6279	    jsr DHCP_OPTS_RD_A
.6253	9d 3b 5a	sta $5a3b,x	    sta DHCP_LEASE_SECS,x
.6256	c8		iny		    iny
.6257	e8		inx		    inx
.6258	d0 ec		bne $6246	    bne _lease_copy_loop
.625a					_lease_after_copy:
.625a	ad 75 62	lda $6275	    lda _len
.625d	38		sec		    sec
.625e	ed 76 62	sbc $6276	    sbc _cp
.6261	aa		tax		    tax
.6262					_lease_skip_loop:
.6262	e0 00		cpx #$00	    cpx #0
.6264	f3 49 fe	beq $60af	    beq _next
.6267	c8		iny		    iny
.6268	cc 47 5a	cpy $5a47	    cpy DHCP_OPTS_MAXY
.626b	b0 06		bcs $6273	    bcs _done
.626d	ca		dex		    dex
.626e	d0 f2		bne $6262	    bne _lease_skip_loop
.6270	4c af 60	jmp $60af	    jmp _next
.6273					_done:
.6273	60		rts		    rts
>6274	00				_code:      .byte 0
>6275	00				_len:       .byte 0
>6276	00				_cp:        .byte 0
>6277	00				_tmp_hi     .byte 0
>6278	00				_tmp_lo     .byte 0
.6279					DHCP_OPTS_RD_A:
.6279					OPTRD:
.6279	b9 ff ff	lda $ffff,y	    lda $FFFF,y
.627c	60		rts		    rts

;******  Return to file: mega-ip/eth.asm

.627d					ETH_DNS_LOOKUP:
.627d	20 ca 62	jsr $62ca	    jsr COPY_ASTR_TO_DNS_HOST
.6280					DNS_LOOKUP_HOSTSTR:
.6280	a9 b5		lda #$b5	    lda #<host_str
.6282	a2 21		ldx #$21	    ldx #>host_str
.6284	20 db 53	jsr $53db	    jsr DNS_RESOLVE_START
.6287	b0 2c		bcs $62b5	    bcs DNS_LOOKUP_FAIL       ; carry set means input label too long etc.
.6289					DNS_LOOKUP_WAIT:
.6289	20 67 54	jsr $5467	    jsr DNS_POLL              ; A = 0 idle, 1 wait, 2 done, 3 fail
.628c	c9 02		cmp #$02	    cmp #DNS_STATE_DONE
.628e	f0 0a		beq $629a	    beq DNS_LOOKUP_RESOLVED
.6290	c9 03		cmp #$03	    cmp #DNS_STATE_FAIL
.6292	f0 21		beq $62b5	    beq DNS_LOOKUP_FAIL
.6294	20 75 4a	jsr $4a75	    jsr ETH_STATUS_POLL       ; or your driver tick, which calls DNS_TICK
.6297	4c 89 62	jmp $6289	    jmp DNS_LOOKUP_WAIT
.629a					DNS_LOOKUP_RESOLVED:
.629a	ad 99 50	lda $5099	    lda DNS_RESULT_IP+0
.629d	8d 06 21	sta $2106	    sta REMOTE_IP+0
.62a0	ad 9a 50	lda $509a	    lda DNS_RESULT_IP+1
.62a3	8d 07 21	sta $2107	    sta REMOTE_IP+1
.62a6	ad 9b 50	lda $509b	    lda DNS_RESULT_IP+2
.62a9	8d 08 21	sta $2108	    sta REMOTE_IP+2
.62ac	ad 9c 50	lda $509c	    lda DNS_RESULT_IP+3
.62af	8d 09 21	sta $2109	    sta REMOTE_IP+3
.62b2	a9 01		lda #$01	    lda #$01
.62b4	60		rts		    rts
.62b5					DNS_LOOKUP_FAIL:
.62b5	a9 00		lda #$00	    lda #$00
.62b7	8d 06 21	sta $2106	    sta REMOTE_IP+0
.62ba	8d 07 21	sta $2107	    sta REMOTE_IP+1
.62bd	8d 08 21	sta $2108	    sta REMOTE_IP+2
.62c0	8d 09 21	sta $2109	    sta REMOTE_IP+3
.62c3	a9 00		lda #$00	    lda #$00
.62c5	60		rts		    rts
.62c6					ETH_GET_DNS_STATE:
.62c6	ad 9d 50	lda $509d	    lda DNS_STATE
.62c9	60		rts		    rts
.62ca					COPY_ASTR_TO_DNS_HOST:
.62ca	a5 45		lda $45		    lda $45
.62cc	48		pha		    pha
.62cd	a5 46		lda $46		    lda $46
.62cf	48		pha		    pha
.62d0	a5 47		lda $47		    lda $47
.62d2	48		pha		    pha
.62d3	a5 48		lda $48		    lda $48
.62d5	48		pha		    pha
.62d6	a9 60		lda #$60	    lda #<$FD60
.62d8	85 45		sta $45		    sta $45
.62da	a9 fd		lda #$fd	    lda #>$FD60
.62dc	85 46		sta $46		    sta $46
.62de	a9 00		lda #$00	    lda #`$FD60
.62e0	85 47		sta $47		    sta $47
.62e2	a9 00		lda #$00	    lda #$00
.62e4	85 48		sta $48		    sta $48
.62e6	a3 00		ldz #$00	    ldz #$00
.62e8	ea		nop		    lda [$45],z
.62e9	b2 45		lda ($45),z
.62eb	4b		taz		    taz
.62ec	68		pla		    pla
.62ed	85 48		sta $48		    sta $48
.62ef	68		pla		    pla
.62f0	85 47		sta $47		    sta $47
.62f2	68		pla		    pla
.62f3	85 46		sta $46		    sta $46
.62f5	68		pla		    pla
.62f6	85 45		sta $45		    sta $45
.62f8	6b		tza		    tza
.62f9	f3 91 00	beq $638c	    beq _exit
.62fc	c9 80		cmp #$80	    cmp #DNS_HOST_BUFFER_SIZE
.62fe	90 02		bcc $6302	    bcc _dns_len_ok
.6300	a9 7f		lda #$7f	    lda #DNS_HOST_MAX
.6302					_dns_len_ok:
.6302	8d 79 63	sta $6379	    sta _var_len
.6305	a9 00		lda #$00	    lda #$00
.6307	8d 7a 63	sta $637a	    sta _var_len+1            ; DMA length MSB = 0
.630a	a5 45		lda $45		    lda $45
.630c	48		pha		    pha
.630d	a5 46		lda $46		    lda $46
.630f	48		pha		    pha
.6310	a5 47		lda $47		    lda $47
.6312	48		pha		    pha
.6313	a5 48		lda $48		    lda $48
.6315	48		pha		    pha
.6316	a9 61		lda #$61	    lda #<$FD61
.6318	85 45		sta $45		    sta $45
.631a	a9 fd		lda #$fd	    lda #>$FD61
.631c	85 46		sta $46		    sta $46
.631e	a9 00		lda #$00	    lda #`$FD61
.6320	85 47		sta $47		    sta $47
.6322	a9 00		lda #$00	    lda #$00
.6324	85 48		sta $48		    sta $48
.6326	a3 00		ldz #$00	    ldz #$00
.6328	ea		nop		    lda [$45],z
.6329	b2 45		lda ($45),z
.632b	4b		taz		    taz
.632c	68		pla		    pla
.632d	85 48		sta $48		    sta $48
.632f	68		pla		    pla
.6330	85 47		sta $47		    sta $47
.6332	68		pla		    pla
.6333	85 46		sta $46		    sta $46
.6335	68		pla		    pla
.6336	85 45		sta $45		    sta $45
.6338	6b		tza		    tza
.6339	8d 7b 63	sta $637b	    sta _var_addr
.633c	a5 45		lda $45		    lda $45
.633e	48		pha		    pha
.633f	a5 46		lda $46		    lda $46
.6341	48		pha		    pha
.6342	a5 47		lda $47		    lda $47
.6344	48		pha		    pha
.6345	a5 48		lda $48		    lda $48
.6347	48		pha		    pha
.6348	a9 62		lda #$62	    lda #<$FD62
.634a	85 45		sta $45		    sta $45
.634c	a9 fd		lda #$fd	    lda #>$FD62
.634e	85 46		sta $46		    sta $46
.6350	a9 00		lda #$00	    lda #`$FD62
.6352	85 47		sta $47		    sta $47
.6354	a9 00		lda #$00	    lda #$00
.6356	85 48		sta $48		    sta $48
.6358	a3 00		ldz #$00	    ldz #$00
.635a	ea		nop		    lda [$45],z
.635b	b2 45		lda ($45),z
.635d	4b		taz		    taz
.635e	68		pla		    pla
.635f	85 48		sta $48		    sta $48
.6361	68		pla		    pla
.6362	85 47		sta $47		    sta $47
.6364	68		pla		    pla
.6365	85 46		sta $46		    sta $46
.6367	68		pla		    pla
.6368	85 45		sta $45		    sta $45
.636a	6b		tza		    tza
.636b	8d 7c 63	sta $637c	    sta _var_addr+1
.636e	a9 00		lda #$00	    lda #$00
.6370	8d 07 d7	sta $d707	    sta $D707
>6373	80				    .byte $80                                   ; enhanced dma - src bits 20-27
>6374	00				    .byte $00   ; src hi
>6375	81				    .byte $81                                   ; enhanced dma - dest bits 20-27
>6376	00				    .byte $00   ; dest hi
>6377	00				    .byte $00                                   ; end of job options
>6378	00				    .byte $00                                   ; copy
.6379					_var_len:
>6379	00				    .byte $00 ; <\length,
>637a	00				    .byte $00 ; >\length                    ; length lsb, msb
.637b					_var_addr:
>637b	00 00 01			    .byte $00, $00, $01                     ; src lsb, msb, bank 1 for string var data
.637e					_dest_addr:
>637e	b5 21 00			    .byte <host_str, >host_str, EXEC_BANK             ; dest lsb, msb, bank
>6381	00				    .byte $00                                   ; command high byte
>6382	00 00				    .word $0000                                 ; modulo (ignored)
.6384	a9 00		lda #$00	    lda #$00
.6386	ac 79 63	ldy $6379	    ldy _var_len
.6389	99 b5 21	sta $21b5,y	    sta host_str, y
.638c					_exit:
.638c	60		rts		    rts
.638d					ETH_GET_DNS_RESULT_IP:
.638d	ad 99 50	lda $5099	    lda DNS_RESULT_IP
.6390	ae 9a 50	ldx $509a	    ldx DNS_RESULT_IP+1
.6393	ac 9b 50	ldy $509b	    ldy DNS_RESULT_IP+2
.6396	ab 9c 50	ldz $509c	    ldz DNS_RESULT_IP+3
.6399	60		rts		    rts
.639a					ETH_RX_ROTATE:
.639a	a9 01		lda #$01	    lda #$01
.639c	8d e1 d6	sta $d6e1	    sta MEGA65_ETH_CTRL2
.639f	a9 03		lda #$03	    lda #$03
.63a1	8d e1 d6	sta $d6e1	    sta MEGA65_ETH_CTRL2
.63a4	60		rts		    rts
.63a5					ETH_RCV:
.63a5	20 0f 32	jsr $320f	    jsr MEGA65_IO_ENABLE
.63a8	ad e1 d6	lda $d6e1	    lda MEGA65_ETH_CTRL2
.63ab	29 20		and #$20	    and #%00100000                  ; check RX bit for waiting frame
.63ad	d0 01		bne $63b0	    bne _latch_frame
.63af	60		rts		    rts
.63b0					_latch_frame:
.63b0	08		php		    php
.63b1	78		sei		    sei
.63b2	8d 07 d7	sta $d707	    sta $D707
>63b5	80				    .byte $80                   ; enhanced dma - src bits 20-27
>63b6	ff				    .byte $ff                   ; ----------------------^
>63b7	81				    .byte $81                   ; enhanced dma - dest bits 20-27
>63b8	00				    .byte $00
>63b9	00				    .byte $00                   ; end of job options
>63ba	00				    .byte $00                   ; copy
>63bb	02 00				    .byte $02, $00              ; length = 2 metadata bytes
>63bd	00 e8 0d			    .byte $00, $e8, $0d         ; src eth RX buffer metadata ($ffde800)
>63c0	b1 21 00			    .byte <RX_META0, >RX_META0, EXEC_BANK
>63c3	00				    .byte $00                   ; command high byte
>63c4	00 00				    .word $0000                 ; modulo (ignored)
.63c6	28		plp		    plp
.63c7	ad b1 21	lda $21b1	    lda RX_META0
.63ca	8d 66 64	sta $6466	    sta _len_lsb
.63cd	ad b2 21	lda $21b2	    lda RX_META1
.63d0	29 0f		and #$0f	    and #$0F
.63d2	8d 67 64	sta $6467	    sta _len_msb
.63d5	ad 67 64	lda $6467	    lda _len_msb
.63d8	0d 66 64	ora $6466	    ora _len_lsb
.63db	d0 04		bne $63e1	    bne _len_nonzero
.63dd	20 9a 63	jsr $639a	    jsr ETH_RX_ROTATE
.63e0	60		rts		    rts
.63e1					_len_nonzero:
.63e1					_chk_bad_crc:
.63e1	ad b2 21	lda $21b2	    lda RX_META1
.63e4	29 80		and #$80	    and #%10000000
.63e6	f0 04		beq $63ec	    beq _chk_multicast
.63e8	20 9a 63	jsr $639a	    jsr ETH_RX_ROTATE
.63eb	60		rts		    rts
.63ec					_chk_multicast:
.63ec	ad 24 5a	lda $5a24	    lda DHCP_IN_PROGRESS
.63ef	d0 10		bne $6401	    bne _chk_dest_ok
.63f1	ad 38 21	lda $2138	    lda TCP_LISTEN_ENABLED
.63f4	d0 0b		bne $6401	    bne _chk_dest_ok
.63f6	ad b2 21	lda $21b2	    lda RX_META1
.63f9	29 10		and #$10	    and #%00010000
.63fb	f0 04		beq $6401	    beq _chk_dest_ok
.63fd	20 9a 63	jsr $639a	    jsr ETH_RX_ROTATE
.6400	60		rts		    rts
.6401					_chk_dest_ok:
.6401	4c 04 64	jmp $6404	    jmp _accept_packet
.6404					_accept_packet:
.6404	ad 9d 50	lda $509d	    lda DNS_STATE
.6407	c9 01		cmp #$01	    cmp #DNS_STATE_WAIT
.6409	d0 00		bne $640b	    bne +
.640b					+
.640b	38		sec		    sec
.640c	ad 66 64	lda $6466	    lda _len_lsb
.640f	e9 04		sbc #$04	    sbc #$04
.6411	8d 66 64	sta $6466	    sta _len_lsb
.6414	ad 67 64	lda $6467	    lda _len_msb
.6417	e9 00		sbc #$00	    sbc #$00
.6419	8d 67 64	sta $6467	    sta _len_msb
.641c	b0 04		bcs $6422	    bcs _after_fcs                ; C=1 => no borrow
.641e	20 9a 63	jsr $639a	    jsr ETH_RX_ROTATE
.6421	60		rts		    rts
.6422					_after_fcs:
.6422	ad 67 64	lda $6467	    lda _len_msb
.6425	d0 0b		bne $6432	    bne _ge14_ok
.6427	ad 66 64	lda $6466	    lda _len_lsb
.642a	c9 0e		cmp #$0e	    cmp #$0E
.642c	b0 04		bcs $6432	    bcs _ge14_ok
.642e	20 9a 63	jsr $639a	    jsr ETH_RX_ROTATE
.6431	60		rts		    rts
.6432					_ge14_ok:
.6432	ad 67 64	lda $6467	    lda _len_msb
.6435	c9 06		cmp #$06	    cmp #$06
.6437	90 0d		bcc $6446	    bcc _do_copy                 ; < 0x0600 -> safe
.6439	d0 07		bne $6442	    bne _drop_oversize
.643b	ad 66 64	lda $6466	    lda _len_lsb
.643e	c9 4e		cmp #$4e	    cmp #$4E                      ; == 0x06 -> check low byte
.6440	90 04		bcc $6446	    bcc _do_copy                 ; <= 0x064D -> safe
.6442					_drop_oversize:
.6442	20 9a 63	jsr $639a	    jsr ETH_RX_ROTATE
.6445	60		rts		    rts
.6446					_do_copy:
.6446	ad 66 64	lda $6466	    lda _len_lsb
.6449	8d 48 21	sta $2148	    sta ETH_RX_FRAME_LEN_L
.644c	38		sec		    sec
.644d	e9 0e		sbc #$0e	    sbc #14
.644f	8d 4a 21	sta $214a	    sta ETH_RX_PAYLOAD_LEN_L
.6452	ad 67 64	lda $6467	    lda _len_msb
.6455	8d 49 21	sta $2149	    sta ETH_RX_FRAME_LEN_H
.6458	e9 00		sbc #$00	    sbc #0
.645a	8d 4b 21	sta $214b	    sta ETH_RX_PAYLOAD_LEN_H
.645d	08		php		    php
.645e	78		sei		    sei
.645f	8d 07 d7	sta $d707	    sta $D707
>6462	80				    .byte $80                   ; enhanced dma - src bits 20-27
>6463	ff				    .byte $ff                   ; ----------------------^
>6464	00				    .byte $00                   ; end of job options
>6465	00				    .byte $00                   ; copy
.6466					_len_lsb:
>6466	00				    .byte $00                   ; length lsb
.6467					_len_msb:
>6467	00				    .byte $00                   ; length msb
>6468	02 e8 0d			    .byte $02, $e8, $0d         ; src eth TX/RX buffer ($ffde802) (2nd byte, skipping length bytes)
>646b	83 28 00			    .byte <ETH_RX_FRAME_HEADER, >ETH_RX_FRAME_HEADER, EXEC_BANK   ; dest lsb, msb, bank
>646e	00				    .byte $00                   ; command high byte
>646f	00 00				    .word $0000                 ; modulo (ignored)
.6471	28		plp		    plp
.6472	20 9a 63	jsr $639a	    jsr ETH_RX_ROTATE
.6475	20 2e 65	jsr $652e	    jsr ETH_IS_PACKET_FOR_US
.6478	8d 79 6f	sta $6f79	    sta CONNECT_LAST_RX_DEST_CLASS
.647b	ad 8f 28	lda $288f	    lda ETH_RX_TYPE
.647e	ad 90 28	lda $2890	    lda ETH_RX_TYPE+1
.6481	ad 9a 28	lda $289a	    lda ETH_RX_FRAME_PAYLOAD+9
.6484	ad 79 6f	lda $6f79	    lda CONNECT_LAST_RX_DEST_CLASS
.6487	d0 0b		bne $6494	    bne _chk_eth_type
.6489	ad 9d 50	lda $509d	    lda DNS_STATE
.648c	c9 01		cmp #$01	    cmp #DNS_STATE_WAIT
.648e	d3 9d 00	bne $652d	    bne _unknown_packet
.6491	4c 2d 65	jmp $652d	    jmp _unknown_packet
.6494					_chk_eth_type:
.6494	ad 8f 28	lda $288f	    lda ETH_RX_TYPE
.6497	c9 08		cmp #$08	    cmp #$08
.6499	d3 92 00	bne $652d	    bne _unknown_packet
.649c	ad 90 28	lda $2890	    lda ETH_RX_TYPE+1
.649f	c9 06		cmp #$06	    cmp #$06                            ; is packet $0806 (ARP)?
.64a1	f0 07		beq $64aa	    beq _is_arp
.64a3	c9 00		cmp #$00	    cmp #$00                            ; is packet $0800 (IPv4)?
.64a5	f0 26		beq $64cd	    beq _is_ipv4
.64a7	4c 2d 65	jmp $652d	    jmp _unknown_packet
.64aa					_is_arp:
.64aa	ad 4b 21	lda $214b	    lda ETH_RX_PAYLOAD_LEN_H
.64ad	d0 07		bne $64b6	    bne _arp_len_ok
.64af	ad 4a 21	lda $214a	    lda ETH_RX_PAYLOAD_LEN_L
.64b2	c9 1c		cmp #$1c	    cmp #28
.64b4	90 77		bcc $652d	    bcc _unknown_packet
.64b6					_arp_len_ok:
.64b6	ad 97 28	lda $2897	    lda ETH_RX_FRAME_PAYLOAD+6          ; OPER MSB
.64b9	d0 72		bne $652d	    bne _unknown_packet                 ; reject non-zero MSB
.64bb	ad 98 28	lda $2898	    lda ETH_RX_FRAME_PAYLOAD+7          ; now A = OPER_hi|OPER_lo
.64be	c9 01		cmp #$01	    cmp #$01                            ; = 1 (request)?
.64c0	f0 05		beq $64c7	    beq _call_arp_reply
.64c2	c9 02		cmp #$02	    cmp #$02                            ; = 2 (reply)?
.64c4	f0 04		beq $64ca	    beq _call_arp_update_cache
.64c6	60		rts		    rts                                 ; neither request nor reply -> ignore
.64c7					_call_arp_reply:
.64c7	4c 06 4d	jmp $4d06	    jmp ARP_REPLY
.64ca					_call_arp_update_cache:
.64ca	4c 47 4e	jmp $4e47	    jmp ARP_UPDATE_CACHE
.64cd					_is_ipv4:
.64cd	20 57 45	jsr $4557	    jsr IPV4_VALIDATE_RX
.64d0	b0 5b		bcs $652d	    bcs _unknown_packet
.64d2	ad 9d 50	lda $509d	    lda DNS_STATE
.64d5	c9 01		cmp #$01	    cmp #DNS_STATE_WAIT
.64d7	d0 00		bne $64d9	    bne +
.64d9					+
.64d9	ad 9a 28	lda $289a	    lda ETH_RX_FRAME_HEADER+23         ; Protocol (14 + 9)
.64dc	c9 01		cmp #$01	    cmp #IP_PROTO_ICMP                 ; ICMP?
.64de	f0 09		beq $64e9	    beq _call_incoming_icmp
.64e0	c9 06		cmp #$06	    cmp #IP_PROTO_TCP                  ; TCP?
.64e2	f0 41		beq $6525	    beq _call_incoming_tcp
.64e4	c9 11		cmp #$11	    cmp #IP_PROTO_UDP                  ; UDP?
.64e6	f0 04		beq $64ec	    beq _udp_demux
.64e8	60		rts		    rts
.64e9					_call_incoming_icmp:
.64e9	4c 8d 65	jmp $658d	    jmp ICMP_ECHO_REPLY
.64ec					_udp_demux:
.64ec	ad 9d 50	lda $509d	    lda DNS_STATE
.64ef	c9 01		cmp #$01	    cmp #DNS_STATE_WAIT
.64f1	d0 00		bne $64f3	    bne +
.64f3					+
.64f3	ad 91 28	lda $2891	    lda ETH_RX_FRAME_HEADER+14         ; Version/IHL at start of IP header
.64f6	29 0f		and #$0f	    and #$0F
.64f8	0a		asl a		    asl                                ; *4
.64f9	0a		asl a		    asl
.64fa	8d 42 5a	sta $5a42	    sta DHCP_IP_IHL_BYTES
.64fd	a8		tay		    tay                                ; Y = IHL in bytes (typically 20)
.64fe	ad 1d 46	lda $461d	    lda IPV4_RX_TOTAL_HI
.6501	d0 0d		bne $6510	    bne _udp_header_ok
.6503	ad 1e 46	lda $461e	    lda IPV4_RX_TOTAL_LO
.6506	38		sec		    sec
.6507	ed 42 5a	sbc $5a42	    sbc DHCP_IP_IHL_BYTES
.650a	90 21		bcc $652d	    bcc _unknown_packet
.650c	c9 08		cmp #$08	    cmp #UDP_DATA_BASE
.650e	90 1d		bcc $652d	    bcc _unknown_packet
.6510					_udp_header_ok:
.6510	b9 93 28	lda $2893,y	    lda ETH_RX_FRAME_PAYLOAD+2,y       ; dst port high
.6513	c9 00		cmp #$00	    cmp #>(UDP_PORT_DHCP_CLIENT)       ; 68
.6515	d0 0b		bne $6522	    bne _udp_maybe_dns
.6517	b9 94 28	lda $2894,y	    lda ETH_RX_FRAME_PAYLOAD+3,y       ; dst port low
.651a	c9 44		cmp #$44	    cmp #<(UDP_PORT_DHCP_CLIENT)
.651c	d0 04		bne $6522	    bne _udp_maybe_dns
.651e	20 78 5e	jsr $5e78	    jsr DHCP_ON_UDP
.6521	60		rts		    rts
.6522					_udp_maybe_dns:
.6522	4c f8 54	jmp $54f8	    jmp DNS_UDP_IN
.6525					_call_incoming_tcp:
.6525	20 c1 68	jsr $68c1	    jsr TCP_RX_CHECKSUM_OK
.6528	b0 03		bcs $652d	    bcs _unknown_packet
.652a	4c 9f 66	jmp $669f	    jmp INCOMING_TCP_PACKET
.652d					_unknown_packet:
.652d	60		rts		    rts
.652e					ETH_IS_PACKET_FOR_US:
.652e	a2 06		ldx #$06	    ldx #$06                            ; count = 6
.6530					_lp_mac_compare:
.6530	ca		dex		    dex
.6531	bd 3b 22	lda $223b,x	    lda ETH_TX_FRAME_SRC_MAC,x          ; local MAC byte
.6534	dd 83 28	cmp $2883,x	    cmp ETH_RX_FRAME_DEST_MAC,x
.6537	d0 07		bne $6540	    bne _check_broadcast
.6539	e0 00		cpx #$00	    cpx #$00
.653b	d0 f3		bne $6530	    bne _lp_mac_compare
.653d	a9 01		lda #$01	    lda #$01                            ; A=1 (Yes, dest mac is us)
.653f	60		rts		    rts
.6540					_check_broadcast:
.6540	a2 06		ldx #$06	    ldx #$06
.6542	a9 ff		lda #$ff	    lda #$ff
.6544					_lp_bcast:
.6544	ca		dex		    dex
.6545	dd 83 28	cmp $2883,x	    cmp ETH_RX_FRAME_DEST_MAC,x
.6548	d0 07		bne $6551	    bne _not_ours
.654a	e0 00		cpx #$00	    cpx #$00
.654c	d0 f6		bne $6544	    bne _lp_bcast
.654e	a9 02		lda #$02	    lda #$02                            ; A=2 (Yes, broadcast packet)
.6550	60		rts		    rts
.6551					_not_ours:
.6551	a9 00		lda #$00	    lda #$00                            ; A=0 (no, packet not for us)
.6553	60		rts		    rts
.6554					TCP_SAVE_PEER_MAC:
.6554	a2 00		ldx #$00	    ldx #$00
.6556					_save_mac:
.6556	bd 35 22	lda $2235,x	    lda ETH_TX_FRAME_DEST_MAC,x
.6559	9d f7 2e	sta $2ef7,x	    sta TCP_PEER_MAC,x
.655c	e8		inx		    inx
.655d	e0 06		cpx #$06	    cpx #$06
.655f	d0 f5		bne $6556	    bne _save_mac
.6561	a9 01		lda #$01	    lda #$01
.6563	8d f6 2e	sta $2ef6	    sta TCP_PEER_MAC_VALID
.6566	60		rts		    rts
.6567					TCP_SAVE_RX_PEER_MAC:
.6567	a2 00		ldx #$00	    ldx #$00
.6569					_save_rx_mac:
.6569	bd 89 28	lda $2889,x	    lda ETH_RX_FRAME_SRC_MAC,x
.656c	9d f7 2e	sta $2ef7,x	    sta TCP_PEER_MAC,x
.656f	e8		inx		    inx
.6570	e0 06		cpx #$06	    cpx #$06
.6572	d0 f5		bne $6569	    bne _save_rx_mac
.6574	a9 01		lda #$01	    lda #$01
.6576	8d f6 2e	sta $2ef6	    sta TCP_PEER_MAC_VALID
.6579	60		rts		    rts
.657a					TCP_RESTORE_PEER_MAC:
.657a	ad f6 2e	lda $2ef6	    lda TCP_PEER_MAC_VALID
.657d	f0 0d		beq $658c	    beq _restore_done
.657f	a2 00		ldx #$00	    ldx #$00
.6581					_restore_mac:
.6581	bd f7 2e	lda $2ef7,x	    lda TCP_PEER_MAC,x
.6584	9d 35 22	sta $2235,x	    sta ETH_TX_FRAME_DEST_MAC,x
.6587	e8		inx		    inx
.6588	e0 06		cpx #$06	    cpx #$06
.658a	d0 f5		bne $6581	    bne _restore_mac
.658c					_restore_done:
.658c	60		rts		    rts

;******  Processing file: mega-ip/icmp.asm

.658d					ICMP_ECHO_REPLY:
.658d	ad 91 28	lda $2891	    lda ETH_RX_FRAME_PAYLOAD+0
.6590	c9 45		cmp #$45	    cmp #$45
.6592	d3 cc 00	bne $6660	    bne _icmp_drop
.6595	ad 97 28	lda $2897	    lda ETH_RX_FRAME_PAYLOAD+6
.6598	29 3f		and #$3f	    and #$3f
.659a	0d 98 28	ora $2898	    ora ETH_RX_FRAME_PAYLOAD+7
.659d	d3 c1 00	bne $6660	    bne _icmp_drop
.65a0	a2 00		ldx #$00	    ldx #$00
.65a2					_icmp_check_dst_ip:
.65a2	bd a1 28	lda $28a1,x	    lda ETH_RX_FRAME_PAYLOAD+16,x
.65a5	dd 00 21	cmp $2100,x	    cmp LOCAL_IP,x
.65a8	d3 b6 00	bne $6660	    bne _icmp_drop
.65ab	e8		inx		    inx
.65ac	e0 04		cpx #$04	    cpx #$04
.65ae	d0 f2		bne $65a2	    bne _icmp_check_dst_ip
.65b0	ad 93 28	lda $2893	    lda ETH_RX_FRAME_PAYLOAD+2
.65b3	d0 08		bne $65bd	    bne _icmp_len_ok
.65b5	ad 94 28	lda $2894	    lda ETH_RX_FRAME_PAYLOAD+3
.65b8	c9 1c		cmp #$1c	    cmp #28
.65ba	93 a4 00	bcc $6660	    bcc _icmp_drop
.65bd					_icmp_len_ok:
.65bd	ad a5 28	lda $28a5	    lda ETH_RX_FRAME_PAYLOAD+20
.65c0	c9 08		cmp #$08	    cmp #ICMP_TYPE_ECHO_REQUEST
.65c2	d3 9c 00	bne $6660	    bne _icmp_drop
.65c5	ad a6 28	lda $28a6	    lda ETH_RX_FRAME_PAYLOAD+21
.65c8	d3 96 00	bne $6660	    bne _icmp_drop
.65cb	20 73 66	jsr $6673	    jsr ICMP_RX_CHECKSUM_OK
.65ce	b3 90 00	bcs $6660	    bcs _icmp_drop
.65d1	ad 94 28	lda $2894	    lda ETH_RX_FRAME_PAYLOAD+3
.65d4	18		clc		    clc
.65d5	69 0e		adc #$0e	    adc #14
.65d7	8d 46 21	sta $2146	    sta ETH_TX_LEN_LSB
.65da	8d f5 65	sta $65f5	    sta _icmp_dma_len
.65dd	ad 93 28	lda $2893	    lda ETH_RX_FRAME_PAYLOAD+2
.65e0	69 00		adc #$00	    adc #$00
.65e2	8d 47 21	sta $2147	    sta ETH_TX_LEN_MSB
.65e5	8d f6 65	sta $65f6	    sta _icmp_dma_len+1
.65e8	08		php		    php
.65e9	78		sei		    sei
.65ea	a9 00		lda #$00	    lda #$00
.65ec	8d 07 d7	sta $d707	    sta $D707
>65ef	80				    .byte $80
>65f0	00				    .byte $00
>65f1	81				    .byte $81
>65f2	00				    .byte $00
>65f3	00				    .byte $00
>65f4	00				    .byte $00
.65f5					_icmp_dma_len:
>65f5	00 00				    .byte $00, $00
>65f7	83 28 00			    .byte <ETH_RX_FRAME_HEADER, >ETH_RX_FRAME_HEADER, EXEC_BANK
>65fa	35 22 00			    .byte <ETH_TX_FRAME_HEADER, >ETH_TX_FRAME_HEADER, EXEC_BANK
>65fd	00				    .byte $00
>65fe	00 00				    .word $0000
.6600	28		plp		    plp
.6601	a2 00		ldx #$00	    ldx #$00
.6603					_icmp_mac_loop:
.6603	bd 89 28	lda $2889,x	    lda ETH_RX_FRAME_SRC_MAC,x
.6606	9d 35 22	sta $2235,x	    sta ETH_TX_FRAME_DEST_MAC,x
.6609	bd e9 d6	lda $d6e9,x	    lda MEGA65_ETH_MAC,x
.660c	9d 3b 22	sta $223b,x	    sta ETH_TX_FRAME_SRC_MAC,x
.660f	e8		inx		    inx
.6610	e0 06		cpx #$06	    cpx #$06
.6612	d0 ef		bne $6603	    bne _icmp_mac_loop
.6614	a9 08		lda #$08	    lda #$08
.6616	8d 41 22	sta $2241	    sta ETH_TX_TYPE
.6619	a9 00		lda #$00	    lda #$00
.661b	8d 42 22	sta $2242	    sta ETH_TX_TYPE+1
.661e	a2 00		ldx #$00	    ldx #$00
.6620					_icmp_ip_loop:
.6620	bd 00 21	lda $2100,x	    lda LOCAL_IP,x
.6623	9d 4f 22	sta $224f,x	    sta ETH_TX_FRAME_PAYLOAD+12,x
.6626	bd 9d 28	lda $289d,x	    lda ETH_RX_FRAME_PAYLOAD+12,x
.6629	9d 53 22	sta $2253,x	    sta ETH_TX_FRAME_PAYLOAD+16,x
.662c	e8		inx		    inx
.662d	e0 04		cpx #$04	    cpx #$04
.662f	d0 ef		bne $6620	    bne _icmp_ip_loop
.6631	a9 40		lda #$40	    lda #$40
.6633	8d 4b 22	sta $224b	    sta ETH_TX_FRAME_PAYLOAD+8
.6636	a9 00		lda #$00	    lda #$00
.6638	8d 4d 22	sta $224d	    sta ETH_TX_FRAME_PAYLOAD+10
.663b	8d 4e 22	sta $224e	    sta ETH_TX_FRAME_PAYLOAD+11
.663e	a9 00		lda #$00	    lda #ICMP_TYPE_ECHO_REPLY
.6640	8d 57 22	sta $2257	    sta ETH_TX_FRAME_PAYLOAD+20
.6643	a9 00		lda #$00	    lda #$00
.6645	8d 59 22	sta $2259	    sta ETH_TX_FRAME_PAYLOAD+22
.6648	8d 5a 22	sta $225a	    sta ETH_TX_FRAME_PAYLOAD+23
.664b	20 2b 45	jsr $452b	    jsr CALC_IPV4_TX_CHECKSUM
.664e	20 8f 66	jsr $668f	    jsr ICMP_TX_CALC_CHECKSUM
.6651	ad 77 44	lda $4477	    lda CHECKSUM_RESULT_HI
.6654	8d 59 22	sta $2259	    sta ETH_TX_FRAME_PAYLOAD+22
.6657	ad 78 44	lda $4478	    lda CHECKSUM_RESULT_LO
.665a	8d 5a 22	sta $225a	    sta ETH_TX_FRAME_PAYLOAD+23
.665d	4c 94 42	jmp $4294	    jmp ETH_PACKET_SEND
.6660					_icmp_drop:
.6660	60		rts		    rts
.6661					ICMP_SET_CHECKSUM_LEN:
.6661	ad 94 28	lda $2894	    lda ETH_RX_FRAME_PAYLOAD+3
.6664	38		sec		    sec
.6665	e9 14		sbc #$14	    sbc #20
.6667	8d 75 44	sta $4475	    sta CHECKSUM_LEN_LO
.666a	ad 93 28	lda $2893	    lda ETH_RX_FRAME_PAYLOAD+2
.666d	e9 00		sbc #$00	    sbc #$00
.666f	8d 76 44	sta $4476	    sta CHECKSUM_LEN_HI
.6672	60		rts		    rts
.6673					ICMP_RX_CHECKSUM_OK:
.6673	a9 a5		lda #$a5	    lda #<ETH_RX_FRAME_PAYLOAD+20
.6675	8d 73 44	sta $4473	    sta CHECKSUM_PTR_LO
.6678	a9 28		lda #$28	    lda #>ETH_RX_FRAME_PAYLOAD+20
.667a	8d 74 44	sta $4474	    sta CHECKSUM_PTR_HI
.667d	20 61 66	jsr $6661	    jsr ICMP_SET_CHECKSUM_LEN
.6680	20 d9 43	jsr $43d9	    jsr CHECKSUM_ONES_COMP
.6683	ad 77 44	lda $4477	    lda CHECKSUM_RESULT_HI
.6686	0d 78 44	ora $4478	    ora CHECKSUM_RESULT_LO
.6689	d0 02		bne $668d	    bne _icmp_checksum_bad
.668b	18		clc		    clc
.668c	60		rts		    rts
.668d					_icmp_checksum_bad:
.668d	38		sec		    sec
.668e	60		rts		    rts
.668f					ICMP_TX_CALC_CHECKSUM:
.668f	a9 57		lda #$57	    lda #<ETH_TX_FRAME_PAYLOAD+20
.6691	8d 73 44	sta $4473	    sta CHECKSUM_PTR_LO
.6694	a9 22		lda #$22	    lda #>ETH_TX_FRAME_PAYLOAD+20
.6696	8d 74 44	sta $4474	    sta CHECKSUM_PTR_HI
.6699	20 61 66	jsr $6661	    jsr ICMP_SET_CHECKSUM_LEN
.669c	4c d9 43	jmp $43d9	    jmp CHECKSUM_ONES_COMP

;******  Return to file: mega-ip/eth.asm


;******  Processing file: mega-ip/tcp.asm

.669f					INCOMING_TCP_PACKET:
.669f	ad 91 28	lda $2891	    lda ETH_RX_FRAME_PAYLOAD+0
.66a2	29 f0		and #$f0	    and #$F0
.66a4	c9 40		cmp #$40	    cmp #$40
.66a6	d3 7b 01	bne $6823	    bne _drop
.66a9	ad 9a 28	lda $289a	    lda ETH_RX_FRAME_PAYLOAD+9
.66ac	c9 06		cmp #$06	    cmp #$06
.66ae	d3 73 01	bne $6823	    bne _drop
.66b1	ad 91 28	lda $2891	    lda ETH_RX_FRAME_PAYLOAD+0
.66b4	29 0f		and #$0f	    and #$0F
.66b6	0a		asl a		    asl
.66b7	0a		asl a		    asl
.66b8	c9 14		cmp #$14	    cmp #20
.66ba	93 67 01	bcc $6823	    bcc _drop
.66bd	c9 3d		cmp #$3d	    cmp #61
.66bf	b3 62 01	bcs $6823	    bcs _drop
.66c2	aa		tax		    tax                               ; X = ip header length in bytes
.66c3	a0 00		ldy #$00	    ldy #0
.66c5					_chk_dip:
.66c5	b9 a1 28	lda $28a1,y	    lda ETH_RX_FRAME_PAYLOAD+16,y    ; IPv4 dst at +16..+19 (fixed in IPv4)
.66c8	d9 00 21	cmp $2100,y	    cmp LOCAL_IP,y
.66cb	d3 56 01	bne $6823	    bne _drop
.66ce	c8		iny		    iny
.66cf	c0 04		cpy #$04	    cpy #4
.66d1	d0 f2		bne $66c5	    bne _chk_dip
.66d3	bd 9e 28	lda $289e,x	    lda ETH_RX_FRAME_PAYLOAD+13,x
.66d6	8d 45 21	sta $2145	    sta ETH_RX_TCP_FLAGS
.66d9					_passive_try:
.66d9	ad 19 21	lda $2119	    lda TCP_STATE
.66dc	c9 00		cmp #$00	    cmp #TCP_STATE_CLOSED
.66de	d3 cd 00	bne $67ad	    bne _passive_done
.66e1	ad 38 21	lda $2138	    lda TCP_LISTEN_ENABLED
.66e4	f3 c7 00	beq $67ad	    beq _passive_done               ; not listening
.66e7	bd 93 28	lda $2893,x	    lda ETH_RX_FRAME_PAYLOAD+2,x    ; dst port hi
.66ea	cd 34 21	cmp $2134	    cmp TCP_LISTEN_PORT
.66ed	d3 be 00	bne $67ad	    bne _passive_done
.66f0	bd 94 28	lda $2894,x	    lda ETH_RX_FRAME_PAYLOAD+3,x    ; dst port lo
.66f3	cd 35 21	cmp $2135	    cmp TCP_LISTEN_PORT+1
.66f6	d3 b5 00	bne $67ad	    bne _passive_done
.66f9	ad 45 21	lda $2145	    lda ETH_RX_TCP_FLAGS
.66fc	29 17		and #$17	    and #(TCP_FLAG_SYN | TCP_FLAG_ACK | TCP_FLAG_RST | TCP_FLAG_FIN)
.66fe	c9 02		cmp #$02	    cmp #TCP_FLAG_SYN
.6700	d3 ab 00	bne $67ad	    bne _passive_done               ; not a pure SYN - let normal path drop it
.6703	ad 89 28	lda $2889	    lda ETH_RX_FRAME_SRC_MAC
.6706	29 01		and #$01	    and #$01
.6708	d3 19 01	bne $6823	    bne _drop
.670b	a0 0c		ldy #$0c	    ldy #12
.670d	b9 91 28	lda $2891,y	    lda ETH_RX_FRAME_PAYLOAD+0,y
.6710	8d 06 21	sta $2106	    sta REMOTE_IP+0
.6713	b9 92 28	lda $2892,y	    lda ETH_RX_FRAME_PAYLOAD+1,y
.6716	8d 07 21	sta $2107	    sta REMOTE_IP+1
.6719	b9 93 28	lda $2893,y	    lda ETH_RX_FRAME_PAYLOAD+2,y
.671c	8d 08 21	sta $2108	    sta REMOTE_IP+2
.671f	b9 94 28	lda $2894,y	    lda ETH_RX_FRAME_PAYLOAD+3,y
.6722	8d 09 21	sta $2109	    sta REMOTE_IP+3
.6725	bd 91 28	lda $2891,x	    lda ETH_RX_FRAME_PAYLOAD+0,x
.6728	8d 0a 21	sta $210a	    sta REMOTE_PORT
.672b	bd 92 28	lda $2892,x	    lda ETH_RX_FRAME_PAYLOAD+1,x
.672e	8d 0b 21	sta $210b	    sta REMOTE_PORT+1
.6731	ad 34 21	lda $2134	    lda TCP_LISTEN_PORT
.6734	8d 04 21	sta $2104	    sta LOCAL_PORT
.6737	ad 35 21	lda $2135	    lda TCP_LISTEN_PORT+1
.673a	8d 05 21	sta $2105	    sta LOCAL_PORT+1
.673d	bd 95 28	lda $2895,x	    lda ETH_RX_FRAME_PAYLOAD+4,x
.6740	8d 1a 21	sta $211a	    sta REMOTE_ISN+0
.6743	bd 96 28	lda $2896,x	    lda ETH_RX_FRAME_PAYLOAD+5,x
.6746	8d 1b 21	sta $211b	    sta REMOTE_ISN+1
.6749	bd 97 28	lda $2897,x	    lda ETH_RX_FRAME_PAYLOAD+6,x
.674c	8d 1c 21	sta $211c	    sta REMOTE_ISN+2
.674f	bd 98 28	lda $2898,x	    lda ETH_RX_FRAME_PAYLOAD+7,x
.6752	8d 1d 21	sta $211d	    sta REMOTE_ISN+3
.6755	ee 1d 21	inc $211d	    inc REMOTE_ISN+3
.6758	d0 0d		bne $6767	    bne +
.675a	ee 1c 21	inc $211c	    inc REMOTE_ISN+2
.675d	d0 08		bne $6767	    bne +
.675f	ee 1b 21	inc $211b	    inc REMOTE_ISN+1
.6762	d0 03		bne $6767	    bne +
.6764	ee 1a 21	inc $211a	    inc REMOTE_ISN+0
.6767					+
.6767	a9 00		lda #$00	    lda #$00
.6769	8d ff 30	sta $30ff	    sta TCP_DATA_PAYLOAD_SIZE
.676c	8d 00 31	sta $3100	    sta TCP_DATA_PAYLOAD_SIZE+1
.676f	20 67 65	jsr $6567	    jsr TCP_SAVE_RX_PEER_MAC
.6772	20 d0 41	jsr $41d0	    jsr TCP_SEED_LOCAL_ISN
.6775	a2 00		ldx #$00	    ldx #$00
.6777					_save_synack_iss:
.6777	bd 1e 21	lda $211e,x	    lda LOCAL_ISN,x
.677a	9d 39 21	sta $2139,x	    sta TCP_SYNACK_ISS,x
.677d	e8		inx		    inx
.677e	e0 04		cpx #$04	    cpx #$04
.6780	d0 f5		bne $6777	    bne _save_synack_iss
.6782	20 91 68	jsr $6891	    jsr TCP_PASSIVE_SEND_SYNACK
.6785	b3 9c 00	bcs $6823	    bcs _drop
.6788	ee 21 21	inc $2121	    inc LOCAL_ISN+3
.678b	d0 0d		bne $679a	    bne +
.678d	ee 20 21	inc $2120	    inc LOCAL_ISN+2
.6790	d0 08		bne $679a	    bne +
.6792	ee 1f 21	inc $211f	    inc LOCAL_ISN+1
.6795	d0 03		bne $679a	    bne +
.6797	ee 1e 21	inc $211e	    inc LOCAL_ISN+0
.679a					+
.679a	a9 0a		lda #$0a	    lda #CONNECT_SYN_MAX_RETRIES
.679c	8d 29 21	sta $2129	    sta CONNECT_RETRY_LEFT
.679f	a9 3c		lda #$3c	    lda #CONNECT_SYN_RETRY_TICKS
.67a1	8d 28 21	sta $2128	    sta CONNECT_RETRY_TICKS
.67a4	20 8b 33	jsr $338b	    jsr CONNECT_STAMP_TIMER
.67a7	a9 03		lda #$03	    lda #TCP_STATE_SYN_RECEIVED
.67a9	8d 19 21	sta $2119	    sta TCP_STATE
.67ac	60		rts		    rts                              ; fully handled this segment
.67ad					_passive_done:
.67ad	ad 19 21	lda $2119	    lda TCP_STATE
.67b0	c9 00		cmp #$00	    cmp #TCP_STATE_CLOSED
.67b2	d0 04		bne $67b8	    bne _active_tuple_check
.67b4	20 3b 3e	jsr $3e3b	    jsr TCP_SEND_RESET_FOR_RX
.67b7	60		rts		    rts
.67b8					_active_tuple_check:
.67b8	a0 00		ldy #$00	    ldy #0
.67ba					_chk_sip:
.67ba	b9 9d 28	lda $289d,y	    lda ETH_RX_FRAME_PAYLOAD+12,y    ; IPv4 src at +12..+15
.67bd	d9 06 21	cmp $2106,y	    cmp REMOTE_IP,y
.67c0	d0 62		bne $6824	    bne _reset_drop
.67c2	c8		iny		    iny
.67c3	c0 04		cpy #$04	    cpy #4
.67c5	d0 f3		bne $67ba	    bne _chk_sip
.67c7	bd 93 28	lda $2893,x	    lda ETH_RX_FRAME_PAYLOAD+2,x      ; dst port hi
.67ca	cd 04 21	cmp $2104	    cmp LOCAL_PORT+0
.67cd	d0 55		bne $6824	    bne _reset_drop
.67cf	bd 94 28	lda $2894,x	    lda ETH_RX_FRAME_PAYLOAD+3,x      ; dst port lo
.67d2	cd 05 21	cmp $2105	    cmp LOCAL_PORT+1
.67d5	d0 4d		bne $6824	    bne _reset_drop
.67d7	bd 91 28	lda $2891,x	    lda ETH_RX_FRAME_PAYLOAD+0,x      ; src port hi
.67da	cd 0a 21	cmp $210a	    cmp REMOTE_PORT+0
.67dd	d0 45		bne $6824	    bne _reset_drop
.67df	bd 92 28	lda $2892,x	    lda ETH_RX_FRAME_PAYLOAD+1,x      ; src port lo
.67e2	cd 0b 21	cmp $210b	    cmp REMOTE_PORT+1
.67e5	d0 3d		bne $6824	    bne _reset_drop
.67e7	bd 9e 28	lda $289e,x	    lda ETH_RX_FRAME_PAYLOAD+13,x
.67ea	8d 45 21	sta $2145	    sta ETH_RX_TCP_FLAGS
.67ed	bd 95 28	lda $2895,x	    lda ETH_RX_FRAME_PAYLOAD+4,x
.67f0	8d a1 21	sta $21a1	    sta SEG_SEQ+0
.67f3	bd 96 28	lda $2896,x	    lda ETH_RX_FRAME_PAYLOAD+5,x
.67f6	8d a2 21	sta $21a2	    sta SEG_SEQ+1
.67f9	bd 97 28	lda $2897,x	    lda ETH_RX_FRAME_PAYLOAD+6,x
.67fc	8d a3 21	sta $21a3	    sta SEG_SEQ+2
.67ff	bd 98 28	lda $2898,x	    lda ETH_RX_FRAME_PAYLOAD+7,x
.6802	8d a4 21	sta $21a4	    sta SEG_SEQ+3
.6805	bd 99 28	lda $2899,x	    lda ETH_RX_FRAME_PAYLOAD+8,x
.6808	8d a5 21	sta $21a5	    sta SEG_ACK+0
.680b	bd 9a 28	lda $289a,x	    lda ETH_RX_FRAME_PAYLOAD+9,x
.680e	8d a6 21	sta $21a6	    sta SEG_ACK+1
.6811	bd 9b 28	lda $289b,x	    lda ETH_RX_FRAME_PAYLOAD+10,x
.6814	8d a7 21	sta $21a7	    sta SEG_ACK+2
.6817	bd 9c 28	lda $289c,x	    lda ETH_RX_FRAME_PAYLOAD+11,x
.681a	8d a8 21	sta $21a8	    sta SEG_ACK+3
.681d	20 61 49	jsr $4961	    jsr CALC_RX_TCP_BYTE_COUNT
.6820	4c ee 36	jmp $36ee	    jmp TCP_STATE_HANDLER
.6823					_drop:
.6823	60		rts		    rts
.6824					_reset_drop:
.6824	20 3b 3e	jsr $3e3b	    jsr TCP_SEND_RESET_FOR_RX
.6827	60		rts		    rts
.6828					TCP_SYNACK_TICK:
.6828	ad 19 21	lda $2119	    lda TCP_STATE
.682b	c9 03		cmp #$03	    cmp #TCP_STATE_SYN_RECEIVED
.682d	f0 01		beq $6830	    beq _synack_tick_active
.682f	60		rts		    rts
.6830					_synack_tick_active:
.6830	20 48 6f	jsr $6f48	    jsr CONNECT_FRAME_WRAP_TICK
.6833	90 08		bcc $683d	    bcc _synack_tick_done
.6835	ad 28 21	lda $2128	    lda CONNECT_RETRY_TICKS
.6838	f0 04		beq $683e	    beq _synack_retry_expired
.683a	ce 28 21	dec $2128	    dec CONNECT_RETRY_TICKS
.683d					_synack_tick_done:
.683d	60		rts		    rts
.683e					_synack_retry_expired:
.683e	ad 29 21	lda $2129	    lda CONNECT_RETRY_LEFT
.6841	f0 1a		beq $685d	    beq _synack_timeout
.6843	20 6b 68	jsr $686b	    jsr TCP_PASSIVE_RETRANSMIT_SYNACK
.6846	b0 0c		bcs $6854	    bcs _synack_retry_busy
.6848	ce 29 21	dec $2129	    dec CONNECT_RETRY_LEFT
.684b	a9 3c		lda #$3c	    lda #CONNECT_SYN_RETRY_TICKS
.684d	8d 28 21	sta $2128	    sta CONNECT_RETRY_TICKS
.6850	20 8b 33	jsr $338b	    jsr CONNECT_STAMP_TIMER
.6853	60		rts		    rts
.6854					_synack_retry_busy:
.6854	a9 05		lda #$05	    lda #TCP_TX_BUSY_RETRY_TICKS
.6856	8d 28 21	sta $2128	    sta CONNECT_RETRY_TICKS
.6859	20 8b 33	jsr $338b	    jsr CONNECT_STAMP_TIMER
.685c	60		rts		    rts
.685d					_synack_timeout:
.685d	a9 00		lda #$00	    lda #TCP_STATE_CLOSED
.685f	8d 19 21	sta $2119	    sta TCP_STATE
.6862	a9 00		lda #$00	    lda #$00
.6864	8d 28 21	sta $2128	    sta CONNECT_RETRY_TICKS
.6867	8d 29 21	sta $2129	    sta CONNECT_RETRY_LEFT
.686a	60		rts		    rts
.686b					TCP_PASSIVE_RETRANSMIT_SYNACK:
.686b	a2 00		ldx #$00	    ldx #$00
.686d					_synack_save_live_isn:
.686d	bd 1e 21	lda $211e,x	    lda LOCAL_ISN,x
.6870	9d f2 2e	sta $2ef2,x	    sta TX_SAVE_LOCAL_ISN,x
.6873	bd 39 21	lda $2139,x	    lda TCP_SYNACK_ISS,x
.6876	9d 1e 21	sta $211e,x	    sta LOCAL_ISN,x
.6879	e8		inx		    inx
.687a	e0 04		cpx #$04	    cpx #$04
.687c	d0 ef		bne $686d	    bne _synack_save_live_isn
.687e	20 91 68	jsr $6891	    jsr TCP_PASSIVE_SEND_SYNACK
.6881	08		php		    php
.6882	a2 00		ldx #$00	    ldx #$00
.6884					_synack_restore_live_isn:
.6884	bd f2 2e	lda $2ef2,x	    lda TX_SAVE_LOCAL_ISN,x
.6887	9d 1e 21	sta $211e,x	    sta LOCAL_ISN,x
.688a	e8		inx		    inx
.688b	e0 04		cpx #$04	    cpx #$04
.688d	d0 f5		bne $6884	    bne _synack_restore_live_isn
.688f	28		plp		    plp
.6890	60		rts		    rts
.6891					TCP_PASSIVE_SEND_SYNACK:
.6891	a9 08		lda #$08	    lda #$08
.6893	8d 41 22	sta $2241	    sta ETH_TX_TYPE
.6896	a9 00		lda #$00	    lda #$00
.6898	8d 42 22	sta $2242	    sta ETH_TX_TYPE+1
.689b	8d ff 30	sta $30ff	    sta TCP_DATA_PAYLOAD_SIZE
.689e	8d 00 31	sta $3100	    sta TCP_DATA_PAYLOAD_SIZE+1
.68a1	a9 14		lda #$14	    lda #20
.68a3	8d 01 31	sta $3101	    sta TCP_HEADER_SIZE
.68a6	a9 06		lda #$06	    lda #$06
.68a8	20 7d 44	jsr $447d	    jsr BUILD_IPV4_HEADER
.68ab	a9 12		lda #$12	    lda #(TCP_FLAG_SYN|TCP_FLAG_ACK)
.68ad	20 24 46	jsr $4624	    jsr BUILD_TCP_HEADER
.68b0	20 7a 65	jsr $657a	    jsr TCP_RESTORE_PEER_MAC
.68b3	a9 3c		lda #$3c	    lda #60
.68b5	8d 46 21	sta $2146	    sta ETH_TX_LEN_LSB
.68b8	a9 00		lda #$00	    lda #$00
.68ba	8d 47 21	sta $2147	    sta ETH_TX_LEN_MSB
.68bd	20 94 42	jsr $4294	    jsr ETH_PACKET_SEND
.68c0	60		rts		    rts
.68c1					TCP_RX_CHECKSUM_OK:
.68c1	a9 00		lda #$00	    lda #$00
.68c3	8d 1c 6a	sta $6a1c	    sta TCP_RX_SUM_LO
.68c6	8d 1b 6a	sta $6a1b	    sta TCP_RX_SUM_HI
.68c9	8d 19 6a	sta $6a19	    sta TCP_RX_WORD_HI
.68cc	8d 1a 6a	sta $6a1a	    sta TCP_RX_WORD_LO
.68cf	ad 1e 46	lda $461e	    lda IPV4_RX_TOTAL_LO
.68d2	38		sec		    sec
.68d3	ed 1c 46	sbc $461c	    sbc IPV4_RX_IHL_BYTES
.68d6	8d 14 6a	sta $6a14	    sta TCP_RX_LEN_LO
.68d9	ad 1d 46	lda $461d	    lda IPV4_RX_TOTAL_HI
.68dc	e9 00		sbc #$00	    sbc #$00
.68de	8d 15 6a	sta $6a15	    sta TCP_RX_LEN_HI
.68e1	b0 03		bcs $68e6	    bcs _tcp_rx_len_nonnegative
.68e3	4c cb 69	jmp $69cb	    jmp _tcp_rx_bad
.68e6					_tcp_rx_len_nonnegative:
.68e6	ad 15 6a	lda $6a15	    lda TCP_RX_LEN_HI
.68e9	d0 08		bne $68f3	    bne _tcp_rx_len_ge_min
.68eb	ad 14 6a	lda $6a14	    lda TCP_RX_LEN_LO
.68ee	c9 14		cmp #$14	    cmp #20
.68f0	93 d9 00	bcc $69cb	    bcc _tcp_rx_bad
.68f3					_tcp_rx_len_ge_min:
.68f3	a9 91		lda #$91	    lda #<ETH_RX_FRAME_PAYLOAD
.68f5	18		clc		    clc
.68f6	6d 1c 46	adc $461c	    adc IPV4_RX_IHL_BYTES
.68f9	8d 16 6a	sta $6a16	    sta TCP_RX_PTR_LO
.68fc	a9 28		lda #$28	    lda #>ETH_RX_FRAME_PAYLOAD
.68fe	69 00		adc #$00	    adc #$00
.6900	8d 17 6a	sta $6a17	    sta TCP_RX_PTR_HI
.6903	ad 16 6a	lda $6a16	    lda TCP_RX_PTR_LO
.6906	18		clc		    clc
.6907	69 0c		adc #$0c	    adc #12
.6909	8d 15 69	sta $6915	    sta _tcp_rx_offset_read+1
.690c	ad 17 6a	lda $6a17	    lda TCP_RX_PTR_HI
.690f	69 00		adc #$00	    adc #$00
.6911	8d 16 69	sta $6916	    sta _tcp_rx_offset_read+2
.6914					_tcp_rx_offset_read:
.6914	ad ff ff	lda $ffff	    lda $ffff
.6917	29 f0		and #$f0	    and #$f0
.6919	4a		lsr a		    lsr
.691a	4a		lsr a		    lsr
.691b	4a		lsr a		    lsr
.691c	4a		lsr a		    lsr
.691d	0a		asl a		    asl
.691e	0a		asl a		    asl
.691f	8d 18 6a	sta $6a18	    sta TCP_RX_HDR_LEN
.6922	c9 14		cmp #$14	    cmp #20
.6924	93 a5 00	bcc $69cb	    bcc _tcp_rx_bad
.6927	ad 15 6a	lda $6a15	    lda TCP_RX_LEN_HI
.692a	d0 09		bne $6935	    bne _tcp_rx_hdr_fits
.692c	ad 14 6a	lda $6a14	    lda TCP_RX_LEN_LO
.692f	cd 18 6a	cmp $6a18	    cmp TCP_RX_HDR_LEN
.6932	93 97 00	bcc $69cb	    bcc _tcp_rx_bad
.6935					_tcp_rx_hdr_fits:
.6935	ad 9d 28	lda $289d	    lda ETH_RX_FRAME_PAYLOAD+12
.6938	8d 19 6a	sta $6a19	    sta TCP_RX_WORD_HI
.693b	ad 9e 28	lda $289e	    lda ETH_RX_FRAME_PAYLOAD+13
.693e	8d 1a 6a	sta $6a1a	    sta TCP_RX_WORD_LO
.6941	20 f1 69	jsr $69f1	    jsr TCP_RX_ADD_WORD
.6944	ad 9f 28	lda $289f	    lda ETH_RX_FRAME_PAYLOAD+14
.6947	8d 19 6a	sta $6a19	    sta TCP_RX_WORD_HI
.694a	ad a0 28	lda $28a0	    lda ETH_RX_FRAME_PAYLOAD+15
.694d	8d 1a 6a	sta $6a1a	    sta TCP_RX_WORD_LO
.6950	20 f1 69	jsr $69f1	    jsr TCP_RX_ADD_WORD
.6953	ad a1 28	lda $28a1	    lda ETH_RX_FRAME_PAYLOAD+16
.6956	8d 19 6a	sta $6a19	    sta TCP_RX_WORD_HI
.6959	ad a2 28	lda $28a2	    lda ETH_RX_FRAME_PAYLOAD+17
.695c	8d 1a 6a	sta $6a1a	    sta TCP_RX_WORD_LO
.695f	20 f1 69	jsr $69f1	    jsr TCP_RX_ADD_WORD
.6962	ad a3 28	lda $28a3	    lda ETH_RX_FRAME_PAYLOAD+18
.6965	8d 19 6a	sta $6a19	    sta TCP_RX_WORD_HI
.6968	ad a4 28	lda $28a4	    lda ETH_RX_FRAME_PAYLOAD+19
.696b	8d 1a 6a	sta $6a1a	    sta TCP_RX_WORD_LO
.696e	20 f1 69	jsr $69f1	    jsr TCP_RX_ADD_WORD
.6971	a9 00		lda #$00	    lda #$00
.6973	8d 19 6a	sta $6a19	    sta TCP_RX_WORD_HI
.6976	a9 06		lda #$06	    lda #IP_PROTO_TCP
.6978	8d 1a 6a	sta $6a1a	    sta TCP_RX_WORD_LO
.697b	20 f1 69	jsr $69f1	    jsr TCP_RX_ADD_WORD
.697e	ad 15 6a	lda $6a15	    lda TCP_RX_LEN_HI
.6981	8d 19 6a	sta $6a19	    sta TCP_RX_WORD_HI
.6984	ad 14 6a	lda $6a14	    lda TCP_RX_LEN_LO
.6987	8d 1a 6a	sta $6a1a	    sta TCP_RX_WORD_LO
.698a	20 f1 69	jsr $69f1	    jsr TCP_RX_ADD_WORD
.698d					_tcp_rx_sum_loop:
.698d	ad 15 6a	lda $6a15	    lda TCP_RX_LEN_HI
.6990	0d 14 6a	ora $6a14	    ora TCP_RX_LEN_LO
.6993	f0 26		beq $69bb	    beq _tcp_rx_sum_done
.6995	20 cd 69	jsr $69cd	    jsr TCP_RX_READ_BYTE
.6998	8d 19 6a	sta $6a19	    sta TCP_RX_WORD_HI
.699b	20 e5 69	jsr $69e5	    jsr TCP_RX_DEC_LEN
.699e	ad 15 6a	lda $6a15	    lda TCP_RX_LEN_HI
.69a1	0d 14 6a	ora $6a14	    ora TCP_RX_LEN_LO
.69a4	f0 0b		beq $69b1	    beq _tcp_rx_odd_byte
.69a6	20 cd 69	jsr $69cd	    jsr TCP_RX_READ_BYTE
.69a9	8d 1a 6a	sta $6a1a	    sta TCP_RX_WORD_LO
.69ac	20 e5 69	jsr $69e5	    jsr TCP_RX_DEC_LEN
.69af	80 05		bra $69b6	    bra _tcp_rx_add_segment_word
.69b1					_tcp_rx_odd_byte:
.69b1	a9 00		lda #$00	    lda #$00
.69b3	8d 1a 6a	sta $6a1a	    sta TCP_RX_WORD_LO
.69b6					_tcp_rx_add_segment_word:
.69b6	20 f1 69	jsr $69f1	    jsr TCP_RX_ADD_WORD
.69b9	80 d2		bra $698d	    bra _tcp_rx_sum_loop
.69bb					_tcp_rx_sum_done:
.69bb	ad 1b 6a	lda $6a1b	    lda TCP_RX_SUM_HI
.69be	c9 ff		cmp #$ff	    cmp #$ff
.69c0	d0 09		bne $69cb	    bne _tcp_rx_bad
.69c2	ad 1c 6a	lda $6a1c	    lda TCP_RX_SUM_LO
.69c5	c9 ff		cmp #$ff	    cmp #$ff
.69c7	d0 02		bne $69cb	    bne _tcp_rx_bad
.69c9	18		clc		    clc
.69ca	60		rts		    rts
.69cb					_tcp_rx_bad:
.69cb	38		sec		    sec
.69cc	60		rts		    rts
.69cd					TCP_RX_READ_BYTE:
.69cd	ad 16 6a	lda $6a16	    lda TCP_RX_PTR_LO
.69d0	8d da 69	sta $69da	    sta _tcp_rx_read_abs+1
.69d3	ad 17 6a	lda $6a17	    lda TCP_RX_PTR_HI
.69d6	8d db 69	sta $69db	    sta _tcp_rx_read_abs+2
.69d9					_tcp_rx_read_abs:
.69d9	ad ff ff	lda $ffff	    lda $ffff
.69dc	ee 16 6a	inc $6a16	    inc TCP_RX_PTR_LO
.69df	d0 03		bne $69e4	    bne _tcp_rx_read_done
.69e1	ee 17 6a	inc $6a17	    inc TCP_RX_PTR_HI
.69e4					_tcp_rx_read_done:
.69e4	60		rts		    rts
.69e5					TCP_RX_DEC_LEN:
.69e5	ad 14 6a	lda $6a14	    lda TCP_RX_LEN_LO
.69e8	d0 03		bne $69ed	    bne _tcp_rx_dec_low
.69ea	ce 15 6a	dec $6a15	    dec TCP_RX_LEN_HI
.69ed					_tcp_rx_dec_low:
.69ed	ce 14 6a	dec $6a14	    dec TCP_RX_LEN_LO
.69f0	60		rts		    rts
.69f1					TCP_RX_ADD_WORD:
.69f1	18		clc		    clc
.69f2	ad 1c 6a	lda $6a1c	    lda TCP_RX_SUM_LO
.69f5	6d 1a 6a	adc $6a1a	    adc TCP_RX_WORD_LO
.69f8	8d 1c 6a	sta $6a1c	    sta TCP_RX_SUM_LO
.69fb	ad 1b 6a	lda $6a1b	    lda TCP_RX_SUM_HI
.69fe	6d 19 6a	adc $6a19	    adc TCP_RX_WORD_HI
.6a01	8d 1b 6a	sta $6a1b	    sta TCP_RX_SUM_HI
.6a04	90 0d		bcc $6a13	    bcc _tcp_rx_add_done
.6a06	ee 1c 6a	inc $6a1c	    inc TCP_RX_SUM_LO
.6a09	d0 08		bne $6a13	    bne _tcp_rx_add_done
.6a0b	ee 1b 6a	inc $6a1b	    inc TCP_RX_SUM_HI
.6a0e	d0 03		bne $6a13	    bne _tcp_rx_add_done
.6a10	ee 1c 6a	inc $6a1c	    inc TCP_RX_SUM_LO
.6a13					_tcp_rx_add_done:
.6a13	60		rts		    rts
>6a14	00				TCP_RX_LEN_LO:  .byte $00
>6a15	00				TCP_RX_LEN_HI:  .byte $00
>6a16	00				TCP_RX_PTR_LO:  .byte $00
>6a17	00				TCP_RX_PTR_HI:  .byte $00
>6a18	00				TCP_RX_HDR_LEN: .byte $00
>6a19	00				TCP_RX_WORD_HI: .byte $00
>6a1a	00				TCP_RX_WORD_LO: .byte $00
>6a1b	00				TCP_RX_SUM_HI:  .byte $00
>6a1c	00				TCP_RX_SUM_LO:  .byte $00

;******  Return to file: mega-ip/eth.asm


;******  Processing file: mega-ip/tcp_tx.asm

.6a1d					TCP_TX_RESET:
.6a1d	a9 00		lda #$00	    lda #$00
.6a1f	8d d5 2e	sta $2ed5	    sta TXQ_HEAD
.6a22	8d d6 2e	sta $2ed6	    sta TXQ_TAIL
.6a25	8d d7 2e	sta $2ed7	    sta TXQ_COUNT
.6a28	8d d8 2e	sta $2ed8	    sta TXQ_NEW_COUNT
.6a2b	8d d9 2e	sta $2ed9	    sta TXQ_ENQ_LEN
.6a2e	8d da 2e	sta $2eda	    sta TXQ_SEND_LEN
.6a31	8d db 2e	sta $2edb	    sta TXQ_SCAN
.6a34	8d dc 2e	sta $2edc	    sta TX_UNACK_PENDING
.6a37	8d dd 2e	sta $2edd	    sta TX_UNACK_LEN
.6a3a	8d de 2e	sta $2ede	    sta TX_UNACK_RETRY_TICKS
.6a3d	8d df 2e	sta $2edf	    sta TX_UNACK_RETRY_LEFT
.6a40	8d e0 2e	sta $2ee0	    sta TCP_TX_LAST_RASTER_LO
.6a43	8d e1 2e	sta $2ee1	    sta TCP_TX_LAST_RASTER_HI
.6a46	8d e6 2e	sta $2ee6	    sta TX_SEND_TICK_LO
.6a49	8d e7 2e	sta $2ee7	    sta TX_SEND_TICK_HI
.6a4c	8d e8 2e	sta $2ee8	    sta TCP_LAST_RTT
.6a4f	8d e9 2e	sta $2ee9	    sta TCP_LAST_RETRIES_USED
.6a52	8d f6 2e	sta $2ef6	    sta TCP_PEER_MAC_VALID
.6a55	60		rts		    rts
.6a56					TCP_TX_ENQUEUE_CURRENT:
.6a56	ad 00 31	lda $3100	    lda TCP_DATA_PAYLOAD_SIZE+1
.6a59	d0 37		bne $6a92	    bne _fail
.6a5b	ad ff 30	lda $30ff	    lda TCP_DATA_PAYLOAD_SIZE
.6a5e	f0 30		beq $6a90	    beq _success
.6a60	c9 ec		cmp #$ec	    cmp #TCP_PAYLOAD_MAX+1
.6a62	b0 2e		bcs $6a92	    bcs _fail
.6a64	8d d9 2e	sta $2ed9	    sta TXQ_ENQ_LEN
.6a67	ad d7 2e	lda $2ed7	    lda TXQ_COUNT
.6a6a	18		clc		    clc
.6a6b	6d d9 2e	adc $2ed9	    adc TXQ_ENQ_LEN
.6a6e	b0 22		bcs $6a92	    bcs _fail
.6a70	8d d8 2e	sta $2ed8	    sta TXQ_NEW_COUNT
.6a73	a0 00		ldy #$00	    ldy #$00
.6a75					_enqueue_loop:
.6a75	cc d9 2e	cpy $2ed9	    cpy TXQ_ENQ_LEN
.6a78	f0 10		beq $6a8a	    beq _enqueue_done
.6a7a	ae d5 2e	ldx $2ed5	    ldx TXQ_HEAD
.6a7d	b9 23 31	lda $3123,y	    lda TCP_DATA_PAYLOAD,y
.6a80	9d 14 2f	sta $2f14,x	    sta TX_APP_QUEUE,x
.6a83	ee d5 2e	inc $2ed5	    inc TXQ_HEAD
.6a86	c8		iny		    iny
.6a87	4c 75 6a	jmp $6a75	    jmp _enqueue_loop
.6a8a					_enqueue_done:
.6a8a	ad d8 2e	lda $2ed8	    lda TXQ_NEW_COUNT
.6a8d	8d d7 2e	sta $2ed7	    sta TXQ_COUNT
.6a90					_success:
.6a90	18		clc		    clc
.6a91	60		rts		    rts
.6a92					_fail:
.6a92	38		sec		    sec
.6a93	60		rts		    rts
.6a94					TCP_TX_ACK_CHECK:
.6a94	ad dc 2e	lda $2edc	    lda TX_UNACK_PENDING
.6a97	f0 4b		beq $6ae4	    beq _ret
.6a99	ad 45 21	lda $2145	    lda ETH_RX_TCP_FLAGS
.6a9c	29 10		and #$10	    and #TCP_FLAG_ACK
.6a9e	f0 44		beq $6ae4	    beq _ret
.6aa0	20 f0 6c	jsr $6cf0	    jsr TCP_SEQ_CMP_SEG_SEQ_REMOTE
.6aa3	d0 3f		bne $6ae4	    bne _ret
.6aa5	20 18 6d	jsr $6d18	    jsr TCP_SEQ_CMP_SEG_ACK_TX_UNACK_SEQ
.6aa8	f0 3a		beq $6ae4	    beq _ret
.6aaa	30 38		bmi $6ae4	    bmi _ret
.6aac	20 40 6d	jsr $6d40	    jsr TCP_SEQ_CMP_SEG_ACK_LOCAL_ISN
.6aaf	f0 03		beq $6ab4	    beq _ack_not_future
.6ab1	30 01		bmi $6ab4	    bmi _ack_not_future
.6ab3	60		rts		    rts
.6ab4					_ack_not_future:
.6ab4	20 68 6d	jsr $6d68	    jsr TCP_SEQ_CMP_SEG_ACK_TX_EXPECT
.6ab7	30 2b		bmi $6ae4	    bmi _ret
.6ab9					_acked:
.6ab9	38		sec		    sec
.6aba	ad e2 2e	lda $2ee2	    lda NET_TICK_LO
.6abd	ed e6 2e	sbc $2ee6	    sbc TX_SEND_TICK_LO
.6ac0	8d e8 2e	sta $2ee8	    sta TCP_LAST_RTT
.6ac3	ad e3 2e	lda $2ee3	    lda NET_TICK_HI
.6ac6	ed e7 2e	sbc $2ee7	    sbc TX_SEND_TICK_HI
.6ac9	f0 05		beq $6ad0	    beq _rtt_in_range
.6acb	a9 ff		lda #$ff	    lda #$FF
.6acd	8d e8 2e	sta $2ee8	    sta TCP_LAST_RTT
.6ad0					_rtt_in_range:
.6ad0	38		sec		    sec
.6ad1	a9 06		lda #$06	    lda #TCP_TX_MAX_RETRIES
.6ad3	ed df 2e	sbc $2edf	    sbc TX_UNACK_RETRY_LEFT
.6ad6	8d e9 2e	sta $2ee9	    sta TCP_LAST_RETRIES_USED
.6ad9	a9 00		lda #$00	    lda #$00
.6adb	8d dc 2e	sta $2edc	    sta TX_UNACK_PENDING
.6ade	8d de 2e	sta $2ede	    sta TX_UNACK_RETRY_TICKS
.6ae1	8d df 2e	sta $2edf	    sta TX_UNACK_RETRY_LEFT
.6ae4					_ret:
.6ae4	60		rts		    rts
.6ae5					TCP_TX_TICK:
.6ae5	ad 19 21	lda $2119	    lda TCP_STATE
.6ae8	c9 04		cmp #$04	    cmp #TCP_STATE_ESTABLISHED
.6aea	f0 04		beq $6af0	    beq _established
.6aec	20 1d 6a	jsr $6a1d	    jsr TCP_TX_RESET
.6aef	60		rts		    rts
.6af0					_established:
.6af0	ad dc 2e	lda $2edc	    lda TX_UNACK_PENDING
.6af3	f0 3b		beq $6b30	    beq _try_send
.6af5	20 44 6b	jsr $6b44	    jsr TCP_TX_FRAME_WRAP_TICK
.6af8	90 08		bcc $6b02	    bcc _timer_wait
.6afa	ad de 2e	lda $2ede	    lda TX_UNACK_RETRY_TICKS
.6afd	f0 04		beq $6b03	    beq _retry_expired
.6aff	ce de 2e	dec $2ede	    dec TX_UNACK_RETRY_TICKS
.6b02					_timer_wait:
.6b02	60		rts		    rts
.6b03					_retry_expired:
.6b03	ad df 2e	lda $2edf	    lda TX_UNACK_RETRY_LEFT
.6b06	f0 1a		beq $6b22	    beq _timeout
.6b08	20 53 6c	jsr $6c53	    jsr TCP_TX_RETRANSMIT_PENDING
.6b0b	b0 0c		bcs $6b19	    bcs _tx_busy
.6b0d	ce df 2e	dec $2edf	    dec TX_UNACK_RETRY_LEFT
.6b10	a9 0a		lda #$0a	    lda #TCP_TX_RETRY_TICKS
.6b12	8d de 2e	sta $2ede	    sta TX_UNACK_RETRY_TICKS
.6b15	20 34 6b	jsr $6b34	    jsr TCP_TX_TIMER_STAMP
.6b18	60		rts		    rts
.6b19					_tx_busy:
.6b19	a9 05		lda #$05	    lda #TCP_TX_BUSY_RETRY_TICKS
.6b1b	8d de 2e	sta $2ede	    sta TX_UNACK_RETRY_TICKS
.6b1e	20 34 6b	jsr $6b34	    jsr TCP_TX_TIMER_STAMP
.6b21	60		rts		    rts
.6b22					_timeout:
.6b22	20 ed 49	jsr $49ed	    jsr TCP_HARD_RESET
.6b25	ad 3d 4a	lda $4a3d	    lda TCP_EVENT_FLAG
.6b28	29 fe		and #$fe	    and #$FE
.6b2a	09 20		ora #$20	    ora #EV_TX_TIMEOUT
.6b2c	8d 3d 4a	sta $4a3d	    sta TCP_EVENT_FLAG
.6b2f	60		rts		    rts
.6b30					_try_send:
.6b30	20 75 6b	jsr $6b75	    jsr TCP_TX_TRY_SEND_QUEUED
.6b33	60		rts		    rts
.6b34					TCP_TX_TIMER_STAMP:
.6b34	20 9b 4f	jsr $4f9b	    jsr ARP_READ_RASTER
.6b37	ad 0b 4c	lda $4c0b	    lda ARP_CUR_RASTER_LO
.6b3a	8d e0 2e	sta $2ee0	    sta TCP_TX_LAST_RASTER_LO
.6b3d	ad 0c 4c	lda $4c0c	    lda ARP_CUR_RASTER_HI
.6b40	8d e1 2e	sta $2ee1	    sta TCP_TX_LAST_RASTER_HI
.6b43	60		rts		    rts
.6b44					TCP_TX_FRAME_WRAP_TICK:
.6b44	20 9b 4f	jsr $4f9b	    jsr ARP_READ_RASTER
.6b47	ad 0c 4c	lda $4c0c	    lda ARP_CUR_RASTER_HI
.6b4a	cd e1 2e	cmp $2ee1	    cmp TCP_TX_LAST_RASTER_HI
.6b4d	90 18		bcc $6b67	    bcc _frame_elapsed
.6b4f	d0 08		bne $6b59	    bne _no_frame
.6b51	ad 0b 4c	lda $4c0b	    lda ARP_CUR_RASTER_LO
.6b54	cd e0 2e	cmp $2ee0	    cmp TCP_TX_LAST_RASTER_LO
.6b57	90 0e		bcc $6b67	    bcc _frame_elapsed
.6b59					_no_frame:
.6b59	ad 0b 4c	lda $4c0b	    lda ARP_CUR_RASTER_LO
.6b5c	8d e0 2e	sta $2ee0	    sta TCP_TX_LAST_RASTER_LO
.6b5f	ad 0c 4c	lda $4c0c	    lda ARP_CUR_RASTER_HI
.6b62	8d e1 2e	sta $2ee1	    sta TCP_TX_LAST_RASTER_HI
.6b65	18		clc		    clc
.6b66	60		rts		    rts
.6b67					_frame_elapsed:
.6b67	ad 0b 4c	lda $4c0b	    lda ARP_CUR_RASTER_LO
.6b6a	8d e0 2e	sta $2ee0	    sta TCP_TX_LAST_RASTER_LO
.6b6d	ad 0c 4c	lda $4c0c	    lda ARP_CUR_RASTER_HI
.6b70	8d e1 2e	sta $2ee1	    sta TCP_TX_LAST_RASTER_HI
.6b73	38		sec		    sec
.6b74	60		rts		    rts
.6b75					TCP_TX_TRY_SEND_QUEUED:
.6b75	ad 19 21	lda $2119	    lda TCP_STATE
.6b78	c9 04		cmp #$04	    cmp #TCP_STATE_ESTABLISHED
.6b7a	d3 d5 00	bne $6c51	    bne _send_fail
.6b7d	ad dc 2e	lda $2edc	    lda TX_UNACK_PENDING
.6b80	d3 ca 00	bne $6c4c	    bne _nothing_to_send
.6b83	ad d7 2e	lda $2ed7	    lda TXQ_COUNT
.6b86	f3 c4 00	beq $6c4c	    beq _nothing_to_send
.6b89	c9 ec		cmp #$ec	    cmp #TCP_PAYLOAD_MAX+1
.6b8b	90 02		bcc $6b8f	    bcc _use_queue_count
.6b8d	a9 eb		lda #$eb	    lda #TCP_PAYLOAD_MAX
.6b8f					_use_queue_count:
.6b8f	8d da 2e	sta $2eda	    sta TXQ_SEND_LEN
.6b92	ad d6 2e	lda $2ed6	    lda TXQ_TAIL
.6b95	8d db 2e	sta $2edb	    sta TXQ_SCAN
.6b98	a0 00		ldy #$00	    ldy #$00
.6b9a					_copy_from_queue:
.6b9a	cc da 2e	cpy $2eda	    cpy TXQ_SEND_LEN
.6b9d	f0 10		beq $6baf	    beq _payload_ready
.6b9f	ae db 2e	ldx $2edb	    ldx TXQ_SCAN
.6ba2	bd 14 2f	lda $2f14,x	    lda TX_APP_QUEUE,x
.6ba5	99 23 31	sta $3123,y	    sta TCP_DATA_PAYLOAD,y
.6ba8	ee db 2e	inc $2edb	    inc TXQ_SCAN
.6bab	c8		iny		    iny
.6bac	4c 9a 6b	jmp $6b9a	    jmp _copy_from_queue
.6baf					_payload_ready:
.6baf	ad da 2e	lda $2eda	    lda TXQ_SEND_LEN
.6bb2	8d ff 30	sta $30ff	    sta TCP_DATA_PAYLOAD_SIZE
.6bb5	a9 00		lda #$00	    lda #$00
.6bb7	8d 00 31	sta $3100	    sta TCP_DATA_PAYLOAD_SIZE+1
.6bba	a9 18		lda #$18	    lda #TCP_FLAG_PSH|TCP_FLAG_ACK
.6bbc	20 32 43	jsr $4332	    jsr ETH_BUILD_TCPIP_PACKET
.6bbf	b3 8d 00	bcs $6c4e	    bcs _send_fail_clear
.6bc2	20 94 42	jsr $4294	    jsr ETH_PACKET_SEND
.6bc5	b3 87 00	bcs $6c4e	    bcs _send_fail_clear
.6bc8	a9 00		lda #$00	    lda #$00
.6bca	8d 52 21	sta $2152	    sta ACK_REPLY_PENDING
.6bcd	a2 00		ldx #$00	    ldx #$00
.6bcf					_save_seq:
.6bcf	bd 1e 21	lda $211e,x	    lda LOCAL_ISN,x
.6bd2	9d ea 2e	sta $2eea,x	    sta TX_UNACK_SEQ,x
.6bd5	9d ee 2e	sta $2eee,x	    sta TX_UNACK_EXPECT_ACK,x
.6bd8	e8		inx		    inx
.6bd9	e0 04		cpx #$04	    cpx #$04
.6bdb	d0 f2		bne $6bcf	    bne _save_seq
.6bdd	ad f1 2e	lda $2ef1	    lda TX_UNACK_EXPECT_ACK+3
.6be0	18		clc		    clc
.6be1	6d da 2e	adc $2eda	    adc TXQ_SEND_LEN
.6be4	8d f1 2e	sta $2ef1	    sta TX_UNACK_EXPECT_ACK+3
.6be7	ad f0 2e	lda $2ef0	    lda TX_UNACK_EXPECT_ACK+2
.6bea	69 00		adc #$00	    adc #$00
.6bec	8d f0 2e	sta $2ef0	    sta TX_UNACK_EXPECT_ACK+2
.6bef	ad ef 2e	lda $2eef	    lda TX_UNACK_EXPECT_ACK+1
.6bf2	69 00		adc #$00	    adc #$00
.6bf4	8d ef 2e	sta $2eef	    sta TX_UNACK_EXPECT_ACK+1
.6bf7	ad ee 2e	lda $2eee	    lda TX_UNACK_EXPECT_ACK+0
.6bfa	69 00		adc #$00	    adc #$00
.6bfc	8d ee 2e	sta $2eee	    sta TX_UNACK_EXPECT_ACK+0
.6bff	a0 00		ldy #$00	    ldy #$00
.6c01					_save_payload:
.6c01	cc da 2e	cpy $2eda	    cpy TXQ_SEND_LEN
.6c04	f0 0a		beq $6c10	    beq _payload_saved
.6c06	b9 23 31	lda $3123,y	    lda TCP_DATA_PAYLOAD,y
.6c09	99 14 30	sta $3014,y	    sta TX_UNACK_PAYLOAD,y
.6c0c	c8		iny		    iny
.6c0d	4c 01 6c	jmp $6c01	    jmp _save_payload
.6c10					_payload_saved:
.6c10	ad db 2e	lda $2edb	    lda TXQ_SCAN
.6c13	8d d6 2e	sta $2ed6	    sta TXQ_TAIL
.6c16	ad d7 2e	lda $2ed7	    lda TXQ_COUNT
.6c19	38		sec		    sec
.6c1a	ed da 2e	sbc $2eda	    sbc TXQ_SEND_LEN
.6c1d	8d d7 2e	sta $2ed7	    sta TXQ_COUNT
.6c20	ad da 2e	lda $2eda	    lda TXQ_SEND_LEN
.6c23	8d dd 2e	sta $2edd	    sta TX_UNACK_LEN
.6c26	a9 01		lda #$01	    lda #$01
.6c28	8d dc 2e	sta $2edc	    sta TX_UNACK_PENDING
.6c2b	a9 0a		lda #$0a	    lda #TCP_TX_RETRY_TICKS
.6c2d	8d de 2e	sta $2ede	    sta TX_UNACK_RETRY_TICKS
.6c30	a9 06		lda #$06	    lda #TCP_TX_MAX_RETRIES
.6c32	8d df 2e	sta $2edf	    sta TX_UNACK_RETRY_LEFT
.6c35	20 34 6b	jsr $6b34	    jsr TCP_TX_TIMER_STAMP
.6c38	ad e2 2e	lda $2ee2	    lda NET_TICK_LO
.6c3b	8d e6 2e	sta $2ee6	    sta TX_SEND_TICK_LO
.6c3e	ad e3 2e	lda $2ee3	    lda NET_TICK_HI
.6c41	8d e7 2e	sta $2ee7	    sta TX_SEND_TICK_HI
.6c44	20 cd 48	jsr $48cd	    jsr CALC_LOCAL_ISN
.6c47	20 b7 48	jsr $48b7	    jsr CLEAR_TCP_PAYLOAD
.6c4a	18		clc		    clc
.6c4b	60		rts		    rts
.6c4c					_nothing_to_send:
.6c4c	18		clc		    clc
.6c4d	60		rts		    rts
.6c4e					_send_fail_clear:
.6c4e	20 b7 48	jsr $48b7	    jsr CLEAR_TCP_PAYLOAD
.6c51					_send_fail:
.6c51	38		sec		    sec
.6c52	60		rts		    rts
.6c53					TCP_TX_RETRANSMIT_PENDING:
.6c53	ad dc 2e	lda $2edc	    lda TX_UNACK_PENDING
.6c56	f0 63		beq $6cbb	    beq _no_pending
.6c58	ad dd 2e	lda $2edd	    lda TX_UNACK_LEN
.6c5b	f0 59		beq $6cb6	    beq _clear_pending
.6c5d	a2 00		ldx #$00	    ldx #$00
.6c5f					_save_current_isn:
.6c5f	bd 1e 21	lda $211e,x	    lda LOCAL_ISN,x
.6c62	9d f2 2e	sta $2ef2,x	    sta TX_SAVE_LOCAL_ISN,x
.6c65	bd ea 2e	lda $2eea,x	    lda TX_UNACK_SEQ,x
.6c68	9d 1e 21	sta $211e,x	    sta LOCAL_ISN,x
.6c6b	e8		inx		    inx
.6c6c	e0 04		cpx #$04	    cpx #$04
.6c6e	d0 ef		bne $6c5f	    bne _save_current_isn
.6c70	a0 00		ldy #$00	    ldy #$00
.6c72					_copy_unack_payload:
.6c72	cc dd 2e	cpy $2edd	    cpy TX_UNACK_LEN
.6c75	f0 0a		beq $6c81	    beq _unack_payload_ready
.6c77	b9 14 30	lda $3014,y	    lda TX_UNACK_PAYLOAD,y
.6c7a	99 23 31	sta $3123,y	    sta TCP_DATA_PAYLOAD,y
.6c7d	c8		iny		    iny
.6c7e	4c 72 6c	jmp $6c72	    jmp _copy_unack_payload
.6c81					_unack_payload_ready:
.6c81	ad dd 2e	lda $2edd	    lda TX_UNACK_LEN
.6c84	8d ff 30	sta $30ff	    sta TCP_DATA_PAYLOAD_SIZE
.6c87	a9 00		lda #$00	    lda #$00
.6c89	8d 00 31	sta $3100	    sta TCP_DATA_PAYLOAD_SIZE+1
.6c8c	a9 18		lda #$18	    lda #TCP_FLAG_PSH|TCP_FLAG_ACK
.6c8e	20 32 43	jsr $4332	    jsr ETH_BUILD_TCPIP_PACKET
.6c91	08		php		    php
.6c92	a2 00		ldx #$00	    ldx #$00
.6c94					_restore_isn_after_build:
.6c94	bd f2 2e	lda $2ef2,x	    lda TX_SAVE_LOCAL_ISN,x
.6c97	9d 1e 21	sta $211e,x	    sta LOCAL_ISN,x
.6c9a	e8		inx		    inx
.6c9b	e0 04		cpx #$04	    cpx #$04
.6c9d	d0 f5		bne $6c94	    bne _restore_isn_after_build
.6c9f	28		plp		    plp
.6ca0	b0 0f		bcs $6cb1	    bcs _retransmit_fail
.6ca2	20 94 42	jsr $4294	    jsr ETH_PACKET_SEND
.6ca5	b0 0a		bcs $6cb1	    bcs _retransmit_fail
.6ca7	a9 00		lda #$00	    lda #$00
.6ca9	8d 52 21	sta $2152	    sta ACK_REPLY_PENDING
.6cac	20 b7 48	jsr $48b7	    jsr CLEAR_TCP_PAYLOAD
.6caf	18		clc		    clc
.6cb0	60		rts		    rts
.6cb1					_retransmit_fail:
.6cb1	20 b7 48	jsr $48b7	    jsr CLEAR_TCP_PAYLOAD
.6cb4	38		sec		    sec
.6cb5	60		rts		    rts
.6cb6					_clear_pending:
.6cb6	a9 00		lda #$00	    lda #$00
.6cb8	8d dc 2e	sta $2edc	    sta TX_UNACK_PENDING
.6cbb					_no_pending:
.6cbb	18		clc		    clc
.6cbc	60		rts		    rts

;******  Return to file: mega-ip/eth.asm

.6cbd					CHAR_TRANSLATE:
.6cbd	4c 62 6e	jmp $6e62	    jmp CHAR_TRANSLATE_IMPL
.6cc0					SEND_TRANSLATE_PAYLOAD:
.6cc0	ad 51 21	lda $2151	    lda CHARACTER_MODE
.6cc3	f0 14		beq $6cd9	    beq _send_xlate_done
.6cc5	a0 00		ldy #$00	    ldy #$00
.6cc7					_send_xlate_loop:
.6cc7	cc ff 30	cpy $30ff	    cpy TCP_DATA_PAYLOAD_SIZE
.6cca	f0 0d		beq $6cd9	    beq _send_xlate_done
.6ccc	b9 23 31	lda $3123,y	    lda TCP_DATA_PAYLOAD,y
.6ccf	20 da 6c	jsr $6cda	    jsr PETSCII_TO_ASCII
.6cd2	99 23 31	sta $3123,y	    sta TCP_DATA_PAYLOAD,y
.6cd5	c8		iny		    iny
.6cd6	4c c7 6c	jmp $6cc7	    jmp _send_xlate_loop
.6cd9					_send_xlate_done:
.6cd9	60		rts		    rts
.6cda					PETSCII_TO_ASCII:
.6cda	c9 c1		cmp #$c1	    cmp #$c1
.6cdc	90 07		bcc $6ce5	    bcc _petscii_maybe_lower
.6cde	c9 db		cmp #$db	    cmp #$db
.6ce0	b0 03		bcs $6ce5	    bcs _petscii_maybe_lower
.6ce2	29 7f		and #$7f	    and #$7f
.6ce4	60		rts		    rts
.6ce5					_petscii_maybe_lower:
.6ce5	c9 41		cmp #$41	    cmp #$41
.6ce7	90 06		bcc $6cef	    bcc _petscii_ascii_done
.6ce9	c9 5b		cmp #$5b	    cmp #$5b
.6ceb	b0 02		bcs $6cef	    bcs _petscii_ascii_done
.6ced	09 20		ora #$20	    ora #$20
.6cef					_petscii_ascii_done:
.6cef	60		rts		    rts

;******  Processing file: mega-ip/tcp_seq.asm

.6cf0					TCP_SEQ_CMP_SEG_SEQ_REMOTE:
.6cf0	38		sec		    sec
.6cf1	ad a4 21	lda $21a4	    lda SEG_SEQ+3
.6cf4	ed 1d 21	sbc $211d	    sbc REMOTE_ISN+3
.6cf7	8d af 6d	sta $6daf	    sta TCP_SEQ_DIFF+3
.6cfa	ad a3 21	lda $21a3	    lda SEG_SEQ+2
.6cfd	ed 1c 21	sbc $211c	    sbc REMOTE_ISN+2
.6d00	8d ae 6d	sta $6dae	    sta TCP_SEQ_DIFF+2
.6d03	ad a2 21	lda $21a2	    lda SEG_SEQ+1
.6d06	ed 1b 21	sbc $211b	    sbc REMOTE_ISN+1
.6d09	8d ad 6d	sta $6dad	    sta TCP_SEQ_DIFF+1
.6d0c	ad a1 21	lda $21a1	    lda SEG_SEQ+0
.6d0f	ed 1a 21	sbc $211a	    sbc REMOTE_ISN+0
.6d12	8d ac 6d	sta $6dac	    sta TCP_SEQ_DIFF+0
.6d15	4c 90 6d	jmp $6d90	    jmp TCP_SEQ_FINISH_CMP
.6d18					TCP_SEQ_CMP_SEG_ACK_TX_UNACK_SEQ:
.6d18	38		sec		    sec
.6d19	ad a8 21	lda $21a8	    lda SEG_ACK+3
.6d1c	ed ed 2e	sbc $2eed	    sbc TX_UNACK_SEQ+3
.6d1f	8d af 6d	sta $6daf	    sta TCP_SEQ_DIFF+3
.6d22	ad a7 21	lda $21a7	    lda SEG_ACK+2
.6d25	ed ec 2e	sbc $2eec	    sbc TX_UNACK_SEQ+2
.6d28	8d ae 6d	sta $6dae	    sta TCP_SEQ_DIFF+2
.6d2b	ad a6 21	lda $21a6	    lda SEG_ACK+1
.6d2e	ed eb 2e	sbc $2eeb	    sbc TX_UNACK_SEQ+1
.6d31	8d ad 6d	sta $6dad	    sta TCP_SEQ_DIFF+1
.6d34	ad a5 21	lda $21a5	    lda SEG_ACK+0
.6d37	ed ea 2e	sbc $2eea	    sbc TX_UNACK_SEQ+0
.6d3a	8d ac 6d	sta $6dac	    sta TCP_SEQ_DIFF+0
.6d3d	4c 90 6d	jmp $6d90	    jmp TCP_SEQ_FINISH_CMP
.6d40					TCP_SEQ_CMP_SEG_ACK_LOCAL_ISN:
.6d40	38		sec		    sec
.6d41	ad a8 21	lda $21a8	    lda SEG_ACK+3
.6d44	ed 21 21	sbc $2121	    sbc LOCAL_ISN+3
.6d47	8d af 6d	sta $6daf	    sta TCP_SEQ_DIFF+3
.6d4a	ad a7 21	lda $21a7	    lda SEG_ACK+2
.6d4d	ed 20 21	sbc $2120	    sbc LOCAL_ISN+2
.6d50	8d ae 6d	sta $6dae	    sta TCP_SEQ_DIFF+2
.6d53	ad a6 21	lda $21a6	    lda SEG_ACK+1
.6d56	ed 1f 21	sbc $211f	    sbc LOCAL_ISN+1
.6d59	8d ad 6d	sta $6dad	    sta TCP_SEQ_DIFF+1
.6d5c	ad a5 21	lda $21a5	    lda SEG_ACK+0
.6d5f	ed 1e 21	sbc $211e	    sbc LOCAL_ISN+0
.6d62	8d ac 6d	sta $6dac	    sta TCP_SEQ_DIFF+0
.6d65	4c 90 6d	jmp $6d90	    jmp TCP_SEQ_FINISH_CMP
.6d68					TCP_SEQ_CMP_SEG_ACK_TX_EXPECT:
.6d68	38		sec		    sec
.6d69	ad a8 21	lda $21a8	    lda SEG_ACK+3
.6d6c	ed f1 2e	sbc $2ef1	    sbc TX_UNACK_EXPECT_ACK+3
.6d6f	8d af 6d	sta $6daf	    sta TCP_SEQ_DIFF+3
.6d72	ad a7 21	lda $21a7	    lda SEG_ACK+2
.6d75	ed f0 2e	sbc $2ef0	    sbc TX_UNACK_EXPECT_ACK+2
.6d78	8d ae 6d	sta $6dae	    sta TCP_SEQ_DIFF+2
.6d7b	ad a6 21	lda $21a6	    lda SEG_ACK+1
.6d7e	ed ef 2e	sbc $2eef	    sbc TX_UNACK_EXPECT_ACK+1
.6d81	8d ad 6d	sta $6dad	    sta TCP_SEQ_DIFF+1
.6d84	ad a5 21	lda $21a5	    lda SEG_ACK+0
.6d87	ed ee 2e	sbc $2eee	    sbc TX_UNACK_EXPECT_ACK+0
.6d8a	8d ac 6d	sta $6dac	    sta TCP_SEQ_DIFF+0
.6d8d	4c 90 6d	jmp $6d90	    jmp TCP_SEQ_FINISH_CMP
.6d90					TCP_SEQ_FINISH_CMP:
.6d90	ad ac 6d	lda $6dac	    lda TCP_SEQ_DIFF+0
.6d93	0d ad 6d	ora $6dad	    ora TCP_SEQ_DIFF+1
.6d96	0d ae 6d	ora $6dae	    ora TCP_SEQ_DIFF+2
.6d99	0d af 6d	ora $6daf	    ora TCP_SEQ_DIFF+3
.6d9c	f0 0b		beq $6da9	    beq TCP_SEQ_CMP_EQUAL
.6d9e	ad ac 6d	lda $6dac	    lda TCP_SEQ_DIFF+0
.6da1	30 03		bmi $6da6	    bmi TCP_SEQ_CMP_LESS
.6da3	a9 01		lda #$01	    lda #$01
.6da5	60		rts		    rts
.6da6					TCP_SEQ_CMP_LESS:
.6da6	a9 ff		lda #$ff	    lda #$ff
.6da8	60		rts		    rts
.6da9					TCP_SEQ_CMP_EQUAL:
.6da9	a9 00		lda #$00	    lda #$00
.6dab	60		rts		    rts
>6dac	00 00 00 00			TCP_SEQ_DIFF: .byte $00, $00, $00, $00

;******  Return to file: mega-ip/eth.asm

.6db0					ETH_SET_LOCAL_PORT:
.6db0	8d 04 21	sta $2104	    sta LOCAL_PORT+0
.6db3	8e 05 21	stx $2105	    stx LOCAL_PORT+1
.6db6	60		rts		    rts
.6db7					ETH_GET_LOCAL_IP:
.6db7	ad 00 21	lda $2100	    lda LOCAL_IP+0
.6dba	ae 01 21	ldx $2101	    ldx LOCAL_IP+1
.6dbd	ac 02 21	ldy $2102	    ldy LOCAL_IP+2
.6dc0	ab 03 21	ldz $2103	    ldz LOCAL_IP+3
.6dc3	60		rts		    rts
.6dc4					ETH_GET_GATEWAY_IP:
.6dc4	ad 0c 21	lda $210c	    lda GATEWAY_IP+0
.6dc7	ae 0d 21	ldx $210d	    ldx GATEWAY_IP+1
.6dca	ac 0e 21	ldy $210e	    ldy GATEWAY_IP+2
.6dcd	ab 0f 21	ldz $210f	    ldz GATEWAY_IP+3
.6dd0	60		rts		    rts
.6dd1					ETH_GET_SUBNET_MASK:
.6dd1	ad 10 21	lda $2110	    lda SUBNET_MASK+0
.6dd4	ae 11 21	ldx $2111	    ldx SUBNET_MASK+1
.6dd7	ac 12 21	ldy $2112	    ldy SUBNET_MASK+2
.6dda	ab 13 21	ldz $2113	    ldz SUBNET_MASK+3
.6ddd	60		rts		    rts
.6dde					ETH_GET_PRIMARY_DNS:
.6dde	ad 14 21	lda $2114	    lda PRIMARY_DNS+0
.6de1	ae 15 21	ldx $2115	    ldx PRIMARY_DNS+1
.6de4	ac 16 21	ldy $2116	    ldy PRIMARY_DNS+2
.6de7	ab 17 21	ldz $2117	    ldz PRIMARY_DNS+3
.6dea	60		rts		    rts
.6deb					ETH_GET_REMOTE_IP:
.6deb	ad 06 21	lda $2106	    lda REMOTE_IP+0
.6dee	ae 07 21	ldx $2107	    ldx REMOTE_IP+1
.6df1	ac 08 21	ldy $2108	    ldy REMOTE_IP+2
.6df4	ab 09 21	ldz $2109	    ldz REMOTE_IP+3
.6df7	60		rts		    rts
.6df8					ETH_TCP_FORCE_CLOSE:
.6df8	20 ed 49	jsr $49ed	    jsr TCP_HARD_RESET
.6dfb	a9 00		lda #$00	    lda #$00
.6dfd	8d 3d 4a	sta $4a3d	    sta TCP_EVENT_FLAG
.6e00	8d 38 21	sta $2138	    sta TCP_LISTEN_ENABLED
.6e03	8d 37 21	sta $2137	    sta TCP_ACCEPT_FLAGS
.6e06	8d 25 21	sta $2125	    sta CONNECT_ACTIVE
.6e09	8d 26 21	sta $2126	    sta CONNECT_SYN_SENT
.6e0c	8d 27 21	sta $2127	    sta CONNECT_FAIL_LATCH
.6e0f	8d 28 21	sta $2128	    sta CONNECT_RETRY_TICKS
.6e12	8d 29 21	sta $2129	    sta CONNECT_RETRY_LEFT
.6e15	8d 06 4c	sta $4c06	    sta ARP_STATE
.6e18	8d 07 4c	sta $4c07	    sta ARP_RETRY_TICKS
.6e1b	8d 08 4c	sta $4c08	    sta ARP_RETRY_LEFT
.6e1e	8d 9d 50	sta $509d	    sta DNS_STATE
.6e21	8d 9e 50	sta $509e	    sta DNS_RETRY_LEFT
.6e24	8d 9f 50	sta $509f	    sta DNS_RETRY_TICKS
.6e27	8d a1 50	sta $50a1	    sta DNS_FRAME_TICKS
.6e2a	8d 52 21	sta $2152	    sta ACK_REPLY_PENDING
.6e2d	8d 53 21	sta $2153	    sta ACK_REPLY_LEN_L
.6e30	8d 54 21	sta $2154	    sta ACK_REPLY_LEN_H
.6e33	60		rts		    rts
.6e34					ETH_GET_ABI_INFO:
.6e34	a9 01		lda #$01	    lda #$01
.6e36	a2 00		ldx #$00	    ldx #$00
.6e38	a0 01		ldy #$01	    ldy #%00000001       ; config getters / force-close are present
.6e3a	a3 01		ldz #$01	    ldz #%00000001       ; ML buffer/byte extension table is present
.6e3c	60		rts		    rts
.6e3d					ETH_DNS_START_ASTR:
.6e3d	20 ca 62	jsr $62ca	    jsr COPY_ASTR_TO_DNS_HOST
.6e40	ad b5 21	lda $21b5	    lda host_str
.6e43	f0 0c		beq $6e51	    beq _dns_start_astr_fail
.6e45	a9 b5		lda #$b5	    lda #<host_str
.6e47	a2 21		ldx #$21	    ldx #>host_str
.6e49	20 db 53	jsr $53db	    jsr DNS_RESOLVE_START
.6e4c	b0 03		bcs $6e51	    bcs _dns_start_astr_fail
.6e4e	a9 01		lda #$01	    lda #$01
.6e50	60		rts		    rts
.6e51					_dns_start_astr_fail:
.6e51	a9 00		lda #$00	    lda #$00
.6e53	60		rts		    rts
.6e54					ETH_TCP_TX_IDLE:
.6e54	ad d7 2e	lda $2ed7	    lda TXQ_COUNT
.6e57	0d dc 2e	ora $2edc	    ora TX_UNACK_PENDING
.6e5a	f0 03		beq $6e5f	    beq _tcp_tx_idle_yes
.6e5c	a9 00		lda #$00	    lda #$00
.6e5e	60		rts		    rts
.6e5f					_tcp_tx_idle_yes:
.6e5f	a9 01		lda #$01	    lda #$01
.6e61	60		rts		    rts
.6e62					CHAR_TRANSLATE_IMPL:
.6e62	48		pha		    pha
.6e63	ad 51 21	lda $2151	    lda CHARACTER_MODE
.6e66	f0 18		beq $6e80	    beq _char_no_translate
.6e68	68		pla		    pla
.6e69	c9 41		cmp #$41	    cmp #$41
.6e6b	90 07		bcc $6e74	    bcc _char_check_lower
.6e6d	c9 5b		cmp #$5b	    cmp #$5B
.6e6f	b0 03		bcs $6e74	    bcs _char_check_lower
.6e71	09 80		ora #$80	    ora #$80                    ; ASCII A-Z ($41-$5A) -> PETSCII upper ($C1-$DA)
.6e73	60		rts		    rts
.6e74					_char_check_lower:
.6e74	c9 61		cmp #$61	    cmp #$61
.6e76	90 07		bcc $6e7f	    bcc _char_printable
.6e78	c9 7b		cmp #$7b	    cmp #$7B
.6e7a	b0 03		bcs $6e7f	    bcs _char_printable
.6e7c	29 df		and #$df	    and #$DF                    ; ASCII a-z ($61-$7A) -> PETSCII lower ($41-$5A)
.6e7e	60		rts		    rts
.6e7f					_char_printable:
.6e7f	60		rts		    rts
.6e80					_char_no_translate:
.6e80	68		pla		    pla
.6e81	60		rts		    rts
.6e82					READ_TAIL_ATOMIC:
.6e82					_again:
.6e82	ad 94 21	lda $2194	    lda RBUF_TAIL_HI
.6e85	8d 96 21	sta $2196	    sta TMP_TAIL_HI
.6e88	ad 93 21	lda $2193	    lda RBUF_TAIL_LO
.6e8b	8d 95 21	sta $2195	    sta TMP_TAIL_LO
.6e8e	ad 94 21	lda $2194	    lda RBUF_TAIL_HI
.6e91	cd 96 21	cmp $2196	    cmp TMP_TAIL_HI
.6e94	d0 ec		bne $6e82	    bne _again
.6e96	60		rts		    rts
.6e97					READ_HEAD_ATOMIC:
.6e97					_again:
.6e97	ad 92 21	lda $2192	    lda RBUF_HEAD_HI
.6e9a	8d 98 21	sta $2198	    sta TMP_HEAD_HI
.6e9d	ad 91 21	lda $2191	    lda RBUF_HEAD_LO
.6ea0	8d 97 21	sta $2197	    sta TMP_HEAD_LO
.6ea3	ad 92 21	lda $2192	    lda RBUF_HEAD_HI
.6ea6	cd 98 21	cmp $2198	    cmp TMP_HEAD_HI
.6ea9	d0 ec		bne $6e97	    bne _again
.6eab	60		rts		    rts
.6eac					ETH_CLEAR_DRIVER_STATE:
.6eac	a9 00		lda #$00	    lda #$00
.6eae	8d 92 21	sta $2192	    sta RBUF_HEAD_HI
.6eb1	8d 91 21	sta $2191	    sta RBUF_HEAD_LO
.6eb4	8d 94 21	sta $2194	    sta RBUF_TAIL_HI
.6eb7	8d 93 21	sta $2193	    sta RBUF_TAIL_LO
.6eba	8d 06 4c	sta $4c06	    sta ARP_STATE
.6ebd	8d 07 4c	sta $4c07	    sta ARP_RETRY_TICKS
.6ec0	8d 08 4c	sta $4c08	    sta ARP_RETRY_LEFT
.6ec3	8d 09 4c	sta $4c09	    sta ARP_LAST_RASTER_LO
.6ec6	8d 0a 4c	sta $4c0a	    sta ARP_LAST_RASTER_HI
.6ec9	8d 9d 50	sta $509d	    sta DNS_STATE
.6ecc	8d 9e 50	sta $509e	    sta DNS_RETRY_LEFT
.6ecf	8d 9f 50	sta $509f	    sta DNS_RETRY_TICKS
.6ed2	8d a0 50	sta $50a0	    sta DNS_LAST_BACKOFF
.6ed5	8d a1 50	sta $50a1	    sta DNS_FRAME_TICKS
.6ed8	8d 24 5a	sta $5a24	    sta DHCP_IN_PROGRESS
.6edb	8d 25 5a	sta $5a25	    sta DHCP_STATE
.6ede	8d 26 5a	sta $5a26	    sta DHCP_RETRY_TICKS
.6ee1	8d 28 5a	sta $5a28	    sta DHCP_FRAME_TICKS
.6ee4	8d 48 5a	sta $5a48	    sta DHCP_RENEW_ACTIVE
.6ee7	8d 49 5a	sta $5a49	    sta DHCP_RENEW_SUBTICKS
.6eea	8d 4a 5a	sta $5a4a	    sta DHCP_RENEW_SECS_LO
.6eed	8d 4b 5a	sta $5a4b	    sta DHCP_RENEW_SECS_HI
.6ef0	8d 4e 5a	sta $5a4e	    sta DHCP_REQUEST_IS_RENEW
.6ef3	8d 3d 4a	sta $4a3d	    sta TCP_EVENT_FLAG
.6ef6	8d 18 21	sta $2118	    sta ETH_STATE
.6ef9	8d 19 21	sta $2119	    sta TCP_STATE
.6efc	8d 4c 21	sta $214c	    sta TIME_WAIT_COUNTER_LO
.6eff	8d 4d 21	sta $214d	    sta TIME_WAIT_COUNTER_HI
.6f02	8d 4e 21	sta $214e	    sta TIME_WAIT_FRAME_TICKS
.6f05	8d 4f 21	sta $214f	    sta TIME_WAIT_LAST_RASTER_LO
.6f08	8d 50 21	sta $2150	    sta TIME_WAIT_LAST_RASTER_HI
.6f0b	8d 25 21	sta $2125	    sta CONNECT_ACTIVE
.6f0e	8d 26 21	sta $2126	    sta CONNECT_SYN_SENT
.6f11	8d 27 21	sta $2127	    sta CONNECT_FAIL_LATCH
.6f14	8d 28 21	sta $2128	    sta CONNECT_RETRY_TICKS
.6f17	8d 29 21	sta $2129	    sta CONNECT_RETRY_LEFT
.6f1a	8d 2a 21	sta $212a	    sta CONNECT_LAST_RASTER_LO
.6f1d	8d 2b 21	sta $212b	    sta CONNECT_LAST_RASTER_HI
.6f20	8d 36 21	sta $2136	    sta TCP_LISTEN_STATE
.6f23	8d 37 21	sta $2137	    sta TCP_ACCEPT_FLAGS
.6f26	8d 38 21	sta $2138	    sta TCP_LISTEN_ENABLED
.6f29	8d 52 21	sta $2152	    sta ACK_REPLY_PENDING
.6f2c	8d 53 21	sta $2153	    sta ACK_REPLY_LEN_L
.6f2f	8d 54 21	sta $2154	    sta ACK_REPLY_LEN_H
.6f32	8d 45 21	sta $2145	    sta ETH_RX_TCP_FLAGS
.6f35	8d 0e 32	sta $320e	    sta TCP_DATA_PAYLOAD_PAD
.6f38	20 1d 6a	jsr $6a1d	    jsr TCP_TX_RESET
.6f3b	20 90 48	jsr $4890	    jsr CLEAR_LOCAL_ISN
.6f3e	20 a2 48	jsr $48a2	    jsr CLEAR_REMOTE_ISN
.6f41	20 fb 3b	jsr $3bfb	    jsr TCP_OOO_CLEAR
.6f44	20 b7 48	jsr $48b7	    jsr CLEAR_TCP_PAYLOAD
.6f47	60		rts		    rts
.6f48					CONNECT_FRAME_WRAP_TICK:
.6f48	20 9b 4f	jsr $4f9b	    jsr ARP_READ_RASTER
.6f4b	ad 0c 4c	lda $4c0c	    lda ARP_CUR_RASTER_HI
.6f4e	cd 2b 21	cmp $212b	    cmp CONNECT_LAST_RASTER_HI
.6f51	90 18		bcc $6f6b	    bcc _connect_frame_elapsed
.6f53	d0 08		bne $6f5d	    bne _connect_no_frame
.6f55	ad 0b 4c	lda $4c0b	    lda ARP_CUR_RASTER_LO
.6f58	cd 2a 21	cmp $212a	    cmp CONNECT_LAST_RASTER_LO
.6f5b	90 0e		bcc $6f6b	    bcc _connect_frame_elapsed
.6f5d					_connect_no_frame:
.6f5d	ad 0b 4c	lda $4c0b	    lda ARP_CUR_RASTER_LO
.6f60	8d 2a 21	sta $212a	    sta CONNECT_LAST_RASTER_LO
.6f63	ad 0c 4c	lda $4c0c	    lda ARP_CUR_RASTER_HI
.6f66	8d 2b 21	sta $212b	    sta CONNECT_LAST_RASTER_HI
.6f69	18		clc		    clc
.6f6a	60		rts		    rts
.6f6b					_connect_frame_elapsed:
.6f6b	ad 0b 4c	lda $4c0b	    lda ARP_CUR_RASTER_LO
.6f6e	8d 2a 21	sta $212a	    sta CONNECT_LAST_RASTER_LO
.6f71	ad 0c 4c	lda $4c0c	    lda ARP_CUR_RASTER_HI
.6f74	8d 2b 21	sta $212b	    sta CONNECT_LAST_RASTER_HI
.6f77	38		sec		    sec
.6f78	60		rts		    rts
>6f79	00				CONNECT_LAST_RX_DEST_CLASS:  .byte $00
.6f7a					ETH_INIT_ML_SAFE:
.6f7a	08		php		    php
.6f7b	78		sei		    sei
.6f7c	20 0f 32	jsr $320f	    jsr MEGA65_IO_ENABLE
.6f7f	ad e5 d6	lda $d6e5	    lda MEGA65_ETH_CTRL3
.6f82	29 df		and #$df	    and #%11011111
.6f84	09 11		ora #$11	    ora #%00010001
.6f86	8d e5 d6	sta $d6e5	    sta MEGA65_ETH_CTRL3
.6f89	ad e5 d6	lda $d6e5	    lda MEGA65_ETH_CTRL3
.6f8c	29 f3		and #$f3	    and #%11110011
.6f8e	09 04		ora #$04	    ora #%00000100
.6f90	8d e5 d6	sta $d6e5	    sta MEGA65_ETH_CTRL3
.6f93	ad e5 d6	lda $d6e5	    lda MEGA65_ETH_CTRL3
.6f96	29 3f		and #$3f	    and #%00111111
.6f98	09 40		ora #$40	    ora #%01000000
.6f9a	8d e5 d6	sta $d6e5	    sta MEGA65_ETH_CTRL3
.6f9d	ad e9 d6	lda $d6e9	    lda MEGA65_ETH_MAC+0
.6fa0	8d 3b 22	sta $223b	    sta ETH_TX_FRAME_SRC_MAC+0
.6fa3	ad ea d6	lda $d6ea	    lda MEGA65_ETH_MAC+1
.6fa6	8d 3c 22	sta $223c	    sta ETH_TX_FRAME_SRC_MAC+1
.6fa9	ad eb d6	lda $d6eb	    lda MEGA65_ETH_MAC+2
.6fac	8d 3d 22	sta $223d	    sta ETH_TX_FRAME_SRC_MAC+2
.6faf	ad ec d6	lda $d6ec	    lda MEGA65_ETH_MAC+3
.6fb2	8d 3e 22	sta $223e	    sta ETH_TX_FRAME_SRC_MAC+3
.6fb5	ad ed d6	lda $d6ed	    lda MEGA65_ETH_MAC+4
.6fb8	8d 3f 22	sta $223f	    sta ETH_TX_FRAME_SRC_MAC+4
.6fbb	ad ee d6	lda $d6ee	    lda MEGA65_ETH_MAC+5
.6fbe	8d 40 22	sta $2240	    sta ETH_TX_FRAME_SRC_MAC+5
.6fc1	a9 03		lda #$03	    lda #$03
.6fc3	8d e0 d6	sta $d6e0	    sta MEGA65_ETH_CTRL1
.6fc6	8d e1 d6	sta $d6e1	    sta MEGA65_ETH_CTRL2
.6fc9	a9 00		lda #$00	    lda #$00
.6fcb	8d e1 d6	sta $d6e1	    sta MEGA65_ETH_CTRL2
.6fce	20 ac 6e	jsr $6eac	    jsr ETH_CLEAR_DRIVER_STATE
.6fd1	28		plp		    plp
.6fd2	60		rts		    rts
.6fd3					DNS2_COPY_CNAME_RDATA:
.6fd3	ad 05 5a	lda $5a05	    lda DNS2_RD_LO
.6fd6	8d 1e 5a	sta $5a1e	    sta DNS2_NAME_LO
.6fd9	ad 06 5a	lda $5a06	    lda DNS2_RD_HI
.6fdc	8d 1f 5a	sta $5a1f	    sta DNS2_NAME_HI
.6fdf	a9 00		lda #$00	    lda #$00
.6fe1	8d fb 59	sta $59fb	    sta q_out
.6fe4	8d fc 59	sta $59fc	    sta q_guard
.6fe7					DNS2_COPY_NAME_LOOP:
.6fe7	ee fc 59	inc $59fc	    inc q_guard
.6fea	ad fc 59	lda $59fc	    lda q_guard
.6fed	c9 40		cmp #$40	    cmp #$40
.6fef	b3 95 00	bcs $7086	    bcs DNS2_COPY_NAME_BAD
.6ff2	20 88 70	jsr $7088	    jsr DNS2_READ_NAME_BYTE
.6ff5	aa		tax		    tax
.6ff6	ad 1c 5a	lda $5a1c	    lda DNS2_BOUNDS_FAIL
.6ff9	d3 8b 00	bne $7086	    bne DNS2_COPY_NAME_BAD
.6ffc	8a		txa		    txa
.6ffd	f0 75		beq $7074	    beq DNS2_COPY_NAME_ZERO
.6fff	29 c0		and #$c0	    and #$C0
.7001	f0 07		beq $700a	    beq DNS2_COPY_NAME_LABEL
.7003	c9 c0		cmp #$c0	    cmp #$C0
.7005	f0 45		beq $704c	    beq DNS2_COPY_NAME_POINTER
.7007	4c 86 70	jmp $7086	    jmp DNS2_COPY_NAME_BAD
.700a					DNS2_COPY_NAME_LABEL:
.700a	8a		txa		    txa
.700b	29 3f		and #$3f	    and #$3F
.700d	f0 77		beq $7086	    beq DNS2_COPY_NAME_BAD
.700f	8d fd 59	sta $59fd	    sta lbl_len
.7012	ae fb 59	ldx $59fb	    ldx q_out
.7015	e0 80		cpx #$80	    cpx #128
.7017	b0 6d		bcs $7086	    bcs DNS2_COPY_NAME_BAD
.7019	ad fd 59	lda $59fd	    lda lbl_len
.701c	9d a9 50	sta $50a9,x	    sta DNS_QNAME,x
.701f	e8		inx		    inx
.7020	8e fb 59	stx $59fb	    stx q_out
.7023	ad fd 59	lda $59fd	    lda lbl_len
.7026	8d 01 5a	sta $5a01	    sta lbl_cnt
.7029					DNS2_COPY_LABEL_BYTE:
.7029	20 88 70	jsr $7088	    jsr DNS2_READ_NAME_BYTE
.702c	a8		tay		    tay
.702d	ad 1c 5a	lda $5a1c	    lda DNS2_BOUNDS_FAIL
.7030	d0 54		bne $7086	    bne DNS2_COPY_NAME_BAD
.7032	98		tya		    tya
.7033	20 39 59	jsr $5939	    jsr DNS2_MATCH_LOWER_A
.7036	ae fb 59	ldx $59fb	    ldx q_out
.7039	e0 80		cpx #$80	    cpx #128
.703b	b0 49		bcs $7086	    bcs DNS2_COPY_NAME_BAD
.703d	9d a9 50	sta $50a9,x	    sta DNS_QNAME,x
.7040	e8		inx		    inx
.7041	8e fb 59	stx $59fb	    stx q_out
.7044	ce 01 5a	dec $5a01	    dec lbl_cnt
.7047	d0 e0		bne $7029	    bne DNS2_COPY_LABEL_BYTE
.7049	4c e7 6f	jmp $6fe7	    jmp DNS2_COPY_NAME_LOOP
.704c					DNS2_COPY_NAME_POINTER:
.704c	8a		txa		    txa
.704d	29 3f		and #$3f	    and #$3F
.704f	8d ff 59	sta $59ff	    sta ptr_hi
.7052	20 88 70	jsr $7088	    jsr DNS2_READ_NAME_BYTE
.7055	a8		tay		    tay
.7056	ad 1c 5a	lda $5a1c	    lda DNS2_BOUNDS_FAIL
.7059	d0 2b		bne $7086	    bne DNS2_COPY_NAME_BAD
.705b	8c 00 5a	sty $5a00	    sty ptr_lo
.705e	ad 03 5a	lda $5a03	    lda DNS2_BASE_LO
.7061	18		clc		    clc
.7062	6d 00 5a	adc $5a00	    adc ptr_lo
.7065	8d 1e 5a	sta $5a1e	    sta DNS2_NAME_LO
.7068	ad 04 5a	lda $5a04	    lda DNS2_BASE_HI
.706b	6d ff 59	adc $59ff	    adc ptr_hi
.706e	8d 1f 5a	sta $5a1f	    sta DNS2_NAME_HI
.7071	4c e7 6f	jmp $6fe7	    jmp DNS2_COPY_NAME_LOOP
.7074					DNS2_COPY_NAME_ZERO:
.7074	ae fb 59	ldx $59fb	    ldx q_out
.7077	e0 80		cpx #$80	    cpx #128
.7079	b0 0b		bcs $7086	    bcs DNS2_COPY_NAME_BAD
.707b	a9 00		lda #$00	    lda #$00
.707d	9d a9 50	sta $50a9,x	    sta DNS_QNAME,x
.7080	e8		inx		    inx
.7081	8e 29 51	stx $5129	    stx DNS_QNAME_LEN
.7084	18		clc		    clc
.7085	60		rts		    rts
.7086					DNS2_COPY_NAME_BAD:
.7086	38		sec		    sec
.7087	60		rts		    rts
.7088					DNS2_READ_NAME_BYTE:
.7088	ad 1f 5a	lda $5a1f	    lda DNS2_NAME_HI
.708b	cd 08 5a	cmp $5a08	    cmp DNS2_END_HI
.708e	90 13		bcc $70a3	    bcc DNS2_READ_NAME_OK
.7090	d0 08		bne $709a	    bne DNS2_READ_NAME_BAD
.7092	ad 1e 5a	lda $5a1e	    lda DNS2_NAME_LO
.7095	cd 07 5a	cmp $5a07	    cmp DNS2_END_LO
.7098	90 09		bcc $70a3	    bcc DNS2_READ_NAME_OK
.709a					DNS2_READ_NAME_BAD:
.709a	a9 01		lda #$01	    lda #$01
.709c	8d 1c 5a	sta $5a1c	    sta DNS2_BOUNDS_FAIL
.709f	a9 00		lda #$00	    lda #$00
.70a1	38		sec		    sec
.70a2	60		rts		    rts
.70a3					DNS2_READ_NAME_OK:
.70a3	ad 1e 5a	lda $5a1e	    lda DNS2_NAME_LO
.70a6	8d b0 70	sta $70b0	    sta DNS2_NAME_READ_ABS+1
.70a9	ad 1f 5a	lda $5a1f	    lda DNS2_NAME_HI
.70ac	8d b1 70	sta $70b1	    sta DNS2_NAME_READ_ABS+2
.70af					DNS2_NAME_READ_ABS:
.70af	ad ff ff	lda $ffff	    lda $ffff
.70b2	48		pha		    pha
.70b3	ee 1e 5a	inc $5a1e	    inc DNS2_NAME_LO
.70b6	d0 03		bne $70bb	    bne DNS2_NAME_ADV_DONE
.70b8	ee 1f 5a	inc $5a1f	    inc DNS2_NAME_HI
.70bb					DNS2_NAME_ADV_DONE:
.70bb	68		pla		    pla
.70bc	18		clc		    clc
.70bd	60		rts		    rts
.70be					DNS2_REQUERY_CNAME:
.70be	ad a4 50	lda $50a4	    lda DNS_CNAME_HOPS
.70c1	f0 52		beq $7115	    beq DNS2_REQUERY_CNAME_FAIL
.70c3	ce a4 50	dec $50a4	    dec DNS_CNAME_HOPS
.70c6	a9 08		lda #$08	    lda #DNS_MAX_RETRIES
.70c8	8d 9e 50	sta $509e	    sta DNS_RETRY_LEFT
.70cb	a9 02		lda #$02	    lda #DNS_TIMEOUT_TICKS_BASE
.70cd	8d 9f 50	sta $509f	    sta DNS_RETRY_TICKS
.70d0	8d a0 50	sta $50a0	    sta DNS_LAST_BACKOFF
.70d3	a9 06		lda #$06	    lda #DNS_TICK_FRAMES
.70d5	8d a1 50	sta $50a1	    sta DNS_FRAME_TICKS
.70d8	20 9b 4f	jsr $4f9b	    jsr ARP_READ_RASTER
.70db	ad 0b 4c	lda $4c0b	    lda ARP_CUR_RASTER_LO
.70de	8d a2 50	sta $50a2	    sta DNS_LAST_RASTER_LO
.70e1	ad 0c 4c	lda $4c0c	    lda ARP_CUR_RASTER_HI
.70e4	8d a3 50	sta $50a3	    sta DNS_LAST_RASTER_HI
.70e7	ee a7 50	inc $50a7	    inc DNS_CLIENT_PORT_HI
.70ea	ad a8 50	lda $50a8	    lda DNS_CLIENT_PORT_LO
.70ed	18		clc		    clc
.70ee	69 3d		adc #$3d	    adc #$3D
.70f0	8d a8 50	sta $50a8	    sta DNS_CLIENT_PORT_LO
.70f3	90 03		bcc $70f8	    bcc DNS2_REQUERY_PORT_OK
.70f5	ee a7 50	inc $50a7	    inc DNS_CLIENT_PORT_HI
.70f8					DNS2_REQUERY_PORT_OK:
.70f8	ee a6 50	inc $50a6	    inc DNS_MSG_ID_LO
.70fb	d0 03		bne $7100	    bne DNS2_REQUERY_ID_OK
.70fd	ee a5 50	inc $50a5	    inc DNS_MSG_ID_HI
.7100					DNS2_REQUERY_ID_OK:
.7100	a9 01		lda #$01	    lda #DNS_STATE_WAIT
.7102	8d 9d 50	sta $509d	    sta DNS_STATE
.7105	20 b6 51	jsr $51b6	    jsr DNS_SEND_QUERY
.7108	90 0a		bcc $7114	    bcc DNS2_REQUERY_DONE
.710a	a9 01		lda #$01	    lda #$01
.710c	8d 9f 50	sta $509f	    sta DNS_RETRY_TICKS
.710f	a9 28		lda #$28	    lda #40
.7111	8d 2a 51	sta $512a	    sta DNS_ARP_DEFERS
.7114					DNS2_REQUERY_DONE:
.7114	60		rts		    rts
.7115					DNS2_REQUERY_CNAME_FAIL:
.7115	a9 03		lda #$03	    lda #DNS_STATE_FAIL
.7117	8d 9d 50	sta $509d	    sta DNS_STATE
.711a	60		rts		    rts
.711b					ETH_RBUF_GET_BLOCK:
.711b	8d e4 71	sta $71e4	    sta RBUF_BLOCK_DEST_LO
.711e	8e e5 71	stx $71e5	    stx RBUF_BLOCK_DEST_HI
.7121	8c e6 71	sty $71e6	    sty RBUF_BLOCK_DEST_BANK
.7124	6b		tza		    tza
.7125	8d e7 71	sta $71e7	    sta RBUF_BLOCK_MAX
.7128	a9 00		lda #$00	    lda #$00
.712a	8d e8 71	sta $71e8	    sta RBUF_BLOCK_COUNT
.712d	08		php		    php
.712e	78		sei		    sei
.712f	a5 45		lda $45		    lda $45
.7131	8d e9 71	sta $71e9	    sta RBUF_BLOCK_SAVE45
.7134	a5 46		lda $46		    lda $46
.7136	8d ea 71	sta $71ea	    sta RBUF_BLOCK_SAVE46
.7139	a5 47		lda $47		    lda $47
.713b	8d eb 71	sta $71eb	    sta RBUF_BLOCK_SAVE47
.713e	a5 48		lda $48		    lda $48
.7140	8d ec 71	sta $71ec	    sta RBUF_BLOCK_SAVE48
.7143	ad e4 71	lda $71e4	    lda RBUF_BLOCK_DEST_LO
.7146	85 45		sta $45		    sta $45
.7148	ad e5 71	lda $71e5	    lda RBUF_BLOCK_DEST_HI
.714b	85 46		sta $46		    sta $46
.714d	ad e6 71	lda $71e6	    lda RBUF_BLOCK_DEST_BANK
.7150	85 47		sta $47		    sta $47
.7152	a9 00		lda #$00	    lda #$00
.7154	85 48		sta $48		    sta $48
.7156	20 6c 41	jsr $416c	    jsr RBUF_SAVE_PTR_ZP
.7159	20 97 6e	jsr $6e97	    jsr READ_HEAD_ATOMIC
.715c	ad 93 21	lda $2193	    lda RBUF_TAIL_LO
.715f	8d 9b 21	sta $219b	    sta HLO
.7162	ad 94 21	lda $2194	    lda RBUF_TAIL_HI
.7165	8d 9c 21	sta $219c	    sta HHI
.7168	a9 00		lda #$00	    lda #<RING_BUFFER_BASE
.716a	85 fb		sta $fb		    sta RBUF_PTR_LO
.716c	a9 00		lda #$00	    lda #>RING_BUFFER_BASE
.716e	18		clc		    clc
.716f	6d 9c 21	adc $219c	    adc HHI
.7172	85 fc		sta $fc		    sta RBUF_PTR_HI
.7174	a9 05		lda #$05	    lda #RING_BUFFER_BANK
.7176	85 fd		sta $fd		    sta RBUF_PTR_BANK
.7178	a9 00		lda #$00	    lda #RING_BUFFER_BANK_HI
.717a	85 fe		sta $fe		    sta RBUF_PTR_TOP
.717c					_rbuf_block_loop:
.717c	ad e8 71	lda $71e8	    lda RBUF_BLOCK_COUNT
.717f	cd e7 71	cmp $71e7	    cmp RBUF_BLOCK_MAX
.7182	b0 36		bcs $71ba	    bcs _rbuf_block_done
.7184	ad 9b 21	lda $219b	    lda HLO
.7187	cd 97 21	cmp $2197	    cmp TMP_HEAD_LO
.718a	d0 08		bne $7194	    bne _rbuf_block_not_empty
.718c	ad 9c 21	lda $219c	    lda HHI
.718f	cd 98 21	cmp $2198	    cmp TMP_HEAD_HI
.7192	f0 26		beq $71ba	    beq _rbuf_block_done
.7194					_rbuf_block_not_empty:
.7194	ab 9b 21	ldz $219b	    ldz HLO
.7197	ea		nop		    lda [RBUF_PTR_LO],z
.7198	b2 fb		lda ($fb),z
.719a	ab e8 71	ldz $71e8	    ldz RBUF_BLOCK_COUNT
.719d	ea		nop		    sta [$45],z
.719e	92 45		sta ($45),z
.71a0	ee e8 71	inc $71e8	    inc RBUF_BLOCK_COUNT
.71a3	ee 9b 21	inc $219b	    inc HLO
.71a6	d0 d4		bne $717c	    bne _rbuf_block_loop
.71a8	ee 9c 21	inc $219c	    inc HHI
.71ab	ad 9c 21	lda $219c	    lda HHI
.71ae	29 0f		and #$0f	    and #RING_BUFFER_PAGE_MASK
.71b0	8d 9c 21	sta $219c	    sta HHI
.71b3	18		clc		    clc
.71b4	69 00		adc #$00	    adc #>RING_BUFFER_BASE
.71b6	85 fc		sta $fc		    sta RBUF_PTR_HI
.71b8	80 c2		bra $717c	    bra _rbuf_block_loop
.71ba					_rbuf_block_done:
.71ba	ad 9b 21	lda $219b	    lda HLO
.71bd	8d 93 21	sta $2193	    sta RBUF_TAIL_LO
.71c0	ad 9c 21	lda $219c	    lda HHI
.71c3	8d 94 21	sta $2194	    sta RBUF_TAIL_HI
.71c6	20 81 41	jsr $4181	    jsr RBUF_RESTORE_PTR_ZP
.71c9	ad e9 71	lda $71e9	    lda RBUF_BLOCK_SAVE45
.71cc	85 45		sta $45		    sta $45
.71ce	ad ea 71	lda $71ea	    lda RBUF_BLOCK_SAVE46
.71d1	85 46		sta $46		    sta $46
.71d3	ad eb 71	lda $71eb	    lda RBUF_BLOCK_SAVE47
.71d6	85 47		sta $47		    sta $47
.71d8	ad ec 71	lda $71ec	    lda RBUF_BLOCK_SAVE48
.71db	85 48		sta $48		    sta $48
.71dd	ad e8 71	lda $71e8	    lda RBUF_BLOCK_COUNT
.71e0	aa		tax		    tax
.71e1	4b		taz		    taz
.71e2	28		plp		    plp
.71e3	60		rts		    rts
>71e4	00				RBUF_BLOCK_DEST_LO:   .byte $00
>71e5	00				RBUF_BLOCK_DEST_HI:   .byte $00
>71e6	00				RBUF_BLOCK_DEST_BANK: .byte $00
>71e7	00				RBUF_BLOCK_MAX:       .byte $00
>71e8	00				RBUF_BLOCK_COUNT:     .byte $00
>71e9	00				RBUF_BLOCK_SAVE45:    .byte $00
>71ea	00				RBUF_BLOCK_SAVE46:    .byte $00
>71eb	00				RBUF_BLOCK_SAVE47:    .byte $00
>71ec	00				RBUF_BLOCK_SAVE48:    .byte $00
.71ed					ETH_RESERVED_ZERO:
.71ed	a9 00		lda #$00	    lda #$00
.71ef	aa		tax		    tax
.71f0	a8		tay		    tay
.71f1	4b		taz		    taz
.71f2	60		rts		    rts
.71f3					DHCP_BOUND_TICK_IMPL:
.71f3	ad 48 5a	lda $5a48	    lda DHCP_RENEW_ACTIVE
.71f6	f0 6b		beq $7263	    beq _dhcp_bound_done
.71f8	20 62 5b	jsr $5b62	    jsr DHCP_FRAME_TICK
.71fb	90 66		bcc $7263	    bcc _dhcp_bound_done
.71fd	ee 49 5a	inc $5a49	    inc DHCP_RENEW_SUBTICKS
.7200	ad 49 5a	lda $5a49	    lda DHCP_RENEW_SUBTICKS
.7203	c9 0a		cmp #$0a	    cmp #10
.7205	90 5c		bcc $7263	    bcc _dhcp_bound_done
.7207	a9 00		lda #$00	    lda #$00
.7209	8d 49 5a	sta $5a49	    sta DHCP_RENEW_SUBTICKS
.720c	ad 4a 5a	lda $5a4a	    lda DHCP_RENEW_SECS_LO
.720f	0d 4b 5a	ora $5a4b	    ora DHCP_RENEW_SECS_HI
.7212	f0 1e		beq $7232	    beq _dhcp_renew_now
.7214	ad 4a 5a	lda $5a4a	    lda DHCP_RENEW_SECS_LO
.7217	d0 0e		bne $7227	    bne _dhcp_renew_dec_lo
.7219	ad 4b 5a	lda $5a4b	    lda DHCP_RENEW_SECS_HI
.721c	f0 14		beq $7232	    beq _dhcp_renew_now
.721e	ce 4b 5a	dec $5a4b	    dec DHCP_RENEW_SECS_HI
.7221	a9 ff		lda #$ff	    lda #$ff
.7223	8d 4a 5a	sta $5a4a	    sta DHCP_RENEW_SECS_LO
.7226	60		rts		    rts
.7227					_dhcp_renew_dec_lo:
.7227	ce 4a 5a	dec $5a4a	    dec DHCP_RENEW_SECS_LO
.722a	ad 4a 5a	lda $5a4a	    lda DHCP_RENEW_SECS_LO
.722d	0d 4b 5a	ora $5a4b	    ora DHCP_RENEW_SECS_HI
.7230	d0 31		bne $7263	    bne _dhcp_bound_done
.7232					_dhcp_renew_now:
.7232	20 82 5c	jsr $5c82	    jsr DHCP_SEND_REQUEST
.7235	b0 1d		bcs $7254	    bcs _dhcp_renew_busy
.7237	a9 01		lda #$01	    lda #$01
.7239	8d 4e 5a	sta $5a4e	    sta DHCP_REQUEST_IS_RENEW
.723c	a9 03		lda #$03	    lda #DHCP_STATE_REQUEST_SENT
.723e	8d 25 5a	sta $5a25	    sta DHCP_STATE
.7241	a9 01		lda #$01	    lda #$01
.7243	8d 24 5a	sta $5a24	    sta DHCP_IN_PROGRESS
.7246	a9 00		lda #$00	    lda #$00
.7248	8d 48 5a	sta $5a48	    sta DHCP_RENEW_ACTIVE
.724b	8d 26 5a	sta $5a26	    sta DHCP_RETRY_TICKS
.724e	a9 0a		lda #$0a	    lda #DHCP_INITIAL_BACKOFF
.7250	8d 27 5a	sta $5a27	    sta DHCP_RETRY_BACKOFF
.7253	60		rts		    rts
.7254					_dhcp_renew_busy:
.7254	a9 09		lda #$09	    lda #$09
.7256	8d 49 5a	sta $5a49	    sta DHCP_RENEW_SUBTICKS
.7259	a9 01		lda #$01	    lda #$01
.725b	8d 4a 5a	sta $5a4a	    sta DHCP_RENEW_SECS_LO
.725e	a9 00		lda #$00	    lda #$00
.7260	8d 4b 5a	sta $5a4b	    sta DHCP_RENEW_SECS_HI
.7263					_dhcp_bound_done:
.7263	60		rts		    rts
.7264					DHCP_REMEMBER_OFFER_SERVER_IMPL:
.7264	ad 2f 5a	lda $5a2f	    lda DHCP_SERVER_ID+0
.7267	0d 30 5a	ora $5a30	    ora DHCP_SERVER_ID+1
.726a	0d 31 5a	ora $5a31	    ora DHCP_SERVER_ID+2
.726d	0d 32 5a	ora $5a32	    ora DHCP_SERVER_ID+3
.7270	f0 0f		beq $7281	    beq DHCP_REMEMBER_OFFER_BAD
.7272	a2 00		ldx #$00	    ldx #$00
.7274					DHCP_REMEMBER_OFFER_COPY:
.7274	bd 2f 5a	lda $5a2f,x	    lda DHCP_SERVER_ID,x
.7277	9d 33 5a	sta $5a33,x	    sta DHCP_SELECTED_SERVER_ID,x
.727a	e8		inx		    inx
.727b	e0 04		cpx #$04	    cpx #$04
.727d	d0 f5		bne $7274	    bne DHCP_REMEMBER_OFFER_COPY
.727f	18		clc		    clc
.7280	60		rts		    rts
.7281					DHCP_REMEMBER_OFFER_BAD:
.7281	38		sec		    sec
.7282	60		rts		    rts
.7283					DHCP_ACK_SANITY_IMPL:
.7283	ad 37 5a	lda $5a37	    lda DHCP_OFFER_IP+0
.7286	0d 38 5a	ora $5a38	    ora DHCP_OFFER_IP+1
.7289	0d 39 5a	ora $5a39	    ora DHCP_OFFER_IP+2
.728c	0d 3a 5a	ora $5a3a	    ora DHCP_OFFER_IP+3
.728f	f3 91 00	beq $7322	    beq DHCP_ACK_SANITY_BAD
.7292	ad 51 5a	lda $5a51	    lda opt_mask+0
.7295	0d 52 5a	ora $5a52	    ora opt_mask+1
.7298	0d 53 5a	ora $5a53	    ora opt_mask+2
.729b	0d 54 5a	ora $5a54	    ora opt_mask+3
.729e	d0 20		bne $72c0	    bne DHCP_ACK_MASK_READY
.72a0	ad 4e 5a	lda $5a4e	    lda DHCP_REQUEST_IS_RENEW
.72a3	f0 7d		beq $7322	    beq DHCP_ACK_SANITY_BAD
.72a5	ad 10 21	lda $2110	    lda SUBNET_MASK+0
.72a8	0d 11 21	ora $2111	    ora SUBNET_MASK+1
.72ab	0d 12 21	ora $2112	    ora SUBNET_MASK+2
.72ae	0d 13 21	ora $2113	    ora SUBNET_MASK+3
.72b1	f0 6f		beq $7322	    beq DHCP_ACK_SANITY_BAD
.72b3	a2 00		ldx #$00	    ldx #$00
.72b5					DHCP_ACK_KEEP_MASK_LOOP:
.72b5	bd 10 21	lda $2110,x	    lda SUBNET_MASK,x
.72b8	9d 51 5a	sta $5a51,x	    sta opt_mask,x
.72bb	e8		inx		    inx
.72bc	e0 04		cpx #$04	    cpx #$04
.72be	d0 f5		bne $72b5	    bne DHCP_ACK_KEEP_MASK_LOOP
.72c0					DHCP_ACK_MASK_READY:
.72c0	20 24 73	jsr $7324	    jsr DHCP_MASK_CONTIGUOUS
.72c3	b0 5d		bcs $7322	    bcs DHCP_ACK_SANITY_BAD
.72c5	a9 b5		lda #$b5	    lda #<ETH_RX_FRAME_PAYLOAD+8+$1c
.72c7	18		clc		    clc
.72c8	6d 42 5a	adc $5a42	    adc DHCP_IP_IHL_BYTES
.72cb	8d d8 72	sta $72d8	    sta DHCP_ACK_CHADDR_READ+1
.72ce	a9 28		lda #$28	    lda #>ETH_RX_FRAME_PAYLOAD+8+$1c
.72d0	69 00		adc #$00	    adc #$00
.72d2	8d d9 72	sta $72d9	    sta DHCP_ACK_CHADDR_READ+2
.72d5	a2 00		ldx #$00	    ldx #$00
.72d7					DHCP_ACK_CHADDR_LOOP:
.72d7					DHCP_ACK_CHADDR_READ:
.72d7	bd ff ff	lda $ffff,x	    lda $ffff,x
.72da	dd 3b 22	cmp $223b,x	    cmp ETH_TX_FRAME_SRC_MAC,x
.72dd	d0 43		bne $7322	    bne DHCP_ACK_SANITY_BAD
.72df	e8		inx		    inx
.72e0	e0 06		cpx #$06	    cpx #$06
.72e2	d0 f3		bne $72d7	    bne DHCP_ACK_CHADDR_LOOP
.72e4	ad 33 5a	lda $5a33	    lda DHCP_SELECTED_SERVER_ID+0
.72e7	0d 34 5a	ora $5a34	    ora DHCP_SELECTED_SERVER_ID+1
.72ea	0d 35 5a	ora $5a35	    ora DHCP_SELECTED_SERVER_ID+2
.72ed	0d 36 5a	ora $5a36	    ora DHCP_SELECTED_SERVER_ID+3
.72f0	f0 30		beq $7322	    beq DHCP_ACK_SANITY_BAD
.72f2	ad 2f 5a	lda $5a2f	    lda DHCP_SERVER_ID+0
.72f5	0d 30 5a	ora $5a30	    ora DHCP_SERVER_ID+1
.72f8	0d 31 5a	ora $5a31	    ora DHCP_SERVER_ID+2
.72fb	0d 32 5a	ora $5a32	    ora DHCP_SERVER_ID+3
.72fe	f0 11		beq $7311	    beq DHCP_ACK_MATCH_SOURCE
.7300	a2 00		ldx #$00	    ldx #$00
.7302					DHCP_ACK_SERVER_ID_LOOP:
.7302	bd 2f 5a	lda $5a2f,x	    lda DHCP_SERVER_ID,x
.7305	dd 33 5a	cmp $5a33,x	    cmp DHCP_SELECTED_SERVER_ID,x
.7308	d0 18		bne $7322	    bne DHCP_ACK_SANITY_BAD
.730a	e8		inx		    inx
.730b	e0 04		cpx #$04	    cpx #$04
.730d	d0 f3		bne $7302	    bne DHCP_ACK_SERVER_ID_LOOP
.730f	18		clc		    clc
.7310	60		rts		    rts
.7311					DHCP_ACK_MATCH_SOURCE:
.7311	a2 00		ldx #$00	    ldx #$00
.7313					DHCP_ACK_SOURCE_LOOP:
.7313	bd 9d 28	lda $289d,x	    lda ETH_RX_FRAME_PAYLOAD+12,x
.7316	dd 33 5a	cmp $5a33,x	    cmp DHCP_SELECTED_SERVER_ID,x
.7319	d0 07		bne $7322	    bne DHCP_ACK_SANITY_BAD
.731b	e8		inx		    inx
.731c	e0 04		cpx #$04	    cpx #$04
.731e	d0 f3		bne $7313	    bne DHCP_ACK_SOURCE_LOOP
.7320	18		clc		    clc
.7321	60		rts		    rts
.7322					DHCP_ACK_SANITY_BAD:
.7322	38		sec		    sec
.7323	60		rts		    rts
.7324					DHCP_MASK_CONTIGUOUS:
.7324	a2 00		ldx #$00	    ldx #$00
.7326	a0 00		ldy #$00	    ldy #$00
.7328					DHCP_MASK_CONTIGUOUS_LOOP:
.7328	bd 51 5a	lda $5a51,x	    lda opt_mask,x
.732b	c0 00		cpy #$00	    cpy #$00
.732d	f0 06		beq $7335	    beq DHCP_MASK_HEAD
.732f	c9 00		cmp #$00	    cmp #$00
.7331	d0 26		bne $7359	    bne DHCP_MASK_BAD
.7333	f0 28		beq $735d	    beq DHCP_MASK_NEXT
.7335					DHCP_MASK_HEAD:
.7335	c9 ff		cmp #$ff	    cmp #$ff
.7337	f0 24		beq $735d	    beq DHCP_MASK_NEXT
.7339	c9 00		cmp #$00	    cmp #$00
.733b	f0 1e		beq $735b	    beq DHCP_MASK_ENTER_TAIL
.733d	c9 fe		cmp #$fe	    cmp #$fe
.733f	f0 1a		beq $735b	    beq DHCP_MASK_ENTER_TAIL
.7341	c9 fc		cmp #$fc	    cmp #$fc
.7343	f0 16		beq $735b	    beq DHCP_MASK_ENTER_TAIL
.7345	c9 f8		cmp #$f8	    cmp #$f8
.7347	f0 12		beq $735b	    beq DHCP_MASK_ENTER_TAIL
.7349	c9 f0		cmp #$f0	    cmp #$f0
.734b	f0 0e		beq $735b	    beq DHCP_MASK_ENTER_TAIL
.734d	c9 e0		cmp #$e0	    cmp #$e0
.734f	f0 0a		beq $735b	    beq DHCP_MASK_ENTER_TAIL
.7351	c9 c0		cmp #$c0	    cmp #$c0
.7353	f0 06		beq $735b	    beq DHCP_MASK_ENTER_TAIL
.7355	c9 80		cmp #$80	    cmp #$80
.7357	f0 02		beq $735b	    beq DHCP_MASK_ENTER_TAIL
.7359					DHCP_MASK_BAD:
.7359	38		sec		    sec
.735a	60		rts		    rts
.735b					DHCP_MASK_ENTER_TAIL:
.735b	a0 01		ldy #$01	    ldy #$01
.735d					DHCP_MASK_NEXT:
.735d	e8		inx		    inx
.735e	e0 04		cpx #$04	    cpx #$04
.7360	d0 c6		bne $7328	    bne DHCP_MASK_CONTIGUOUS_LOOP
.7362	18		clc		    clc
.7363	60		rts		    rts
.7364					DHCP_SCHEDULE_RENEWAL_IMPL:
.7364	ad 3b 5a	lda $5a3b	    lda DHCP_LEASE_SECS+0
.7367	0d 3c 5a	ora $5a3c	    ora DHCP_LEASE_SECS+1
.736a	0d 3d 5a	ora $5a3d	    ora DHCP_LEASE_SECS+2
.736d	0d 3e 5a	ora $5a3e	    ora DHCP_LEASE_SECS+3
.7370	d0 0f		bne $7381	    bne _dhcp_lease_present
.7372	a9 00		lda #$00	    lda #$00
.7374	8d 48 5a	sta $5a48	    sta DHCP_RENEW_ACTIVE
.7377	8d 49 5a	sta $5a49	    sta DHCP_RENEW_SUBTICKS
.737a	8d 4a 5a	sta $5a4a	    sta DHCP_RENEW_SECS_LO
.737d	8d 4b 5a	sta $5a4b	    sta DHCP_RENEW_SECS_HI
.7380	60		rts		    rts
.7381					_dhcp_lease_present:
.7381	ad 3b 5a	lda $5a3b	    lda DHCP_LEASE_SECS+0
.7384	8d 4c 5a	sta $5a4c	    sta DHCP_RENEW_TMP0
.7387	ad 3c 5a	lda $5a3c	    lda DHCP_LEASE_SECS+1
.738a	8d 4d 5a	sta $5a4d	    sta DHCP_RENEW_TMP1
.738d	ad 3d 5a	lda $5a3d	    lda DHCP_LEASE_SECS+2
.7390	8d 4b 5a	sta $5a4b	    sta DHCP_RENEW_SECS_HI
.7393	ad 3e 5a	lda $5a3e	    lda DHCP_LEASE_SECS+3
.7396	8d 4a 5a	sta $5a4a	    sta DHCP_RENEW_SECS_LO
.7399	4e 4c 5a	lsr $5a4c	    lsr DHCP_RENEW_TMP0
.739c	6e 4d 5a	ror $5a4d	    ror DHCP_RENEW_TMP1
.739f	6e 4b 5a	ror $5a4b	    ror DHCP_RENEW_SECS_HI
.73a2	6e 4a 5a	ror $5a4a	    ror DHCP_RENEW_SECS_LO
.73a5	ad 4c 5a	lda $5a4c	    lda DHCP_RENEW_TMP0
.73a8	0d 4d 5a	ora $5a4d	    ora DHCP_RENEW_TMP1
.73ab	f0 0a		beq $73b7	    beq _dhcp_renew_not_capped
.73ad	a9 ff		lda #$ff	    lda #$ff
.73af	8d 4b 5a	sta $5a4b	    sta DHCP_RENEW_SECS_HI
.73b2	8d 4a 5a	sta $5a4a	    sta DHCP_RENEW_SECS_LO
.73b5	80 11		bra $73c8	    bra _dhcp_renew_enable
.73b7					_dhcp_renew_not_capped:
.73b7	ad 4b 5a	lda $5a4b	    lda DHCP_RENEW_SECS_HI
.73ba	d0 0c		bne $73c8	    bne _dhcp_renew_enable
.73bc	ad 4a 5a	lda $5a4a	    lda DHCP_RENEW_SECS_LO
.73bf	c9 3c		cmp #$3c	    cmp #60
.73c1	b0 05		bcs $73c8	    bcs _dhcp_renew_enable
.73c3	a9 3c		lda #$3c	    lda #60
.73c5	8d 4a 5a	sta $5a4a	    sta DHCP_RENEW_SECS_LO
.73c8					_dhcp_renew_enable:
.73c8	a9 00		lda #$00	    lda #$00
.73ca	8d 49 5a	sta $5a49	    sta DHCP_RENEW_SUBTICKS
.73cd	a9 06		lda #$06	    lda #DHCP_TICK_FRAMES
.73cf	8d 28 5a	sta $5a28	    sta DHCP_FRAME_TICKS
.73d2	20 9b 4f	jsr $4f9b	    jsr ARP_READ_RASTER
.73d5	ad 0b 4c	lda $4c0b	    lda ARP_CUR_RASTER_LO
.73d8	8d 29 5a	sta $5a29	    sta DHCP_LAST_RASTER_LO
.73db	ad 0c 4c	lda $4c0c	    lda ARP_CUR_RASTER_HI
.73de	8d 2a 5a	sta $5a2a	    sta DHCP_LAST_RASTER_HI
.73e1	a9 01		lda #$01	    lda #$01
.73e3	8d 48 5a	sta $5a48	    sta DHCP_RENEW_ACTIVE
.73e6	60		rts		    rts
.73e7					TCP_TIME_WAIT_FIN_SEQ_OK:
.73e7	38		sec		    sec
.73e8	ad 1d 21	lda $211d	    lda REMOTE_ISN+3
.73eb	ed a4 21	sbc $21a4	    sbc SEG_SEQ+3
.73ee	8d af 6d	sta $6daf	    sta TCP_SEQ_DIFF+3
.73f1	ad 1c 21	lda $211c	    lda REMOTE_ISN+2
.73f4	ed a3 21	sbc $21a3	    sbc SEG_SEQ+2
.73f7	8d ae 6d	sta $6dae	    sta TCP_SEQ_DIFF+2
.73fa	ad 1b 21	lda $211b	    lda REMOTE_ISN+1
.73fd	ed a2 21	sbc $21a2	    sbc SEG_SEQ+1
.7400	8d ad 6d	sta $6dad	    sta TCP_SEQ_DIFF+1
.7403	ad 1a 21	lda $211a	    lda REMOTE_ISN+0
.7406	ed a1 21	sbc $21a1	    sbc SEG_SEQ+0
.7409	8d ac 6d	sta $6dac	    sta TCP_SEQ_DIFF+0
.740c	ad d3 2e	lda $2ed3	    lda TCP_RX_DATA_PAYLOAD_SIZE
.740f	18		clc		    clc
.7410	69 01		adc #$01	    adc #$01
.7412	8d 23 21	sta $2123	    sta REMOTE_ISN_TMP
.7415	ad d4 2e	lda $2ed4	    lda TCP_RX_DATA_PAYLOAD_SIZE+1
.7418	69 00		adc #$00	    adc #$00
.741a	8d 24 21	sta $2124	    sta REMOTE_ISN_TMP+1
.741d	ad ac 6d	lda $6dac	    lda TCP_SEQ_DIFF+0
.7420	0d ad 6d	ora $6dad	    ora TCP_SEQ_DIFF+1
.7423	d0 12		bne $7437	    bne _time_wait_seq_bad
.7425	ad ae 6d	lda $6dae	    lda TCP_SEQ_DIFF+2
.7428	cd 24 21	cmp $2124	    cmp REMOTE_ISN_TMP+1
.742b	d0 0a		bne $7437	    bne _time_wait_seq_bad
.742d	ad af 6d	lda $6daf	    lda TCP_SEQ_DIFF+3
.7430	cd 23 21	cmp $2123	    cmp REMOTE_ISN_TMP
.7433	d0 02		bne $7437	    bne _time_wait_seq_bad
.7435	18		clc		    clc
.7436	60		rts		    rts
.7437					_time_wait_seq_bad:
.7437	38		sec		    sec
.7438	60		rts		    rts
.7439					TCP_FIN_RETRY_INIT:
.7439	a9 06		lda #$06	    lda #TCP_TX_MAX_RETRIES
.743b	8d 29 21	sta $2129	    sta CONNECT_RETRY_LEFT
.743e	a9 0a		lda #$0a	    lda #TCP_TX_RETRY_TICKS
.7440	8d 28 21	sta $2128	    sta CONNECT_RETRY_TICKS
.7443	20 8b 33	jsr $338b	    jsr CONNECT_STAMP_TIMER
.7446	60		rts		    rts
.7447					TCP_FIN_RETRY_TICK:
.7447	20 48 6f	jsr $6f48	    jsr CONNECT_FRAME_WRAP_TICK
.744a	90 08		bcc $7454	    bcc _fin_retry_wait
.744c	ad 28 21	lda $2128	    lda CONNECT_RETRY_TICKS
.744f	f0 04		beq $7455	    beq _fin_retry_expired
.7451	ce 28 21	dec $2128	    dec CONNECT_RETRY_TICKS
.7454					_fin_retry_wait:
.7454	60		rts		    rts
.7455					_fin_retry_expired:
.7455	ad 29 21	lda $2129	    lda CONNECT_RETRY_LEFT
.7458	f0 1a		beq $7474	    beq _fin_retry_timeout
.745a	20 8f 74	jsr $748f	    jsr TCP_RETRANSMIT_FIN
.745d	b0 0c		bcs $746b	    bcs _fin_retry_busy
.745f	ce 29 21	dec $2129	    dec CONNECT_RETRY_LEFT
.7462	a9 0a		lda #$0a	    lda #TCP_TX_RETRY_TICKS
.7464	8d 28 21	sta $2128	    sta CONNECT_RETRY_TICKS
.7467	20 8b 33	jsr $338b	    jsr CONNECT_STAMP_TIMER
.746a	60		rts		    rts
.746b					_fin_retry_busy:
.746b	a9 05		lda #$05	    lda #TCP_TX_BUSY_RETRY_TICKS
.746d	8d 28 21	sta $2128	    sta CONNECT_RETRY_TICKS
.7470	20 8b 33	jsr $338b	    jsr CONNECT_STAMP_TIMER
.7473	60		rts		    rts
.7474					_fin_retry_timeout:
.7474	a9 00		lda #$00	    lda #$00
.7476	8d 28 21	sta $2128	    sta CONNECT_RETRY_TICKS
.7479	8d 29 21	sta $2129	    sta CONNECT_RETRY_LEFT
.747c	a9 00		lda #$00	    lda #TCP_STATE_CLOSED
.747e	8d 19 21	sta $2119	    sta TCP_STATE
.7481	a9 00		lda #$00	    lda #$00
.7483	8d 25 21	sta $2125	    sta CONNECT_ACTIVE
.7486	ad 3d 4a	lda $4a3d	    lda TCP_EVENT_FLAG
.7489	09 04		ora #$04	    ora #EV_LOCAL_CLOSE
.748b	8d 3d 4a	sta $4a3d	    sta TCP_EVENT_FLAG
.748e	60		rts		    rts
.748f					TCP_RETRANSMIT_FIN:
.748f	a2 00		ldx #$00	    ldx #$00
.7491					_fin_save_isn:
.7491	bd 1e 21	lda $211e,x	    lda LOCAL_ISN,x
.7494	9d f2 2e	sta $2ef2,x	    sta TX_SAVE_LOCAL_ISN,x
.7497	e8		inx		    inx
.7498	e0 04		cpx #$04	    cpx #$04
.749a	d0 f5		bne $7491	    bne _fin_save_isn
.749c	ad 21 21	lda $2121	    lda LOCAL_ISN+3
.749f	d0 13		bne $74b4	    bne _fin_dec_low
.74a1	ad 20 21	lda $2120	    lda LOCAL_ISN+2
.74a4	d0 0b		bne $74b1	    bne _fin_borrow_2
.74a6	ad 1f 21	lda $211f	    lda LOCAL_ISN+1
.74a9	d0 03		bne $74ae	    bne _fin_borrow_1
.74ab	ce 1e 21	dec $211e	    dec LOCAL_ISN+0
.74ae					_fin_borrow_1:
.74ae	ce 1f 21	dec $211f	    dec LOCAL_ISN+1
.74b1					_fin_borrow_2:
.74b1	ce 20 21	dec $2120	    dec LOCAL_ISN+2
.74b4					_fin_dec_low:
.74b4	ce 21 21	dec $2121	    dec LOCAL_ISN+3
.74b7	a9 00		lda #$00	    lda #$00
.74b9	8d ff 30	sta $30ff	    sta TCP_DATA_PAYLOAD_SIZE
.74bc	8d 00 31	sta $3100	    sta TCP_DATA_PAYLOAD_SIZE+1
.74bf	a9 11		lda #$11	    lda #TCP_FLAG_FIN|TCP_FLAG_ACK
.74c1	20 32 43	jsr $4332	    jsr ETH_BUILD_TCPIP_PACKET
.74c4	08		php		    php
.74c5	a2 00		ldx #$00	    ldx #$00
.74c7					_fin_restore_isn:
.74c7	bd f2 2e	lda $2ef2,x	    lda TX_SAVE_LOCAL_ISN,x
.74ca	9d 1e 21	sta $211e,x	    sta LOCAL_ISN,x
.74cd	e8		inx		    inx
.74ce	e0 04		cpx #$04	    cpx #$04
.74d0	d0 f5		bne $74c7	    bne _fin_restore_isn
.74d2	28		plp		    plp
.74d3	b0 07		bcs $74dc	    bcs _fin_retx_fail
.74d5	20 94 42	jsr $4294	    jsr ETH_PACKET_SEND
.74d8	b0 02		bcs $74dc	    bcs _fin_retx_fail
.74da	18		clc		    clc
.74db	60		rts		    rts
.74dc					_fin_retx_fail:
.74dc	38		sec		    sec
.74dd	60		rts		    rts
.7600	4c 30 76	jmp $7630	    jmp ETH_TCP_SEND_BYTE
.7603	4c 61 76	jmp $7661	    jmp ETH_DNS_LOOKUP_BUFFER
.7606	4c 7a 6f	jmp $6f7a	    jmp ETH_INIT_ML_SAFE
.7609	4c ed 71	jmp $71ed	    jmp ETH_RESERVED_ZERO
.760c	4c ed 71	jmp $71ed	    jmp ETH_RESERVED_ZERO
.760f	4c 6c 76	jmp $766c	    jmp ETH_DNS_START_BUFFER
.7612	4c ed 71	jmp $71ed	    jmp ETH_RESERVED_ZERO
.7615	4c ed 71	jmp $71ed	    jmp ETH_RESERVED_ZERO
.7618	4c 80 76	jmp $7680	    jmp ETH_DNS_START_BUFFER_YLEN
.761b	4c 0d 77	jmp $770d	    jmp ETH_ML_CALL_STAGED
.761e	4c 01 77	jmp $7701	    jmp ETH_RBUF_GET_BYTE
.7621	4c 1b 71	jmp $711b	    jmp ETH_RBUF_GET_BLOCK
.7624	4c ed 71	jmp $71ed	    jmp ETH_RESERVED_ZERO
.7627	4c ed 71	jmp $71ed	    jmp ETH_RESERVED_ZERO
.762a	4c ed 71	jmp $71ed	    jmp ETH_RESERVED_ZERO
.762d	4c ed 71	jmp $71ed	    jmp ETH_RESERVED_ZERO
.7630					ETH_TCP_SEND_BYTE:
.7630	8d 3f 76	sta $763f	    sta _eth_send_loop + 1
.7633	8e 40 76	stx $7640	    stx _eth_send_loop + 2
.7636	8c ff 30	sty $30ff	    sty tcp_data_payload_size
.7639	9c 00 31	stz $3100	    stz tcp_data_payload_size + 1
.763c	a0 00		ldy #$00	    ldy #0
.763e					_eth_send_loop:
.763e	b9 00 a0	lda $a000,y	    lda $A000, y
.7641	99 23 31	sta $3123,y	    sta TCP_DATA_PAYLOAD, y
.7644	c8		iny		    iny
.7645	cc ff 30	cpy $30ff	    cpy tcp_data_payload_size
.7648	d0 f4		bne $763e	    bne _eth_send_loop
.764a	ad 19 21	lda $2119	    lda TCP_STATE
.764d	c9 04		cmp #$04	    cmp #TCP_STATE_ESTABLISHED
.764f	d0 09		bne $765a	    bne _send_byte_fail
.7651	20 9d 35	jsr $359d	    jsr ETH_TCP_SEND
.7654	b0 04		bcs $765a	    bcs _send_byte_fail
.7656	a9 01		lda #$01	    lda #$01
.7658	18		clc		    clc
.7659	60		rts		    rts
.765a					_send_byte_fail:
.765a	20 b7 48	jsr $48b7	    jsr CLEAR_TCP_PAYLOAD
.765d	a9 00		lda #$00	    lda #$00
.765f	38		sec		    sec
.7660	60		rts		    rts
.7661					ETH_DNS_LOOKUP_BUFFER:
.7661	20 91 76	jsr $7691	    jsr ETH_DNS_COPY_BUFFER
.7664	b0 03		bcs $7669	    bcs ETH_DNS_LOOKUP_BUFFER_FAIL
.7666	4c 80 62	jmp $6280	    jmp DNS_LOOKUP_HOSTSTR
.7669					ETH_DNS_LOOKUP_BUFFER_FAIL:
.7669	4c b5 62	jmp $62b5	    jmp DNS_LOOKUP_FAIL
.766c					ETH_DNS_START_BUFFER:
.766c	20 91 76	jsr $7691	    jsr ETH_DNS_COPY_BUFFER
.766f	b0 0c		bcs $767d	    bcs ETH_DNS_START_BUFFER_FAIL
.7671	a9 b5		lda #$b5	    lda #<host_str
.7673	a2 21		ldx #$21	    ldx #>host_str
.7675	20 db 53	jsr $53db	    jsr DNS_RESOLVE_START
.7678	b0 03		bcs $767d	    bcs ETH_DNS_START_BUFFER_FAIL
.767a	a9 01		lda #$01	    lda #$01
.767c	60		rts		    rts
.767d					ETH_DNS_START_BUFFER_FAIL:
.767d	a9 00		lda #$00	    lda #$00
.767f	60		rts		    rts
.7680					ETH_DNS_START_BUFFER_YLEN:
.7680	20 a0 76	jsr $76a0	    jsr ETH_DNS_COPY_BUFFER_YLEN_BANK1
.7683	b0 f8		bcs $767d	    bcs ETH_DNS_START_BUFFER_FAIL
.7685	a9 b5		lda #$b5	    lda #<host_str
.7687	a2 21		ldx #$21	    ldx #>host_str
.7689	20 db 53	jsr $53db	    jsr DNS_RESOLVE_START
.768c	b0 ef		bcs $767d	    bcs ETH_DNS_START_BUFFER_FAIL
.768e	a9 01		lda #$01	    lda #$01
.7690	60		rts		    rts
.7691					ETH_DNS_COPY_BUFFER:
.7691	8d e0 76	sta $76e0	    sta DNS_COPY_SRC_ADDR+0
.7694	8e e1 76	stx $76e1	    stx DNS_COPY_SRC_ADDR+1
.7697	8c e2 76	sty $76e2	    sty DNS_COPY_SRC_ADDR+2
.769a	a9 30		lda #$30	    lda #$30
.769c	6b		tza		    tza
.769d	4c c5 76	jmp $76c5	    jmp ETH_DNS_COPY_BUFFER_LEN_A
.76a0					ETH_DNS_COPY_BUFFER_YLEN_BANK1:
.76a0	8d e0 76	sta $76e0	    sta DNS_COPY_SRC_ADDR+0
.76a3	8e e1 76	stx $76e1	    stx DNS_COPY_SRC_ADDR+1
.76a6	a9 01		lda #$01	    lda #$01
.76a8	8d e2 76	sta $76e2	    sta DNS_COPY_SRC_ADDR+2
.76ab	a9 32		lda #$32	    lda #$32
.76ad	e0 20		cpx #$20	    cpx #BANK1_WORKSPACE_LOW_HI
.76af	90 42		bcc $76f3	    bcc ETH_DNS_COPY_BUFFER_BANK1_RANGE_FAIL
.76b1	e0 f8		cpx #$f8	    cpx #BANK1_COLOR_SHADOW_HI
.76b3	b0 3e		bcs $76f3	    bcs ETH_DNS_COPY_BUFFER_BANK1_RANGE_FAIL
.76b5	e0 f7		cpx #$f7	    cpx #BANK1_COLOR_SHADOW_HI-1
.76b7	d0 0b		bne $76c4	    bne _bank1_range_ok
.76b9	98		tya		    tya
.76ba	18		clc		    clc
.76bb	6d e0 76	adc $76e0	    adc DNS_COPY_SRC_ADDR+0
.76be	90 04		bcc $76c4	    bcc _bank1_range_ok
.76c0	f0 02		beq $76c4	    beq _bank1_range_ok
.76c2	80 2f		bra $76f3	    bra ETH_DNS_COPY_BUFFER_BANK1_RANGE_FAIL
.76c4					_bank1_range_ok:
.76c4	98		tya		    tya
.76c5					ETH_DNS_COPY_BUFFER_LEN_A:
.76c5	f0 36		beq $76fd	    beq ETH_DNS_COPY_BUFFER_FAIL
.76c7	c9 80		cmp #$80	    cmp #DNS_HOST_BUFFER_SIZE
.76c9	b0 32		bcs $76fd	    bcs ETH_DNS_COPY_BUFFER_FAIL
.76cb	8d de 76	sta $76de	    sta DNS_COPY_BUF_LEN+0
.76ce	a9 00		lda #$00	    lda #$00
.76d0	8d df 76	sta $76df	    sta DNS_COPY_BUF_LEN+1
.76d3	a9 00		lda #$00	    lda #$00
.76d5	8d 07 d7	sta $d707	    sta $D707
>76d8	80				    .byte $80                                   ; enhanced DMA - src bits 20-27
>76d9	00				    .byte $00
>76da	81				    .byte $81                                   ; enhanced DMA - dest bits 20-27
>76db	00				    .byte $00
>76dc	00				    .byte $00                                   ; end of job options
>76dd	00				    .byte $00                                   ; copy
.76de					DNS_COPY_BUF_LEN:
>76de	00 00				    .byte $00, $00                              ; length lsb, msb
.76e0					DNS_COPY_SRC_ADDR:
>76e0	00 00 00			    .byte $00, $00, $00                         ; source lsb, msb, bank
.76e3					DNS_COPY_DEST_ADDR:
>76e3	b5 21 00			    .byte <host_str, >host_str, EXEC_BANK       ; dest lsb, msb, bank
>76e6	00				    .byte $00                                   ; command high byte
>76e7	00 00				    .word $0000                                 ; modulo (ignored)
.76e9	ac de 76	ldy $76de	    ldy DNS_COPY_BUF_LEN+0
.76ec	a9 00		lda #$00	    lda #$00
.76ee	99 b5 21	sta $21b5,y	    sta host_str,y
.76f1	18		clc		    clc
.76f2	60		rts		    rts
.76f3					ETH_DNS_COPY_BUFFER_BANK1_RANGE_FAIL:
.76f3	a9 33		lda #$33	    lda #$33
.76f5	ad e1 76	lda $76e1	    lda DNS_COPY_SRC_ADDR+1
.76f8	ad e0 76	lda $76e0	    lda DNS_COPY_SRC_ADDR+0
.76fb	38		sec		    sec
.76fc	60		rts		    rts
.76fd					ETH_DNS_COPY_BUFFER_FAIL:
.76fd	a9 31		lda #$31	    lda #$31
.76ff	38		sec		    sec
.7700	60		rts		    rts
.7701					ETH_RBUF_GET_BYTE:
.7701	20 fb 40	jsr $40fb	    jsr RBUF_GET
.7704	b0 03		bcs $7709	    bcs _ml_rbuf_empty
.7706	a2 01		ldx #$01	    ldx #$01
.7708	60		rts		    rts
.7709					_ml_rbuf_empty:
.7709	a9 00		lda #$00	    lda #$00
.770b	aa		tax		    tax
.770c	60		rts		    rts
.770d					ETH_ML_CALL_STAGED:
.770d	ad c0 77	lda $77c0	    lda ML_CALL_TARGET_LO
.7710	8d 27 77	sta $7727	    sta _ml_call_jsr+1
.7713	ad c1 77	lda $77c1	    lda ML_CALL_TARGET_HI
.7716	8d 28 77	sta $7728	    sta _ml_call_jsr+2
.7719	ad c5 77	lda $77c5	    lda ML_CALL_ARG_Z
.771c	4b		taz		    taz
.771d	ac c4 77	ldy $77c4	    ldy ML_CALL_ARG_Y
.7720	ae c3 77	ldx $77c3	    ldx ML_CALL_ARG_X
.7723	ad c2 77	lda $77c2	    lda ML_CALL_ARG_A
.7726					_ml_call_jsr:
.7726	20 ff ff	jsr $ffff	    jsr $ffff
.7729	08		php		    php
.772a	8d c6 77	sta $77c6	    sta ML_CALL_RET_A
.772d	8e c7 77	stx $77c7	    stx ML_CALL_RET_X
.7730	8c c8 77	sty $77c8	    sty ML_CALL_RET_Y
.7733	6b		tza		    tza
.7734	8d c9 77	sta $77c9	    sta ML_CALL_RET_Z
.7737	a9 00		lda #$00	    lda #$00
.7739	5b		tad		    tab
.773a	ad c9 77	lda $77c9	    lda ML_CALL_RET_Z
.773d	4b		taz		    taz
.773e	ac c8 77	ldy $77c8	    ldy ML_CALL_RET_Y
.7741	ae c7 77	ldx $77c7	    ldx ML_CALL_RET_X
.7744	ad c6 77	lda $77c6	    lda ML_CALL_RET_A
.7747	28		plp		    plp
.7748	60		rts		    rts
>77c0	00				ML_CALL_TARGET_LO:      .byte $00
>77c1	00				ML_CALL_TARGET_HI:      .byte $00
>77c2	00				ML_CALL_ARG_A:          .byte $00
>77c3	00				ML_CALL_ARG_X:          .byte $00
>77c4	00				ML_CALL_ARG_Y:          .byte $00
>77c5	00				ML_CALL_ARG_Z:          .byte $00
>77c6	00				ML_CALL_RET_A:          .byte $00
>77c7	00				ML_CALL_RET_X:          .byte $00
>77c8	00				ML_CALL_RET_Y:          .byte $00
>77c9	00				ML_CALL_RET_Z:          .byte $00

;******  End of listing
